/**
 * ELIZA SWTPC-6800 Binary Data
 * Decoded from cassette Side B
 * 33313 bytes total
 * 
 * Structure:
 * 0x00000 - 0x00069 (105 bytes): Boot code
 * 0x000C7 - 0x005CD (1286 bytes): Support routines  
 * 0x012DB - 0x07B2C (26705 bytes): MAIN ELIZA PROGRAM
 */

const ELIZA_BINARY_SIDEB = new Uint8Array([
    0x62, 0xC2, 0xF8, 0x68, 0x20, 0x87, 0xB5, 0x0E, 0x32, 0x31, 0xE2, 0xD0, 0x58, 0x25, 0x42, 0xAF,
    0xD4, 0x06, 0x47, 0x45, 0x6D, 0x60, 0x45, 0x5C, 0x06, 0x12, 0x84, 0x46, 0x11, 0xB1, 0xEC, 0x75,
    0x99, 0xC1, 0x5A, 0x27, 0x98, 0xEA, 0x13, 0xCA, 0xAC, 0x36, 0xB9, 0x48, 0x6E, 0x93, 0xAB, 0xE2,
    0x26, 0x98, 0x28, 0x7F, 0x8A, 0x09, 0x71, 0xA3, 0x8B, 0x1C, 0xB6, 0x1B, 0x49, 0x64, 0x9F, 0x32,
    0x48, 0x95, 0xC9, 0x71, 0x52, 0x13, 0x5C, 0x5D, 0x37, 0xC1, 0x55, 0x71, 0x5B, 0x48, 0x1C, 0x06,
    0x00, 0x00, 0x00, 0x00, 0x00, 0x00, 0x00, 0x00, 0x00, 0x00, 0x00, 0x00, 0x00, 0x00, 0x00, 0x00,
    0x00, 0x00, 0x00, 0x00, 0x00, 0x00, 0x00, 0x00, 0xF8, 0xFF, 0xFF, 0xFF, 0xFF, 0xFF, 0xFF, 0xFF,
    0xFF, 0xFF, 0xFF, 0xFF, 0xFF, 0xFF, 0xFF, 0xFF, 0xFF, 0xFF, 0xFF, 0xFF, 0xFF, 0xFF, 0xFF, 0xFF,
    0xFF, 0xFF, 0xFF, 0xFF, 0xFF, 0xFF, 0xFF, 0xFF, 0xFF, 0xFF, 0xFF, 0xFF, 0xFF, 0xFF, 0xFF, 0xFF,
    0xFF, 0xFF, 0xF7, 0xFF, 0xFF, 0xFF, 0xFF, 0xFF, 0xFF, 0xFF, 0xFF, 0xFF, 0xFF, 0xFF, 0xFF, 0xCF,
    0xFF, 0xFF, 0xFF, 0xBF, 0xFF, 0xFF, 0xFF, 0xFF, 0xFF, 0xFF, 0xFF, 0xFF, 0xFF, 0xFF, 0xFF, 0xFF,
    0xFF, 0xFF, 0xFF, 0xFF, 0xFF, 0xFF, 0xFF, 0xFF, 0xFF, 0xFF, 0xFF, 0xFF, 0xFF, 0xFF, 0xFF, 0xFF,
    0xEF, 0xFF, 0xFF, 0xFF, 0xFF, 0xFF, 0xFF, 0x7F, 0x00, 0x00, 0x00, 0x00, 0x00, 0x00, 0x00, 0x00,
    0x00, 0x00, 0x00, 0x00, 0x00, 0x00, 0x00, 0x00, 0x00, 0x00, 0x00, 0x00, 0x00, 0x00, 0x50, 0x00,
    0x00, 0x00, 0x00, 0x80, 0x00, 0x00, 0x00, 0x01, 0x04, 0x02, 0x02, 0x02, 0x40, 0x00, 0x88, 0x00,
    0x00, 0x00, 0x00, 0x00, 0x00, 0xC0, 0x02, 0x80, 0x00, 0x00, 0x00, 0x00, 0x00, 0x00, 0x44, 0x00,
    0x20, 0x00, 0x20, 0x20, 0x48, 0x00, 0x90, 0x40, 0x08, 0x40, 0x0C, 0x00, 0x00, 0x00, 0x40, 0x00,
    0x20, 0x00, 0x00, 0x00, 0x07, 0x01, 0x00, 0x00, 0x00, 0x00, 0x01, 0x25, 0x06, 0x20, 0x08, 0x00,
    0x00, 0x00, 0x85, 0x01, 0x14, 0x08, 0x11, 0x00, 0x00, 0x00, 0x02, 0x08, 0x28, 0x44, 0x80, 0x00,
    0x00, 0x01, 0x40, 0x00, 0x11, 0x00, 0x86, 0x00, 0x00, 0x00, 0x71, 0x02, 0x01, 0x43, 0xB4, 0x07,
    0x29, 0x81, 0x10, 0x10, 0x58, 0x30, 0x90, 0x00, 0x00, 0x20, 0x10, 0x05, 0x30, 0x00, 0x06, 0x06,
    0x81, 0x40, 0x0D, 0x10, 0x00, 0x00, 0x81, 0x00, 0x00, 0x02, 0x02, 0xC0, 0x00, 0x03, 0x08, 0x00,
    0x01, 0x01, 0x22, 0x80, 0x00, 0x10, 0x10, 0x92, 0x08, 0x70, 0x22, 0x00, 0x88, 0x00, 0x00, 0x00,
    0x28, 0x10, 0x19, 0x40, 0x80, 0x00, 0x20, 0x00, 0x18, 0x00, 0x00, 0x00, 0xA5, 0x92, 0x01, 0x20,
    0x00, 0x08, 0x48, 0x00, 0x70, 0x20, 0x00, 0x00, 0x00, 0x04, 0x00, 0x10, 0x00, 0x20, 0x02, 0x08,
    0x00, 0x80, 0x00, 0x00, 0x11, 0x00, 0x40, 0x40, 0x80, 0x84, 0x02, 0x08, 0x80, 0x10, 0x00, 0xC1,
    0x09, 0x12, 0x20, 0x3A, 0x28, 0x80, 0x01, 0x08, 0x80, 0x00, 0x91, 0x11, 0x51, 0x00, 0xC0, 0x10,
    0x41, 0x40, 0x01, 0x01, 0xC0, 0xC4, 0x01, 0x00, 0xC0, 0x90, 0x00, 0x40, 0x40, 0x08, 0x00, 0x00,
    0x00, 0x80, 0x04, 0x00, 0x00, 0x00, 0x00, 0x00, 0x04, 0x00, 0x00, 0x80, 0x04, 0x62, 0x10, 0x83,
    0x20, 0x60, 0x24, 0x02, 0x80, 0x04, 0x22, 0x20, 0x22, 0x60, 0xC4, 0x00, 0x68, 0x20, 0x46, 0x20,
    0x8E, 0xEC, 0x28, 0x02, 0x02, 0x00, 0x02, 0x00, 0x00, 0x20, 0x00, 0x00, 0x00, 0x00, 0x04, 0x00,
    0x0A, 0x00, 0x48, 0x0C, 0x04, 0x00, 0x00, 0xE0, 0x04, 0x00, 0x00, 0x00, 0x20, 0x00, 0xA8, 0x44,
    0x00, 0x00, 0x08, 0x06, 0x10, 0x04, 0x80, 0x80, 0x06, 0x31, 0x06, 0x01, 0x80, 0x03, 0x22, 0x00,
    0x11, 0x1B, 0x50, 0x00, 0x22, 0x40, 0x20, 0x00, 0x00, 0x35, 0x01, 0x53, 0x01, 0x90, 0x04, 0x30,
    0x10, 0x00, 0x00, 0x00, 0x00, 0x47, 0x18, 0x00, 0x21, 0xB7, 0x00, 0x00, 0x00, 0x00, 0x20, 0x9B,
    0x88, 0x10, 0x00, 0x00, 0x00, 0x96, 0x00, 0x00, 0x01, 0x68, 0x00, 0x08, 0x10, 0x20, 0x80, 0x0C,
    0x40, 0x30, 0x01, 0x02, 0x08, 0x00, 0x21, 0x02, 0x00, 0x00, 0x00, 0x10, 0x10, 0x00, 0x10, 0x80,
    0x91, 0x01, 0x80, 0x00, 0x00, 0x80, 0x08, 0x10, 0x00, 0x00, 0x00, 0x20, 0x1B, 0x04, 0x20, 0x00,
    0xC0, 0x30, 0x01, 0x00, 0x00, 0x05, 0x00, 0x00, 0xD0, 0x20, 0x82, 0x06, 0x89, 0x08, 0x44, 0x88,
    0x00, 0x82, 0x00, 0x40, 0x40, 0x10, 0x06, 0x0A, 0x00, 0x00, 0xE0, 0x88, 0x00, 0x08, 0x40, 0x00,
    0x00, 0x06, 0x06, 0x20, 0x28, 0x0A, 0x00, 0x00, 0x44, 0x00, 0x00, 0x6C, 0x00, 0x00, 0x00, 0x32,
    0x48, 0x44, 0x00, 0x00, 0x00, 0x00, 0x02, 0x02, 0x04, 0x02, 0x08, 0x00, 0x00, 0x04, 0x00, 0x01,
    0x01, 0x00, 0x33, 0x08, 0x80, 0x42, 0x04, 0x00, 0x08, 0x00, 0x04, 0x00, 0x21, 0x02, 0x00, 0x00,
    0x00, 0x00, 0x92, 0x01, 0x01, 0x00, 0x80, 0x80, 0x00, 0x39, 0x10, 0x00, 0x08, 0x00, 0x00, 0x00,
    0x19, 0x00, 0x84, 0x04, 0x0C, 0x00, 0x80, 0xC2, 0x00, 0x00, 0x80, 0x10, 0x01, 0x00, 0x40, 0x80,
    0x00, 0x00, 0x0C, 0x0A, 0x51, 0x00, 0x0D, 0x01, 0x00, 0x00, 0x40, 0x8C, 0x08, 0x00, 0x11, 0x60,
    0x06, 0xE8, 0x30, 0x0A, 0x01, 0x20, 0x00, 0x00, 0x01, 0xE0, 0x00, 0x08, 0x0A, 0x00, 0x40, 0x02,
    0x60, 0x08, 0x00, 0x02, 0x00, 0x00, 0x00, 0xA2, 0x10, 0x00, 0x00, 0x08, 0x20, 0x60, 0x05, 0x00,
    0x00, 0x00, 0x01, 0x10, 0x40, 0x52, 0x01, 0x00, 0x00, 0x04, 0x38, 0x12, 0x01, 0x01, 0x00, 0x20,
    0x10, 0x00, 0x00, 0x10, 0x02, 0x01, 0x40, 0x36, 0x08, 0x08, 0x00, 0x00, 0x23, 0x02, 0x00, 0x01,
    0x00, 0x19, 0x02, 0x00, 0x10, 0x21, 0x02, 0x01, 0x80, 0x00, 0x00, 0x00, 0x03, 0x00, 0x00, 0x00,
    0x00, 0x00, 0xB0, 0x44, 0x50, 0x00, 0x40, 0x5C, 0x00, 0x15, 0x61, 0x00, 0x80, 0x0E, 0x51, 0x02,
    0x00, 0x00, 0x00, 0xC0, 0x10, 0x08, 0x18, 0x00, 0x00, 0x40, 0x10, 0x00, 0x00, 0xE5, 0x02, 0x46,
    0x04, 0x00, 0x00, 0x00, 0x00, 0x00, 0xA0, 0x08, 0x00, 0x00, 0x02, 0x30, 0x40, 0x00, 0x30, 0x20,
    0x00, 0x0A, 0x20, 0x00, 0x80, 0x4A, 0x04, 0x08, 0x15, 0x00, 0x20, 0x04, 0x00, 0x48, 0x03, 0x00,
    0x00, 0x00, 0x00, 0x06, 0x00, 0x00, 0x00, 0x00, 0x92, 0x08, 0x00, 0x10, 0x01, 0x01, 0x80, 0x00,
    0x00, 0x80, 0x01, 0x01, 0x00, 0x00, 0x00, 0x80, 0x01, 0x01, 0x00, 0x08, 0x01, 0x0C, 0x12, 0x00,
    0x40, 0x80, 0x89, 0x60, 0x40, 0x00, 0x0D, 0x08, 0x00, 0x05, 0x01, 0x04, 0x00, 0x00, 0x80, 0x88,
    0x00, 0x00, 0x00, 0x00, 0x90, 0x0C, 0x00, 0x00, 0x10, 0x00, 0x00, 0x02, 0x04, 0x00, 0x20, 0x00,
    0x80, 0xA2, 0x00, 0x00, 0x20, 0x00, 0x00, 0x48, 0x06, 0x01, 0x00, 0x00, 0x03, 0x00, 0x88, 0x01,
    0x80, 0x13, 0x40, 0x51, 0x93, 0x30, 0x80, 0x49, 0x26, 0x88, 0x90, 0x00, 0x00, 0x00, 0x00, 0x00,
    0x02, 0x00, 0x00, 0x84, 0x38, 0x80, 0x28, 0x00, 0x08, 0x00, 0xA2, 0x28, 0x08, 0x00, 0x00, 0x08,
    0x00, 0x20, 0x11, 0x00, 0x00, 0x00, 0x04, 0x19, 0x42, 0x14, 0x10, 0x50, 0x00, 0x8A, 0x45, 0x01,
    0x00, 0x80, 0x80, 0x0C, 0x00, 0x68, 0x00, 0x42, 0x00, 0x46, 0x40, 0x48, 0x0C, 0x01, 0x02, 0x00,
    0x24, 0x42, 0x04, 0x04, 0x00, 0x04, 0xC4, 0x12, 0x00, 0x00, 0x20, 0x00, 0x00, 0x28, 0x08, 0x03,
    0x21, 0x97, 0x00, 0x01, 0x00, 0x00, 0x14, 0x04, 0x00, 0x01, 0x00, 0x00, 0x00, 0x70, 0x09, 0x00,
    0x00, 0x41, 0x18, 0x04, 0x61, 0x49, 0x10, 0x03, 0x80, 0x00, 0x00, 0x00, 0x80, 0x00, 0x10, 0x00,
    0x00, 0x00, 0xD0, 0x44, 0x34, 0x01, 0x01, 0x08, 0x44, 0x50, 0x11, 0x04, 0x00, 0x95, 0x08, 0x00,
    0x00, 0x88, 0x00, 0x06, 0x24, 0x50, 0x00, 0x02, 0x02, 0x22, 0x40, 0x0C, 0x0C, 0x00, 0x00, 0x02,
    0x00, 0xC0, 0x06, 0x01, 0x00, 0x00, 0x20, 0x00, 0x00, 0x00, 0x62, 0x08, 0x00, 0x00, 0x00, 0x00,
    0x10, 0x64, 0x00, 0x00, 0x00, 0x00, 0x04, 0x08, 0x20, 0x29, 0x88, 0x00, 0x01, 0x08, 0xA0, 0x22,
    0x04, 0x00, 0x08, 0x00, 0x88, 0x18, 0x10, 0x00, 0x00, 0x1C, 0x01, 0x00, 0x00, 0x00, 0x80, 0xD8,
    0x00, 0x00, 0x04, 0x00, 0x10, 0x00, 0x00, 0x40, 0x01, 0x00, 0x40, 0x44, 0x00, 0x00, 0x00, 0x00,
    0x8C, 0x08, 0x00, 0x00, 0x00, 0x00, 0x00, 0x6C, 0x00, 0x00, 0x80, 0xC0, 0x04, 0x00, 0x00, 0x20,
    0x20, 0x48, 0x10, 0x01, 0x23, 0x00, 0x00, 0x10, 0x21, 0x07, 0x02, 0x00, 0x11, 0x00, 0x00, 0x00,
    0x43, 0x02, 0x00, 0x01, 0x01, 0x23, 0x02, 0x00, 0x00, 0x00, 0x00, 0x14, 0x84, 0x08, 0x00, 0x00,
    0x30, 0x00, 0x00, 0x00, 0x00, 0xA0, 0x21, 0x0B, 0x00, 0x00, 0x00, 0x80, 0x80, 0x08, 0x12, 0x10,
    0x00, 0x08, 0x11, 0x08, 0x00, 0x0C, 0x00, 0xC0, 0x00, 0x80, 0x00, 0x00, 0x04, 0xC0, 0x14, 0x00,
    0x40, 0x40, 0x88, 0x0D, 0x00, 0x4E, 0x0E, 0x27, 0x20, 0x20, 0x2A, 0x20, 0xC4, 0x40, 0x00, 0x00,
    0x02, 0x00, 0x00, 0x01, 0x0E, 0x00, 0x00, 0x00, 0x80, 0x00, 0x4C, 0x06, 0x11, 0x11, 0x4A, 0x00,
    0x00, 0x00, 0x01, 0x00, 0x10, 0x20, 0x50, 0x00, 0x08, 0x00, 0x00, 0x30, 0x02, 0x10, 0x00, 0x09,
    0x00, 0x00, 0x3A, 0x02, 0x00, 0x00, 0x00, 0x00, 0x80, 0x21, 0x04, 0x30, 0x04, 0x40, 0x21, 0xE0,
    0xC1, 0x04, 0x8C, 0x02, 0x00, 0x04, 0x44, 0x90, 0x08, 0x0D, 0x00, 0x00, 0x01, 0x00, 0x00, 0x00,
    0x00, 0x40, 0x00, 0x01, 0x12, 0x00, 0x00, 0x00, 0x40, 0x00, 0x80, 0x00, 0x00, 0x00, 0x02, 0x01,
    0x10, 0x02, 0x00, 0x02, 0x20, 0x16, 0x02, 0x03, 0x01, 0x00, 0x82, 0x21, 0x49, 0x40, 0x00, 0x01,
    0x00, 0x00, 0x00, 0xE0, 0x08, 0x0A, 0xC3, 0x02, 0x40, 0xA0, 0x80, 0x8D, 0x08, 0x00, 0x80, 0x14,
    0x38, 0x00, 0x02, 0x00, 0x42, 0x46, 0x00, 0x01, 0x00, 0x00, 0x10, 0x14, 0x40, 0x00, 0x80, 0x80,
    0x40, 0x00, 0x8B, 0x40, 0x02, 0x40, 0x00, 0x20, 0x20, 0x04, 0x01, 0x00, 0x40, 0x02, 0x03, 0x00,
    0x03, 0x00, 0x02, 0xA0, 0x11, 0x80, 0x00, 0x10, 0x08, 0x10, 0x15, 0x01, 0x03, 0x06, 0x12, 0x01,
    0x08, 0x21, 0x00, 0x08, 0x00, 0x5A, 0x80, 0x91, 0xC0, 0x14, 0x04, 0x00, 0x20, 0x09, 0x01, 0x00,
    0x40, 0x18, 0x08, 0xC0, 0x05, 0x00, 0x00, 0x41, 0x01, 0x5C, 0x4C, 0x8C, 0x04, 0xC1, 0x01, 0xC8,
    0x00, 0x04, 0x20, 0x40, 0x88, 0x00, 0x20, 0xA4, 0xC2, 0x02, 0x08, 0x20, 0x03, 0x02, 0x34, 0x30,
    0x70, 0x51, 0x10, 0x05, 0x71, 0x02, 0x31, 0x03, 0x03, 0x00, 0x01, 0x00, 0x80, 0xFF, 0xFF, 0xFF,
    0xFF, 0xFF, 0xFF, 0xFF, 0xFF, 0xFF, 0xFF, 0xFF, 0xFF, 0xFF, 0xFF, 0xFF, 0xFF, 0xFF, 0xFF, 0xFF,
    0xFF, 0xFF, 0xFF, 0xFF, 0xFF, 0xFF, 0xFF, 0xFF, 0xFF, 0xFF, 0xFF, 0xFF, 0xFF, 0xFF, 0xFF, 0xFF,
    0xFF, 0xFF, 0xFF, 0xFF, 0xFF, 0xFF, 0xFF, 0xFF, 0xFF, 0xFF, 0xFF, 0xFF, 0xFF, 0xFF, 0xFF, 0xFF,
    0xFF, 0xFF, 0xFF, 0xFF, 0xFF, 0xFF, 0xFF, 0xFF, 0xFF, 0xFF, 0xFF, 0xFF, 0xFF, 0xFF, 0xFF, 0xFF,
    0xFF, 0xFF, 0xFF, 0xFF, 0xFF, 0xFF, 0xFF, 0xFF, 0xFF, 0xFF, 0xFF, 0xFF, 0xFF, 0xFF, 0xFF, 0xFF,
    0xFF, 0xFF, 0xFF, 0xFF, 0xFF, 0xFF, 0xFF, 0xFF, 0xFF, 0xFF, 0xFF, 0xFF, 0xFF, 0xFF, 0xFF, 0xFF,
    0xFF, 0xFF, 0xFF, 0xFF, 0xFF, 0xFF, 0xFF, 0xFF, 0xFF, 0xFF, 0xFF, 0xFF, 0xFF, 0xFF, 0xFF, 0xFF,
    0xFF, 0xFF, 0xFF, 0xFF, 0xFF, 0xFF, 0xFF, 0xFF, 0xFF, 0xFF, 0xFF, 0xFF, 0xFF, 0xFF, 0xFF, 0xFF,
    0xFF, 0xFF, 0xFF, 0xFF, 0xFF, 0xFF, 0xFF, 0xFF, 0xFF, 0xFF, 0xFF, 0xFF, 0xFF, 0xFF, 0xFF, 0xFF,
    0xFF, 0xFF, 0xFF, 0xFF, 0xFF, 0xFF, 0xFF, 0xFF, 0xFF, 0xFF, 0xFF, 0xFF, 0xFF, 0xFF, 0xFF, 0xFF,
    0xFF, 0xFF, 0xFF, 0xFF, 0xFF, 0xFF, 0xFF, 0xFF, 0xFF, 0xFF, 0xFF, 0xFF, 0xFF, 0xFF, 0xFF, 0xFF,
    0xFF, 0xFF, 0xFF, 0xFF, 0xFF, 0xFF, 0xFF, 0xFF, 0xFF, 0xFF, 0xFF, 0xFF, 0xFF, 0xFF, 0xFF, 0xFF,
    0xFF, 0xFF, 0xFF, 0xFF, 0xFF, 0xFF, 0xFF, 0xFF, 0xFF, 0xFF, 0xFF, 0xFF, 0xFF, 0xFF, 0xFF, 0xFF,
    0xFF, 0xFF, 0xFF, 0xFF, 0xFF, 0xFF, 0xFF, 0xFF, 0xFF, 0xFF, 0xFF, 0xFF, 0xFF, 0xFF, 0xFF, 0xFF,
    0xFF, 0xFF, 0xFF, 0xFF, 0xFF, 0xFF, 0xFF, 0xFF, 0xFF, 0xFF, 0xFF, 0xFF, 0xFF, 0xFF, 0xFF, 0xFF,
    0xFF, 0xFF, 0xFF, 0xFF, 0xFF, 0xFF, 0xFF, 0xFF, 0xFF, 0xFF, 0xFF, 0xFF, 0xFF, 0xFF, 0xFF, 0xFF,
    0xFF, 0xFF, 0xFF, 0xFF, 0xFF, 0xFF, 0xFF, 0xFF, 0xFF, 0xFF, 0xFF, 0xFF, 0xFF, 0xFF, 0xFF, 0xFF,
    0xFF, 0xFF, 0xFF, 0xFF, 0xFF, 0xFF, 0xFF, 0xFF, 0xFF, 0xFF, 0xFF, 0xFF, 0xFF, 0xFF, 0xFF, 0xFF,
    0xFF, 0xFF, 0xFF, 0xFF, 0xFF, 0xFF, 0xFF, 0xFF, 0xFF, 0xFF, 0xFF, 0xFF, 0xFF, 0xFF, 0xFF, 0xFF,
    0xFF, 0xFF, 0xFF, 0xFF, 0xFF, 0xFF, 0xFF, 0xFF, 0xFF, 0xFF, 0xFF, 0xFF, 0xFF, 0x01, 0x00, 0x00,
    0x00, 0x00, 0x00, 0x00, 0x00, 0x00, 0x00, 0x00, 0x00, 0x00, 0x00, 0x00, 0x00, 0x00, 0x00, 0x00,
    0x00, 0x00, 0x60, 0x22, 0x01, 0x08, 0x11, 0x20, 0x20, 0x0A, 0x00, 0x00, 0x00, 0x10, 0x18, 0x81,
    0x0C, 0x20, 0x0D, 0x6E, 0x57, 0x3E, 0x5A, 0x00, 0x40, 0x28, 0x14, 0x00, 0x08, 0x06, 0x18, 0x4F,
    0xE7, 0xB7, 0x79, 0xFF, 0xFF, 0xEF, 0x00, 0x08, 0x20, 0xA4, 0x87, 0xA0, 0xE0, 0x8A, 0xAE, 0x00,
    0x00, 0x00, 0x08, 0x40, 0xFF, 0xFF, 0xFF, 0x5F, 0x40, 0x00, 0x21, 0x80, 0xFE, 0x93, 0xDC, 0x6D,
    0xFF, 0xFB, 0xFF, 0xFF, 0xED, 0xFF, 0x7F, 0x3E, 0xFC, 0xDE, 0x01, 0x49, 0x00, 0x62, 0x4E, 0x00,
    0x00, 0xD0, 0xFD, 0xE6, 0x37, 0x28, 0xFF, 0x7F, 0x66, 0xE5, 0x6B, 0xFF, 0xFF, 0xFF, 0xBF, 0xFF,
    0xBF, 0xBF, 0xFE, 0xEE, 0xFD, 0xFD, 0xFF, 0x5F, 0xF6, 0x19, 0xB7, 0xFF, 0xBF, 0x34, 0x3A, 0x5F,
    0xF5, 0xFF, 0xDF, 0xF1, 0x7F, 0x53, 0x9F, 0xF8, 0x00, 0x20, 0x80, 0x8C, 0x00, 0x10, 0x90, 0x83,
    0x80, 0x0D, 0x5B, 0x22, 0x41, 0x1C, 0x11, 0x00, 0x04, 0x08, 0x00, 0x42, 0x00, 0x80, 0x00, 0x00,
    0x28, 0x04, 0x00, 0x00, 0xFE, 0xFF, 0xFF, 0xA7, 0xFB, 0x19, 0x20, 0x40, 0x40, 0x84, 0x00, 0x30,
    0x10, 0x00, 0x44, 0x20, 0x0D, 0x48, 0x21, 0x00, 0x00, 0xF8, 0xFF, 0x7F, 0x73, 0x00, 0x90, 0x14,
    0x21, 0xA2, 0x86, 0x1F, 0xE4, 0xFF, 0x7F, 0x9F, 0xFC, 0xDF, 0x6D, 0x7D, 0xB1, 0x7F, 0xDF, 0xE0,
    0x43, 0xFF, 0xE5, 0xAF, 0x4D, 0xDF, 0x28, 0x07, 0x04, 0x00, 0x70, 0x5D, 0x36, 0xA5, 0x58, 0x0D,
    0xE2, 0xFB, 0x0D, 0x58, 0xAB, 0x6D, 0xAC, 0x93, 0x8A, 0xA0, 0xB9, 0xBA, 0x68, 0x0E, 0x30, 0xEA,
    0x60, 0xAA, 0xD0, 0xEC, 0x20, 0x87, 0x95, 0x0E, 0x36, 0xF8, 0x32, 0x22, 0x5A, 0x6D, 0x52, 0x39,
    0xF1, 0xFF, 0xFF, 0xC7, 0x6D, 0x71, 0x60, 0x59, 0x54, 0xBB, 0xCC, 0x4C, 0xB7, 0x39, 0xAC, 0x74,
    0x99, 0xCA, 0x72, 0x34, 0x9C, 0xAA, 0x37, 0x5A, 0xA1, 0x36, 0x29, 0xF4, 0xFF, 0x93, 0x33, 0xE7,
    0xA5, 0x18, 0x2A, 0x3F, 0x82, 0xD9, 0x6B, 0xA9, 0x81, 0x1C, 0xB6, 0x8A, 0xEA, 0x44, 0x99, 0x79,
    0x69, 0xB7, 0xC1, 0x71, 0x52, 0xCA, 0x2C, 0x5D, 0xEF, 0xFF, 0x7F, 0xF2, 0xFF, 0xFF, 0xFF, 0xFF,
    0xFF, 0xFF, 0xFF, 0xFF, 0xFF, 0xDF, 0xFF, 0xF6, 0x61, 0xAC, 0xFF, 0xFE, 0x34, 0x20, 0x8C, 0x25,
    0x11, 0x35, 0x62, 0x24, 0x97, 0x64, 0x81, 0xA3, 0x6A, 0x62, 0x46, 0xFF, 0xFF, 0xBF, 0xDF, 0xEB,
    0x62, 0xDF, 0xB5, 0x8E, 0x02, 0x25, 0x00, 0xCB, 0x4E, 0x2D, 0x72, 0x1E, 0x59, 0x04, 0x57, 0x16,
    0xF8, 0x47, 0x0B, 0xF6, 0x70, 0xF5, 0xD7, 0x72, 0x73, 0xE7, 0x68, 0x35, 0xF9, 0xAC, 0x10, 0x11,
    0x0E, 0x6A, 0x98, 0xAA, 0xEB, 0x26, 0x90, 0x13, 0x6E, 0x03, 0xA9, 0xC3, 0xA1, 0xF0, 0x3E, 0xDF,
    0x9A, 0x58, 0x41, 0xFF, 0xA7, 0x42, 0xB7, 0x0B, 0x5A, 0x70, 0x93, 0x50, 0x45, 0x27, 0xC1, 0x51,
    0x71, 0xA3, 0x49, 0x14, 0x0E, 0xCD, 0x70, 0xA0, 0xDA, 0x64, 0x0E, 0x2F, 0xC9, 0x60, 0xBB, 0xDE,
    0x90, 0xB7, 0x17, 0xF4, 0x68, 0xA9, 0x4D, 0xAC, 0x8A, 0x93, 0x40, 0x82, 0xF0, 0x09, 0xAC, 0x0C,
    0xDD, 0x0A, 0x5A, 0x18, 0x28, 0x90, 0x13, 0xB3, 0xFE, 0xD0, 0x8E, 0x26, 0xC6, 0xA1, 0x7C, 0x33,
    0xE5, 0xBF, 0x26, 0x47, 0x96, 0x4D, 0x34, 0x61, 0x70, 0x16, 0x51, 0xC6, 0x7A, 0x97, 0x39, 0x2C,
    0x17, 0x7A, 0xFF, 0xFF, 0xFF, 0xFF, 0x48, 0x15, 0xA3, 0xE0, 0x35, 0xB8, 0xB8, 0x66, 0x23, 0x81,
    0xC2, 0x02, 0x10, 0x38, 0xB6, 0xBA, 0xC8, 0x65, 0x3D, 0x0A, 0x4E, 0x95, 0x2B, 0xB6, 0x76, 0x1A,
    0x1D, 0x6C, 0x25, 0xC1, 0x55, 0xF5, 0x12, 0x58, 0x11, 0x16, 0x41, 0x84, 0xF0, 0xD1, 0x41, 0x8F,
    0x6F, 0x9D, 0xE4, 0x82, 0xCE, 0x6D, 0xB5, 0x4A, 0xC4, 0x78, 0xA9, 0xC9, 0xAE, 0x8C, 0x9B, 0xC0,
    0xAE, 0xB0, 0x0D, 0x26, 0x0E, 0xAF, 0x06, 0x42, 0x58, 0xEB, 0x20, 0x86, 0xAD, 0x02, 0x02, 0x91,
    0x66, 0x40, 0xC6, 0x6D, 0x76, 0x11, 0x95, 0x06, 0x27, 0x95, 0x41, 0x30, 0x41, 0x78, 0x14, 0x13,
    0xCA, 0x46, 0x16, 0xB9, 0x2C, 0x67, 0xD2, 0xAB, 0x3A, 0x47, 0xC4, 0x4A, 0x9A, 0xC3, 0xA5, 0x34,
    0xA8, 0x2A, 0x4E, 0x02, 0xF9, 0xFF, 0xBF, 0x99, 0x95, 0xF4, 0x3A, 0xCC, 0x43, 0xB5, 0x43, 0x44,
    0xD6, 0x3B, 0x1B, 0x74, 0xBB, 0x98, 0x2F, 0xB7, 0xC9, 0x55, 0x71, 0x0B, 0x88, 0x11, 0x17, 0xC1,
    0xD4, 0xE1, 0xD1, 0x40, 0x0E, 0x6B, 0xCD, 0x7F, 0xB7, 0xDF, 0x24, 0xA2, 0xCA, 0x85, 0x54, 0xAA,
    0x4D, 0x0E, 0x96, 0xDE, 0x8C, 0xE3, 0x3A, 0x09, 0xA4, 0x08, 0x8F, 0x60, 0x72, 0x5D, 0xE8, 0x22,
    0x87, 0xF5, 0x44, 0xBA, 0xD9, 0xA3, 0xE8, 0x48, 0x65, 0x72, 0xBC, 0x14, 0x06, 0x55, 0xDF, 0xFF,
    0xE7, 0x65, 0xDC, 0x1D, 0x32, 0x85, 0x4E, 0x17, 0x39, 0xAC, 0x75, 0xB1, 0x8B, 0x32, 0x33, 0x97,
    0x2A, 0x17, 0x0F, 0xE1, 0x36, 0x29, 0xBA, 0x0E, 0x83, 0xB3, 0xC2, 0x22, 0x98, 0x30, 0x2C, 0x0A,
    0x08, 0xE1, 0xA5, 0xC9, 0x5E, 0x16, 0x9B, 0x99, 0x56, 0xB9, 0x50, 0x09, 0xB4, 0xFC, 0x3F, 0x76,
    0x8B, 0x38, 0x15, 0x25, 0xC1, 0x14, 0x61, 0x53, 0x44, 0x88, 0x0A, 0x5D, 0xA4, 0xB0, 0x18, 0x64,
    0x27, 0xCA, 0x14, 0x11, 0xAB, 0x0D, 0x9E, 0x97, 0xCA, 0xE0, 0xAA, 0x38, 0x0D, 0xA4, 0x0C, 0x9B,
    0xE0, 0xC2, 0xD0, 0x28, 0x20, 0x86, 0xA5, 0x0E, 0x73, 0x51, 0x6E, 0x26, 0x5A, 0xE5, 0xC2, 0x35,
    0xD4, 0x76, 0x15, 0xDF, 0x2D, 0x60, 0x64, 0xDC, 0x14, 0x12, 0x86, 0x45, 0x03, 0xB1, 0xEC, 0x77,
    0x91, 0xC3, 0x4A, 0x27, 0x68, 0xB6, 0x05, 0x6A, 0xE9, 0x36, 0x08, 0xCA, 0x6A, 0x83, 0xAB, 0xEB,
    0x24, 0x98, 0x20, 0x3C, 0x0A, 0x29, 0x61, 0xA3, 0x83, 0x1C, 0x96, 0x1B, 0x48, 0x44, 0x9D, 0x22,
    0x4E, 0x97, 0xE0, 0x7B, 0x74, 0xDB, 0x15, 0x5D, 0x27, 0xC5, 0x95, 0x71, 0x13, 0x4C, 0x1C, 0x9A,
    0x0D, 0xE4, 0xB0, 0xD6, 0x60, 0x0E, 0x6A, 0xCC, 0x5C, 0x2B, 0x4F, 0x88, 0xA6, 0xDA, 0xE4, 0x20,
    0x28, 0x09, 0x28, 0x8A, 0xC7, 0x40, 0x8A, 0xF0, 0x28, 0x26, 0x85, 0xBD, 0x2C, 0x33, 0x58, 0xCB,
    0x06, 0x13, 0xFD, 0xCA, 0x08, 0xDD, 0xA2, 0xC7, 0xCB, 0x2D, 0x72, 0x57, 0x3C, 0x04, 0x12, 0x86,
    0x55, 0x31, 0x21, 0x6C, 0x66, 0x90, 0xC7, 0x5B, 0x47, 0x99, 0x2A, 0x73, 0xF4, 0xAD, 0x12, 0x3B,
    0x6E, 0x6A, 0x83, 0x82, 0xEA, 0x25, 0xB8, 0x22, 0x7E, 0x82, 0x09, 0x43, 0xA1, 0x81, 0x1C, 0x1E,
    0xBB, 0xCC, 0x40, 0x9D, 0x58, 0x2B, 0x17, 0x08, 0x38, 0x72, 0x9B, 0x1C, 0x31, 0x67, 0x09, 0xC5,
    0x71, 0x93, 0x48, 0x10, 0xD6, 0xB7, 0xE4, 0xF8, 0xDE, 0x41, 0x6A, 0xEB, 0xCD, 0x6A, 0xB2, 0xCD,
    0x19, 0xB5, 0x92, 0xE4, 0x38, 0xA9, 0x4D, 0x8A, 0x8A, 0x93, 0xC0, 0x8A, 0xB8, 0x2C, 0x26, 0x04,
    0x8D, 0x06, 0x52, 0x78, 0xEB, 0x24, 0x13, 0x75, 0xE6, 0x8E, 0x55, 0xA2, 0xD6, 0xC5, 0x65, 0xF8,
    0x74, 0xBD, 0x04, 0x57, 0xC4, 0x4D, 0x30, 0x65, 0x68, 0x14, 0x10, 0xC3, 0x5A, 0x03, 0x39, 0x2C,
    0x33, 0xAA, 0xAF, 0x32, 0xF1, 0xDC, 0x4A, 0x93, 0x81, 0xA0, 0x25, 0x20, 0x2A, 0x7A, 0x82, 0x09,
    0xE2, 0xAF, 0x98, 0x5C, 0x36, 0xBA, 0xE0, 0xE5, 0xB1, 0xEB, 0x4D, 0xD6, 0x29, 0x3A, 0xF6, 0x1A,
    0x1C, 0x27, 0xB5, 0x41, 0x55, 0x61, 0x10, 0xCC, 0x10, 0x36, 0xC5, 0x94, 0xF1, 0xD8, 0x40, 0x0E,
    0x9F, 0x9D, 0x66, 0xB2, 0xCD, 0x88, 0xA0, 0xCA, 0xD4, 0x3F, 0xB9, 0xFD, 0x4B, 0x8A, 0x11, 0xA4,
    0xC2, 0xF8, 0x09, 0x26, 0x8C, 0x8F, 0xCE, 0x6A, 0x58, 0x6B, 0x30, 0x17, 0xC5, 0xC2, 0x2A, 0x55,
    0x2E, 0xFE, 0x42, 0x6D, 0x53, 0x31, 0xF5, 0x24, 0x15, 0xC6, 0x69, 0x30, 0x45, 0x78, 0x14, 0x73,
    0xD1, 0x47, 0x06, 0x3D, 0x2C, 0x77, 0x81, 0xA9, 0x56, 0x47, 0xC7, 0x4A, 0x91, 0xE3, 0xA5, 0x16,
    0xA8, 0xAA, 0x5A, 0x02, 0x29, 0xC2, 0x2F, 0x83, 0x33, 0x34, 0x3A, 0xC8, 0x69, 0xB5, 0x83, 0x5C,
    0x96, 0xB9, 0x27, 0x56, 0xB9, 0xF8, 0x2B, 0xB7, 0x49, 0x51, 0x71, 0x9A, 0x18, 0x14, 0x96, 0xC5,
    0x84, 0xE1, 0xD1, 0x60, 0x08, 0x7B, 0x5D, 0xE6, 0xB0, 0x59, 0xA1, 0x27, 0x5A, 0x85, 0x7B, 0xA8,
    0x0D, 0x8A, 0x84, 0xCA, 0xE0, 0xAA, 0xBA, 0x29, 0x26, 0x8C, 0x8F, 0x62, 0x72, 0x5D, 0xE9, 0x32,
    0x87, 0xF5, 0x44, 0x32, 0xD1, 0xE7, 0x80, 0x50, 0x2D, 0x62, 0x9C, 0xD4, 0x06, 0x07, 0xD7, 0x4B,
    0x20, 0x41, 0xD8, 0x16, 0x33, 0x87, 0x46, 0x07, 0x39, 0x2C, 0x75, 0x90, 0xC9, 0x72, 0xB1, 0xD5,
    0x6A, 0x16, 0x26, 0xA5, 0x36, 0x38, 0x28, 0x4E, 0x02, 0xBB, 0xE2, 0x22, 0x98, 0x32, 0x3C, 0x1A,
    0x08, 0x61, 0xAF, 0xC9, 0x1C, 0x76, 0x1B, 0xC8, 0x44, 0x8D, 0x31, 0x67, 0xB5, 0xC9, 0xD1, 0x74,
    0x1B, 0x9C, 0x1D, 0x2F, 0xC1, 0x44, 0x71, 0x51, 0x4C, 0x08, 0x0B, 0x1D, 0xE4, 0xB0, 0xDC, 0x40,
    0x36, 0xFB, 0x5D, 0x51, 0x7B, 0x4D, 0x84, 0x97, 0xDA, 0xA0, 0xEA, 0x7A, 0x0D, 0xAC, 0x0A, 0x9B,
    0x60, 0xC2, 0xF8, 0x2C, 0x20, 0x86, 0xBD, 0x0E, 0x32, 0xD1, 0xA6, 0xC2, 0x52, 0xE5, 0xC0, 0xB8,
    0xDC, 0x26, 0x07, 0x53, 0x49, 0x60, 0x44, 0xFC, 0x04, 0x53, 0x84, 0x45, 0x81, 0xFE, 0xFF, 0xFF,
    0xFF, 0xFF, 0xFF, 0xFF, 0xFF, 0xFF, 0xFF, 0xFF, 0xFF, 0xFF, 0xFF, 0xFF, 0xFF, 0xFF, 0xFF, 0xFF,
    0xFF, 0xFF, 0xFF, 0xFF, 0xFF, 0xFF, 0xFF, 0xFF, 0xFF, 0xFF, 0xFF, 0xFF, 0xFF, 0xFF, 0xFF, 0xFF,
    0xFF, 0xFF, 0xFF, 0xFF, 0xFF, 0xFF, 0xFF, 0xFF, 0xFF, 0xFF, 0xFF, 0xFF, 0xFF, 0xFF, 0xFF, 0xFF,
    0xFF, 0xFF, 0xFF, 0xFF, 0xFF, 0xFF, 0xFF, 0xFF, 0xFF, 0xFF, 0xFF, 0xFF, 0xFF, 0xFF, 0xFF, 0xFF,
    0xFF, 0xFF, 0xFF, 0xFF, 0xFF, 0xFF, 0xFF, 0xFF, 0xFF, 0xFF, 0xFF, 0xFF, 0xFF, 0xFF, 0xFF, 0xFF,
    0xFF, 0xFF, 0xFF, 0xFF, 0xFF, 0xFF, 0xFF, 0xFF, 0xFF, 0xFF, 0xFF, 0xFF, 0xFF, 0xFF, 0xFF, 0xFF,
    0xFF, 0xFF, 0xFF, 0xFF, 0xFF, 0xFF, 0xFF, 0xFF, 0xFF, 0xFF, 0xFF, 0xFF, 0xFF, 0xFF, 0xFF, 0xFF,
    0xFF, 0xFF, 0xFF, 0xFF, 0xFF, 0xFF, 0xFF, 0xFF, 0xFF, 0xFF, 0xFF, 0xFF, 0xFF, 0xFF, 0xFF, 0xFF,
    0xFF, 0xFF, 0xFF, 0xFF, 0xFF, 0xFF, 0xFF, 0xFF, 0xFF, 0xFF, 0xFF, 0xFF, 0xFF, 0xFF, 0xFF, 0xFF,
    0xFF, 0xFF, 0xFF, 0xFF, 0xFF, 0xFF, 0xFF, 0xFF, 0xFF, 0xFF, 0xFF, 0xFF, 0xFF, 0xFF, 0xFF, 0xFF,
    0xFF, 0xFF, 0xFF, 0xFF, 0xFF, 0xFF, 0xFF, 0xFF, 0xFF, 0xFF, 0xFF, 0xFF, 0xFF, 0xFF, 0xFF, 0xFF,
    0xFF, 0xFF, 0xFF, 0xFF, 0xFF, 0xFF, 0xFF, 0xFF, 0xFF, 0xFF, 0xFF, 0xFF, 0xFF, 0xFF, 0xFF, 0xFF,
    0xFF, 0xFF, 0xFF, 0xFF, 0xFF, 0xFF, 0xFF, 0xFF, 0xFF, 0xFF, 0xFF, 0xFF, 0xFF, 0xFF, 0xFF, 0xFF,
    0xFF, 0xFF, 0xFF, 0xFF, 0xFF, 0xFF, 0xFF, 0xFF, 0xFF, 0xFF, 0xFF, 0xFF, 0xFF, 0xFF, 0xFF, 0xFF,
    0xFF, 0xFF, 0xFF, 0xFF, 0xFF, 0xFF, 0xFF, 0xFF, 0xFF, 0xFF, 0xFF, 0xFF, 0xFE, 0xFF, 0xFF, 0xFF,
    0xFF, 0xFF, 0xDF, 0xFF, 0xFF, 0xFF, 0xFF, 0xFF, 0xFF, 0xF7, 0xFF, 0xFF, 0xFF, 0xFF, 0xFF, 0xFF,
    0xFF, 0xFF, 0xFF, 0xFF, 0xFF, 0x9F, 0xFF, 0xFF, 0xFF, 0xFF, 0xFF, 0xFF, 0xFF, 0xFF, 0xDF, 0xFF,
    0xFF, 0xFF, 0xFF, 0xFF, 0xFF, 0xFF, 0xFF, 0xFF, 0xFF, 0xFF, 0xFF, 0xFF, 0xFF, 0xFF, 0xFF, 0xFF,
    0xFF, 0xFF, 0xE7, 0xFF, 0xFF, 0xFF, 0xFF, 0xFF, 0xFF, 0xFF, 0xFF, 0xFF, 0xFF, 0xFF, 0xFF, 0xFF,
    0xFF, 0xFF, 0xFF, 0xFF, 0xFF, 0xFF, 0xFF, 0xFF, 0xFF, 0xFF, 0xFF, 0xFF, 0xFF, 0xFF, 0xFF, 0xFF,
    0xFF, 0xFF, 0xFF, 0xFF, 0xFF, 0xFF, 0xFF, 0xFF, 0xFF, 0xFF, 0xFF, 0xFF, 0xFF, 0xFF, 0xFF, 0xFF,
    0xFF, 0xFF, 0xFF, 0xFF, 0xFF, 0xFF, 0xFF, 0xF9, 0xFF, 0xFF, 0xFF, 0xFF, 0xFF, 0xFF, 0xFF, 0xFF,
    0xFF, 0xFF, 0xFF, 0xFF, 0xFF, 0xFF, 0xFF, 0xFF, 0xFF, 0xFF, 0xFF, 0xFF, 0xFF, 0xFF, 0xFF, 0xFF,
    0xFF, 0xFF, 0xFF, 0xFF, 0xFF, 0xFF, 0xFF, 0xFF, 0xFF, 0xFF, 0xFF, 0xFF, 0xFF, 0xFF, 0xFF, 0xFF,
    0xFF, 0xFF, 0xFF, 0xFF, 0xFF, 0xFF, 0xFF, 0xFF, 0xFF, 0xFF, 0xFF, 0xFF, 0xFF, 0xFF, 0xFF, 0xFF,
    0xFF, 0xFF, 0xFF, 0xFF, 0xFF, 0xFF, 0xFF, 0xFF, 0xFF, 0xFF, 0xFF, 0xFF, 0xFF, 0xFF, 0xFF, 0xFF,
    0xFF, 0xFF, 0xFF, 0xFF, 0xFF, 0xFF, 0xFF, 0xFF, 0xFF, 0xFF, 0xFF, 0xFF, 0xFF, 0xFF, 0xFF, 0xFF,
    0xFF, 0xFF, 0xFF, 0xFF, 0xFF, 0xFF, 0xFF, 0xFF, 0xFF, 0xFF, 0xFE, 0xFF, 0xFF, 0xFF, 0xFF, 0xFF,
    0xFF, 0xFF, 0xFF, 0xFF, 0xFF, 0xFD, 0xFF, 0xFF, 0xFF, 0xFF, 0xFF, 0xF7, 0xFF, 0xFF, 0xFF, 0xFF,
    0xFF, 0xFF, 0xFF, 0xFF, 0xFF, 0xFF, 0xFF, 0xFF, 0xFF, 0xFF, 0xFF, 0xFF, 0xFF, 0xFF, 0xFF, 0xFF,
    0xFF, 0xFF, 0xFF, 0xFF, 0xFF, 0xFF, 0xFF, 0xFF, 0xFF, 0xFF, 0xFF, 0xFF, 0xFF, 0xFF, 0xFF, 0xFF,
    0xFF, 0xFF, 0xFF, 0xFF, 0xFF, 0xFF, 0xFF, 0xFF, 0xFF, 0xFF, 0xFF, 0xFF, 0xFF, 0xFF, 0xFF, 0xFF,
    0xFF, 0xFF, 0xFF, 0xFF, 0xFF, 0xFF, 0xFF, 0xFF, 0xFF, 0xFF, 0xFF, 0xFF, 0xFF, 0xFF, 0xFF, 0xFF,
    0xFF, 0xF7, 0xFF, 0xFF, 0xFF, 0xFF, 0xFF, 0xFF, 0xFF, 0xFE, 0xFF, 0xFF, 0xFF, 0xFF, 0xFF, 0xFF,
    0xFF, 0xBF, 0xFF, 0xFF, 0xFF, 0xFF, 0xFF, 0xFF, 0xFF, 0xFF, 0xFF, 0xFF, 0xFF, 0xFF, 0xFF, 0xFF,
    0xFF, 0xFF, 0xFF, 0xFF, 0xFF, 0xFF, 0xFF, 0xFF, 0xFF, 0xFF, 0xFF, 0xFF, 0xFF, 0xFF, 0xFF, 0xFF,
    0xFF, 0xFF, 0xFF, 0xFF, 0xFF, 0xFF, 0xFF, 0xFF, 0xFF, 0xFF, 0xFF, 0xFF, 0xFF, 0xFF, 0xFF, 0xFF,
    0xFF, 0xFF, 0xFF, 0xFF, 0xFF, 0xFF, 0xFF, 0xFF, 0xFF, 0xFF, 0xFF, 0xFF, 0xFF, 0xFF, 0xFF, 0xFF,
    0xFF, 0xFF, 0xFF, 0xFF, 0xFF, 0xFF, 0xFF, 0xFF, 0xFF, 0xFF, 0xFF, 0xFF, 0xFF, 0xFF, 0xFF, 0xFF,
    0xFF, 0xFF, 0xFF, 0xFF, 0xFF, 0xFF, 0xFF, 0xFF, 0xFF, 0xFF, 0xFF, 0xFF, 0xFF, 0xFF, 0xFF, 0xFF,
    0xFF, 0xFF, 0xFF, 0xFF, 0xFF, 0xFF, 0xFF, 0xFF, 0xFF, 0xFF, 0xFF, 0xFF, 0xFF, 0xFF, 0xFF, 0xFF,
    0xFF, 0xFF, 0xFF, 0xFF, 0xFF, 0xFF, 0xFF, 0xFF, 0xFF, 0xFF, 0xFF, 0xFF, 0xFF, 0xFF, 0xFF, 0xFF,
    0xFF, 0xFF, 0xFF, 0xFF, 0xFF, 0xFF, 0xFF, 0xFF, 0xFF, 0xFF, 0xFF, 0xFF, 0xFF, 0xFF, 0xFF, 0xFF,
    0xFF, 0xFF, 0xEF, 0xFF, 0xFF, 0xFF, 0xFF, 0xFF, 0xFF, 0xFF, 0xFF, 0xFF, 0xFF, 0xFF, 0xFF, 0xFF,
    0xFF, 0xFF, 0xFF, 0xFF, 0xFF, 0xBF, 0xFF, 0xFF, 0xFF, 0xFF, 0xFF, 0xFF, 0xFF, 0xFF, 0xFF, 0xFF,
    0xFF, 0xFF, 0xFF, 0xFF, 0xFF, 0xFF, 0xFF, 0xEF, 0xFF, 0xFF, 0xFF, 0xFF, 0xFF, 0xFF, 0xFF, 0xFF,
    0xFF, 0xFF, 0xFF, 0xFF, 0xFF, 0xFF, 0xFF, 0xFF, 0xFF, 0xFF, 0xFF, 0xDF, 0xFF, 0xFF, 0xFF, 0xFF,
    0xFF, 0xFF, 0xFF, 0xFF, 0xFF, 0xFF, 0xFF, 0xFF, 0xF7, 0xFF, 0xFF, 0xFF, 0xFF, 0xFF, 0xFF, 0xFF,
    0xFF, 0xFF, 0xFF, 0xFF, 0xFF, 0xFF, 0xFF, 0xFF, 0xFF, 0xFF, 0xFF, 0xFF, 0xFF, 0xFF, 0xFF, 0xFF,
    0xFF, 0xFF, 0xFF, 0xFF, 0xFF, 0xFF, 0xFF, 0xFF, 0xFF, 0xFF, 0xFF, 0xFF, 0xFF, 0xFF, 0xFF, 0xFF,
    0xFF, 0xFF, 0xFF, 0xFF, 0xFF, 0xFF, 0xFF, 0xFF, 0xFF, 0xFF, 0xFF, 0xFF, 0xFF, 0xFF, 0x7F, 0xFF,
    0xFF, 0xFF, 0xFF, 0xFF, 0xFF, 0xFF, 0xFF, 0xFF, 0xFF, 0xFF, 0xFF, 0xFF, 0xFF, 0xFF, 0xFF, 0xFF,
    0xFF, 0xFF, 0xFF, 0xFF, 0xFF, 0xFF, 0xFF, 0xFF, 0xFF, 0xFF, 0xFF, 0xFF, 0xFF, 0xFF, 0xFF, 0xFF,
    0xFF, 0xFF, 0xFF, 0xFF, 0xFF, 0xFF, 0xFF, 0xFF, 0xFF, 0xFF, 0xFF, 0xFF, 0xFF, 0xFF, 0xFF, 0xFF,
    0xFF, 0xFF, 0xFF, 0xFF, 0xFF, 0xFF, 0xFF, 0xFF, 0xFF, 0xFF, 0xFF, 0xFF, 0xFF, 0xFF, 0xFF, 0xFF,
    0xFF, 0xFF, 0xFF, 0xFF, 0xFF, 0xFF, 0xFF, 0xFF, 0xFF, 0xFF, 0xFF, 0xFF, 0xFF, 0xFF, 0xFF, 0xFF,
    0xFF, 0xFF, 0xFB, 0xFF, 0xFF, 0xFF, 0xFF, 0xFF, 0xFF, 0xFF, 0xFF, 0xFF, 0xFF, 0xFF, 0xFF, 0xFF,
    0xFF, 0xFF, 0xFF, 0xFF, 0xFF, 0xFF, 0xFF, 0xFF, 0xFF, 0xFF, 0xFF, 0xFF, 0xFF, 0xFF, 0xFF, 0xFF,
    0xFF, 0xFF, 0xFF, 0xFF, 0xFF, 0xFF, 0xFF, 0xFF, 0x7F, 0xFF, 0xFF, 0xFF, 0xFF, 0xFF, 0xFF, 0xFF,
    0xFF, 0xFF, 0xFF, 0xFF, 0xFB, 0xFF, 0xFF, 0xFF, 0xFF, 0xFF, 0xFF, 0xFF, 0xFF, 0xFF, 0xCF, 0xFF,
    0xFF, 0xFF, 0xFF, 0xFF, 0xFF, 0xFF, 0xFF, 0xFF, 0xFF, 0xFF, 0xFF, 0xFF, 0xFF, 0xFF, 0xFF, 0xFF,
    0xFF, 0xFF, 0xFF, 0xFF, 0xFF, 0xFF, 0xFF, 0xFF, 0xFF, 0xFF, 0xFF, 0xFF, 0xFF, 0xFF, 0xFF, 0xFF,
    0xFF, 0xFF, 0xFF, 0xFF, 0xFF, 0x7F, 0xFF, 0xFF, 0xFF, 0xFF, 0xFF, 0xFF, 0xFF, 0xFF, 0xFF, 0xFF,
    0xFF, 0xFF, 0xFF, 0xFF, 0xFF, 0xFF, 0xFF, 0xFF, 0xFF, 0xFF, 0xFF, 0xFF, 0xFF, 0xFF, 0xFF, 0xFF,
    0xFF, 0xFF, 0xFF, 0xFF, 0xFF, 0xFF, 0xFF, 0xFF, 0xFF, 0xFF, 0x7F, 0xFF, 0xFF, 0xFF, 0xFF, 0xFF,
    0xFF, 0xFF, 0xFF, 0xFF, 0xFF, 0xFF, 0xFF, 0xFF, 0xFF, 0xFF, 0xFF, 0xFF, 0xFF, 0xFF, 0xFF, 0xBF,
    0xFF, 0xFF, 0xFF, 0xFF, 0xFF, 0xFF, 0xFF, 0xFF, 0xFF, 0xFF, 0xFF, 0xFF, 0xFF, 0xFF, 0xFF, 0xFF,
    0xFF, 0xFF, 0xFF, 0xFF, 0xFF, 0xFF, 0xFF, 0xF9, 0xFF, 0xFF, 0xFF, 0xFF, 0xFF, 0xFF, 0xFF, 0xFF,
    0xFF, 0xFF, 0xFF, 0xFF, 0xFF, 0xFF, 0xFF, 0xFF, 0xFF, 0xFB, 0xFF, 0xFF, 0xFF, 0xFF, 0xFF, 0xFF,
    0xFF, 0xFF, 0xFF, 0xFF, 0xFF, 0xFF, 0xFF, 0xFF, 0xFF, 0xFF, 0xFF, 0xFE, 0xFF, 0xFF, 0xFF, 0xFF,
    0xFF, 0xFF, 0xFF, 0xFF, 0xFF, 0xFF, 0xFF, 0xFF, 0x7F, 0xFE, 0xFF, 0xFF, 0xFF, 0xFF, 0xFF, 0xFF,
    0xFF, 0xFF, 0xFF, 0xFF, 0xFF, 0xFF, 0xFF, 0xFF, 0xFF, 0xFF, 0xFF, 0xFF, 0xFF, 0xFF, 0xFF, 0xFF,
    0xFF, 0xFF, 0xFF, 0xFF, 0xFF, 0xFF, 0xFF, 0xFF, 0xFF, 0xFF, 0xFF, 0xFF, 0xFF, 0xFF, 0xFF, 0xFF,
    0xFF, 0xFF, 0xFF, 0xFF, 0xFF, 0xFF, 0xFF, 0xFF, 0xFF, 0xFF, 0xFF, 0xFF, 0xFF, 0xFF, 0xFF, 0xFF,
    0xFF, 0xFF, 0xFF, 0xFF, 0xFF, 0xFF, 0xFF, 0xFF, 0xFD, 0xFF, 0xFF, 0xFF, 0xFF, 0xFF, 0xFF, 0xFF,
    0xFF, 0xFF, 0xFF, 0xFF, 0xFF, 0xFF, 0xFF, 0xFF, 0xFF, 0xFF, 0xFF, 0xFF, 0xFF, 0xFF, 0xFF, 0xFF,
    0xFF, 0xFF, 0xFF, 0xFF, 0xFF, 0xFF, 0xFF, 0xFF, 0xFF, 0xFF, 0xFF, 0xFF, 0xFF, 0xFF, 0xFF, 0xFF,
    0xFF, 0xFF, 0xFF, 0xFF, 0xFF, 0xFF, 0xFF, 0xFF, 0xFF, 0xFF, 0xFF, 0xFF, 0xFF, 0xFF, 0xFF, 0xFF,
    0xFF, 0xFF, 0xFF, 0xCF, 0xFF, 0xFF, 0xFF, 0xFF, 0xFF, 0xFF, 0xFF, 0xFF, 0xFF, 0xFF, 0xFF, 0xFF,
    0xFF, 0xFF, 0xFF, 0xFF, 0xFF, 0xFF, 0xFF, 0xFF, 0xFF, 0xFF, 0xFF, 0xFF, 0xFF, 0xFF, 0xFF, 0xFF,
    0xFF, 0xFF, 0xFF, 0xEF, 0xFF, 0xFF, 0xFF, 0xFF, 0xFF, 0xFF, 0xFF, 0xFF, 0xFF, 0xFF, 0xFF, 0xFF,
    0xFF, 0xFB, 0xFF, 0xFF, 0xFF, 0xFF, 0xFF, 0xFF, 0xFF, 0xFF, 0xFF, 0xFF, 0xFF, 0xFF, 0xFF, 0xFF,
    0xFF, 0xFF, 0xFF, 0xFF, 0xFF, 0xFF, 0xFF, 0xFF, 0xFF, 0xFF, 0xFF, 0xFF, 0xFF, 0xFF, 0xFF, 0xFF,
    0xFF, 0xFF, 0xFF, 0xFF, 0xFF, 0xFF, 0xFF, 0xFF, 0xFF, 0xFF, 0xFF, 0xFF, 0xFF, 0xBF, 0xFF, 0xFF,
    0xFF, 0xFF, 0xFF, 0xFF, 0xFF, 0xFF, 0xFF, 0xFF, 0xFF, 0xFF, 0xFF, 0xFF, 0xFF, 0xFF, 0xFF, 0xFF,
    0xFF, 0xFF, 0xFF, 0xFF, 0xFF, 0xFF, 0xFF, 0xFF, 0xFF, 0xFF, 0xFF, 0xFF, 0xFF, 0xFF, 0xFF, 0xFB,
    0xFF, 0xFF, 0xFF, 0xFF, 0xFF, 0xFF, 0x7F, 0xFF, 0xFF, 0xFF, 0xFF, 0xFF, 0xFF, 0xFF, 0xFF, 0xFF,
    0xFF, 0xFF, 0xFF, 0xFF, 0xFF, 0xFF, 0xFF, 0xFF, 0xFF, 0xFF, 0xFF, 0xFF, 0xFF, 0xFF, 0xFF, 0xFF,
    0xFF, 0xFF, 0xFF, 0xFF, 0xFF, 0xFF, 0xFF, 0xFF, 0xFF, 0xFF, 0xFF, 0xFF, 0xFF, 0xFF, 0xFF, 0xFF,
    0xFF, 0xFF, 0xFF, 0xFF, 0xFF, 0xE7, 0xFF, 0xFF, 0xFF, 0xFF, 0xFF, 0xFF, 0xFF, 0xFF, 0xFF, 0xFF,
    0xFF, 0xFF, 0xFF, 0xFF, 0xFF, 0xFF, 0xFF, 0xFF, 0xFF, 0xFF, 0xFF, 0xFF, 0xFF, 0xFF, 0xFF, 0xFF,
    0xFF, 0xFF, 0xFF, 0xFF, 0xFF, 0xFF, 0xFF, 0xFF, 0xFF, 0xFF, 0xFF, 0xFF, 0xFF, 0xFF, 0xFF, 0xFE,
    0xFF, 0xFF, 0xFF, 0xFF, 0xFF, 0xFF, 0xFF, 0xFF, 0xFF, 0xFF, 0xFF, 0xFF, 0xFF, 0xFF, 0xFF, 0xFF,
    0xFF, 0xFF, 0xFF, 0xFF, 0xFF, 0xFF, 0xFD, 0xFF, 0xFF, 0xFF, 0xFF, 0xFF, 0xFF, 0xFF, 0xFF, 0xFF,
    0xFF, 0xFF, 0xFF, 0xFE, 0xFF, 0xFF, 0xFF, 0xFF, 0xFF, 0xFF, 0xFF, 0xFF, 0xFF, 0xFF, 0xFF, 0xFF,
    0xFF, 0xFF, 0xFF, 0xFF, 0xFF, 0xFF, 0xFF, 0xFF, 0xFF, 0xFF, 0xFF, 0xFF, 0xFF, 0xFF, 0xFF, 0xFF,
    0xFF, 0xFF, 0xFF, 0xFF, 0xFF, 0xFF, 0xFF, 0xFF, 0xFF, 0xFF, 0xFF, 0xFF, 0xFF, 0xFF, 0xFF, 0xFF,
    0xFF, 0xFF, 0xFF, 0xFF, 0xFF, 0xFF, 0xFF, 0xFF, 0xFF, 0xFF, 0xFF, 0xFF, 0xFF, 0xFF, 0xFF, 0xFF,
    0xFF, 0xFF, 0xFF, 0xBF, 0xFF, 0xFF, 0xFF, 0xFF, 0xFF, 0xFF, 0xFF, 0xFF, 0xFF, 0xFF, 0xFF, 0xFF,
    0xFF, 0xFF, 0xFF, 0xFF, 0xFF, 0xFF, 0xFF, 0xFF, 0xFF, 0xFF, 0xFF, 0xFF, 0xFF, 0xFF, 0xFF, 0xFF,
    0xFF, 0xFF, 0xFF, 0xFF, 0xFF, 0xFF, 0xFF, 0xFF, 0xFF, 0xFF, 0xFF, 0xFF, 0xFF, 0xFF, 0xFF, 0xFF,
    0xFF, 0xFF, 0xFF, 0xDF, 0xFF, 0xFF, 0xFF, 0xFF, 0xFF, 0xFF, 0xFF, 0xFF, 0xFF, 0xFF, 0xFF, 0xFF,
    0xFF, 0xFF, 0xFF, 0xFF, 0xFF, 0xFF, 0xFF, 0xFF, 0xFF, 0xFF, 0xFF, 0xFF, 0xFF, 0xFF, 0xFF, 0xFF,
    0xFF, 0xFF, 0xFF, 0xFF, 0xFF, 0xFF, 0xFF, 0xFF, 0xFF, 0xFF, 0xFF, 0xFF, 0xFF, 0xFF, 0xFF, 0xF7,
    0xFF, 0xFF, 0xFF, 0xFF, 0xFF, 0xFF, 0xFF, 0xFB, 0xFF, 0xFF, 0xFF, 0xFF, 0xFF, 0xFF, 0xFF, 0xEF,
    0xFF, 0xFF, 0xFF, 0xFF, 0xFF, 0xFD, 0xFF, 0xFF, 0xFF, 0xFF, 0xFF, 0xFF, 0xFF, 0xFF, 0xFF, 0xFF,
    0xFF, 0xFF, 0xFF, 0xFF, 0xFF, 0xFF, 0xFF, 0xFF, 0xFF, 0xFF, 0xFF, 0xFF, 0xFF, 0xFF, 0xFF, 0xFF,
    0xFF, 0xFF, 0xFF, 0xFF, 0xFF, 0xFF, 0xFF, 0xFF, 0xFF, 0xFF, 0xFF, 0x08, 0x00, 0x48, 0x00, 0x41,
    0x80, 0x11, 0x74, 0x92, 0x00, 0x41, 0x57, 0xB9, 0xF8, 0x74, 0x10, 0xC7, 0x5B, 0x92, 0x4D, 0x00,
    0x18, 0x40, 0x20, 0x02, 0x58, 0xCC, 0x82, 0x36, 0xB4, 0xA2, 0xC5, 0xAC, 0x68, 0x36, 0x81, 0x08,
    0x40, 0x44, 0xCB, 0x99, 0xCC, 0x1A, 0xA6, 0x10, 0x80, 0x00, 0x04, 0xB0, 0xA9, 0xC5, 0x2C, 0x66,
    0x11, 0x81, 0x68, 0x66, 0x46, 0x83, 0x99, 0x4C, 0x26, 0x12, 0x5A, 0xD1, 0x60, 0x06, 0x13, 0x8C,
    0x60, 0x36, 0x34, 0x9B, 0x41, 0x04, 0x20, 0xA0, 0x11, 0x2D, 0x66, 0x43, 0x13, 0x5A, 0x40, 0x00,
    0x02, 0x10, 0xC8, 0x60, 0x26, 0x33, 0x98, 0xC9, 0x0C, 0x66, 0x30, 0x89, 0x08, 0x44, 0x40, 0x93,
    0xD9, 0xD0, 0x68, 0x16, 0x34, 0x82, 0x00, 0x04, 0x30, 0x80, 0x01, 0x6C, 0x6A, 0x31, 0x81, 0x48,
    0x64, 0x30, 0xA3, 0x19, 0x4C, 0x20, 0x82, 0x19, 0xCC, 0x86, 0x46, 0x10, 0xC8, 0x66, 0x66, 0xB4,
    0x82, 0x60, 0x44, 0xB3, 0x98, 0x15, 0x6D, 0x28, 0x12, 0x91, 0x08, 0x66, 0x44, 0xBB, 0x99, 0xCC,
    0x70, 0x92, 0x91, 0x89, 0x40, 0x64, 0x32, 0xA0, 0x11, 0x2D, 0x66, 0x44, 0x8B, 0x59, 0xD0, 0x06,
    0x02, 0x90, 0x80, 0x88, 0xD6, 0x30, 0x85, 0x01, 0x0C, 0x60, 0x00, 0x09, 0x08, 0x64, 0x31, 0x9B,
    0x19, 0xCC, 0x20, 0x02, 0x19, 0xCC, 0x60, 0x06, 0x13, 0x89, 0x84, 0x36, 0x34, 0x9B, 0xC5, 0x04,
    0x23, 0xA0, 0x11, 0x2D, 0x66, 0x44, 0x93, 0x48, 0x44, 0x32, 0x83, 0x19, 0xCC, 0x84, 0x26, 0x93,
    0x80, 0x40, 0x24, 0x33, 0x99, 0x0D, 0x4D, 0x66, 0x30, 0xAB, 0x59, 0x46, 0x20, 0x22, 0x10, 0xCC,
    0x6A, 0x36, 0x34, 0xA2, 0x35, 0x4C, 0x20, 0x00, 0x01, 0x0C, 0x60, 0x53, 0x8B, 0x59, 0x44, 0x22,
    0x82, 0x19, 0xCD, 0x64, 0x06, 0x13, 0x88, 0x84, 0x36, 0xB3, 0xA1, 0xC9, 0x24, 0x20, 0x90, 0xC1,
    0x6C, 0x68, 0x45, 0x83, 0x08, 0x44, 0x31, 0xCB, 0x99, 0xD0, 0x88, 0x16, 0x11, 0x80, 0x40, 0x04,
    0xB4, 0xA1, 0x15, 0x0D, 0x66, 0x30, 0x23, 0x1A, 0xCC, 0x02, 0x22, 0x11, 0x88, 0x60, 0x26, 0x34,
    0xA2, 0xC5, 0x8C, 0x22, 0x04, 0x01, 0x0C, 0x60, 0x00, 0x03, 0xD8, 0x40, 0x20, 0x82, 0xD9, 0xCC,
    0x60, 0x46, 0x91, 0x88, 0x60, 0x16, 0x33, 0xA2, 0xC9, 0x24, 0x22, 0xA1, 0x15, 0x2D, 0x66, 0x05,
    0x91, 0x08, 0x64, 0x44, 0x33, 0x9A, 0xCC, 0x6E, 0x12, 0x10, 0x80, 0x40, 0x04, 0x20, 0xA2, 0xC5,
    0x4C, 0x68, 0x44, 0x8B, 0xD9, 0xD0, 0x04, 0x12, 0x11, 0xD0, 0x88, 0x06, 0xB3, 0x9A, 0xC9, 0x0C,
    0x22, 0x00, 0x01, 0xAD, 0x61, 0x0A, 0x03, 0x18, 0x40, 0x00, 0x92, 0x5A, 0xCC, 0x62, 0x36, 0x13,
    0x88, 0x40, 0x46, 0x33, 0x98, 0xC9, 0x04, 0x22, 0x98, 0xE5, 0x4C, 0x66, 0x10, 0x81, 0x08, 0x66,
    0x32, 0x1B, 0x9A, 0x4C, 0x60, 0x02, 0x91, 0x80, 0x40, 0x54, 0xB4, 0x99, 0x19, 0x4D, 0x66, 0x43,
    0x93, 0x19, 0x40, 0x20, 0x12, 0x90, 0xCC, 0x62, 0x36, 0x33, 0xA3, 0xC9, 0x6C, 0x20, 0x10, 0x81,
    0x08, 0x66, 0x37, 0x6B, 0x98, 0xC2, 0x00, 0x02, 0x10, 0xC0, 0xA6, 0x16, 0xB3, 0x98, 0x44, 0x04,
    0x33, 0x9A, 0xD5, 0x0C, 0x22, 0x90, 0x0D, 0x4D, 0x66, 0x30, 0x81, 0x08, 0x40, 0x32, 0x1B, 0x9A,
    0xCC, 0x8A, 0x02, 0x91, 0x80, 0x40, 0x04, 0xB3, 0x99, 0x19, 0x4D, 0x66, 0x43, 0x9B, 0x89, 0x40,
    0x20, 0x02, 0xD9, 0xD0, 0x8A, 0x06, 0x33, 0x9A, 0xD1, 0x4C, 0x22, 0x00, 0x11, 0x48, 0x66, 0x37,
    0x13, 0x1A, 0xCD, 0x1A, 0x02, 0x10, 0xC0, 0x00, 0x06, 0xB0, 0xA9, 0x40, 0x04, 0xB2, 0x99, 0xC1,
    0x8C, 0x26, 0x12, 0x81, 0x6C, 0x68, 0x45, 0x8B, 0x09, 0x41, 0x00, 0x02, 0x99, 0xD0, 0x88, 0x16,
    0xB3, 0xA0, 0x01, 0x24, 0x22, 0x00, 0x11, 0x0D, 0x66, 0x35, 0x93, 0x19, 0xCC, 0x84, 0x46, 0x10,
    0x88, 0x00, 0x64, 0xB3, 0xA2, 0x0D, 0xAD, 0x68, 0x30, 0x81, 0x08, 0x46, 0x35, 0x1B, 0x9A, 0xCD,
    0x88, 0x22, 0x10, 0xC2, 0x14, 0x06, 0x30, 0x80, 0x01, 0x24, 0xB4, 0x98, 0xC5, 0x6C, 0x66, 0x10,
    0x81, 0xE8, 0x66, 0x30, 0xA3, 0x99, 0x40, 0x00, 0x02, 0x50, 0xCC, 0x84, 0x56, 0x34, 0x99, 0x09,
    0x8D, 0x20, 0x10, 0x01, 0x08, 0x40, 0x35, 0x9B, 0x59, 0xCE, 0x84, 0x46, 0x34, 0x98, 0x59, 0x04,
    0x22, 0x10, 0x09, 0xAD, 0x68, 0x30, 0x83, 0x59, 0x4C, 0x20, 0x82, 0x99, 0xCD, 0x62, 0x56, 0xB4,
    0x99, 0x40, 0x84, 0x30, 0x85, 0x01, 0x0C, 0x60, 0x00, 0x09, 0x2C, 0x66, 0x31, 0x9B, 0x19, 0x44,
    0x20, 0xC3, 0x19, 0xCC, 0x86, 0x22, 0x11, 0xCD, 0x64, 0x46, 0xB4, 0x9B, 0x49, 0x04, 0x23, 0x18,
    0x99, 0x4C, 0x66, 0x37, 0x1B, 0x9A, 0xCD, 0x60, 0x16, 0x34, 0x81, 0x00, 0x04, 0x22, 0xA0, 0xC9,
    0x6C, 0x66, 0x42, 0x23, 0x5A, 0x44, 0x00, 0x02, 0x99, 0xCC, 0x88, 0x56, 0x34, 0x99, 0x5D, 0x04,
    0x23, 0x90, 0x35, 0x4C, 0x61, 0x00, 0x03, 0x08, 0x40, 0x53, 0x8B, 0x59, 0xCC, 0x22, 0x02, 0x19,
    0xCD, 0x72, 0x06, 0x13, 0x80, 0x08, 0x26, 0x33, 0x98, 0xC9, 0x0C, 0x66, 0x10, 0x81, 0x08, 0x44,
    0x20, 0x1A, 0x5A, 0xD1, 0x60, 0x46, 0xB3, 0x9C, 0xD1, 0x04, 0x20, 0x00, 0xC1, 0x8C, 0x68, 0x31,
    0x0B, 0xDA, 0x50, 0x00, 0x02, 0x11, 0xD0, 0x6C, 0x26, 0x33, 0xA1, 0x11, 0x04, 0x22, 0xA0, 0x09,
    0xCD, 0x66, 0x0D, 0x01, 0x08, 0x60, 0x00, 0x03, 0xD8, 0xD4, 0x20, 0x02, 0xD9, 0xCC, 0x60, 0x46,
    0x33, 0x80, 0x40, 0x44, 0x33, 0x9C, 0xC9, 0x8C, 0x66, 0x30, 0x89, 0xC8, 0x44, 0x00, 0x02, 0x59,
    0xCD, 0x62, 0x66, 0x34, 0xA1, 0x11, 0x0D, 0x66, 0x11, 0x01, 0x08, 0x40, 0x44, 0xB3, 0x99, 0xD1,
    0x84, 0x96, 0x33, 0x89, 0x08, 0x04, 0xB4, 0xA1, 0xC1, 0xCC, 0x68, 0x46, 0xC1, 0x08, 0x66, 0x32,
    0xB3, 0x59, 0x43, 0x00, 0x02, 0x18, 0xC0, 0x00, 0x16, 0x10, 0x88, 0x60, 0x36, 0x33, 0x98, 0x41,
    0x04, 0x20, 0x98, 0x19, 0xCD, 0x68, 0x32, 0x23, 0x08, 0x44, 0x30, 0x02, 0x11, 0xCD, 0x60, 0x36,
    0xB3, 0x9A, 0x11, 0x4D, 0x66, 0x37, 0x81, 0x48, 0x44, 0x26, 0x2B, 0x1A, 0xCC, 0x68, 0x36, 0xB4,
    0x98, 0x00, 0x04, 0x20, 0x98, 0xD9, 0x4C, 0x66, 0x36, 0xBB, 0x08, 0x40, 0x30, 0xA3, 0x59, 0xD0,
    0x2C, 0x42, 0x90, 0xC2, 0x00, 0x06, 0x30, 0x80, 0x04, 0x04, 0xB3, 0x98, 0xCD, 0x0C, 0x66, 0x10,
    0x09, 0x08, 0x66, 0x37, 0x13, 0xDA, 0xD0, 0x0A, 0x02, 0x11, 0x88, 0x64, 0x06, 0x33, 0xA2, 0x19,
    0x4D, 0x66, 0x37, 0x1B, 0x0A, 0x40, 0x20, 0x02, 0x11, 0xD1, 0x60, 0x36, 0x34, 0x9B, 0xC9, 0x0C,
    0x22, 0x00, 0x01, 0x2D, 0x66, 0x43, 0x13, 0xDA, 0x50, 0x20, 0x22, 0xDA, 0xD0, 0x6C, 0x76, 0x33,
    0x80, 0x10, 0xA4, 0x30, 0x80, 0x01, 0x0C, 0x20, 0x01, 0xC5, 0x2C, 0x66, 0x33, 0x83, 0x08, 0x44,
    0x40, 0x83, 0x19, 0xCC, 0x62, 0x46, 0xB4, 0x9B, 0x09, 0x24, 0x22, 0x18, 0xD9, 0xCC, 0x68, 0x32,
    0xA3, 0x99, 0xD1, 0x86, 0x66, 0x11, 0x88, 0x4C, 0x44, 0xB4, 0x9B, 0x19, 0x8D, 0x68, 0x39, 0x99,
    0x88, 0x40, 0x43, 0x23, 0x9A, 0xCD, 0x8C, 0x16, 0x11, 0x8C, 0x6C, 0x66, 0x34, 0x99, 0x09, 0x04,
    0xA2, 0x86, 0x29, 0x0C, 0x60, 0x00, 0x01, 0x6C, 0x6A, 0x31, 0x8B, 0xD9, 0x4C, 0x20, 0x02, 0x51,
    0xD1, 0x60, 0x86, 0x33, 0x9B, 0xC9, 0x8C, 0x68, 0x42, 0x03, 0x08, 0x44, 0x02, 0x22, 0x91, 0xCC,
    0x86, 0x26, 0xB4, 0xA0, 0xCD, 0x04, 0x23, 0x18, 0xC1, 0xAC, 0x68, 0x33, 0xBB, 0xD9, 0xCC, 0x24,
    0x02, 0x11, 0xC8, 0x60, 0x16, 0x33, 0x98, 0x40, 0x24, 0xB0, 0xA2, 0xC1, 0x8C, 0x26, 0x00, 0xC1,
    0xAC, 0x61, 0x0A, 0x03, 0x08, 0x40, 0x00, 0x9B, 0x5A, 0xCC, 0x62, 0x36, 0x13, 0x88, 0x40, 0x64,
    0x34, 0x98, 0x15, 0x8D, 0x68, 0x44, 0x33, 0x9A, 0xCC, 0x26, 0x12, 0x11, 0x88, 0x80, 0x56, 0x34,
    0x98, 0xC1, 0x6C, 0x66, 0x31, 0x9B, 0x08, 0x44, 0x02, 0xA2, 0x99, 0xC8, 0x88, 0x26, 0x34, 0xA2,
    0x40, 0x24, 0x30, 0xA1, 0x0D, 0x8D, 0x28, 0x12, 0x11, 0x6D, 0x66, 0x39, 0xB3, 0x08, 0x46, 0x45,
    0x6B, 0x98, 0xC2, 0x00, 0x02, 0x10, 0xC0, 0xA6, 0x16, 0xB3, 0x98, 0x4D, 0x04, 0x22, 0x10, 0xC1,
    0x0C, 0x64, 0x46, 0x93, 0xD9, 0xD0, 0x00, 0x02, 0x11, 0x88, 0x60, 0x94, 0x33, 0x98, 0xC1, 0x8C,
    0x68, 0x37, 0x11, 0x48, 0x44, 0x30, 0xB2, 0x99, 0xD1, 0x64, 0x46, 0x34, 0x98, 0x19, 0x04, 0x20,
    0x98, 0xC9, 0xCC, 0x68, 0x43, 0x81, 0x08, 0x60, 0x30, 0xAB, 0x99, 0x4C, 0x24, 0x82, 0x59, 0xD0,
    0x1A, 0xA6, 0x30, 0x80, 0x00, 0x04, 0xB0, 0xA9, 0xC5, 0x2C, 0x66, 0x11, 0x81, 0x08, 0x64, 0x31,
    0x82, 0x19, 0xCC, 0x6C, 0x56, 0x33, 0xA2, 0x41, 0x44, 0x22, 0x10, 0x89, 0xEC, 0x66, 0x45, 0x83,
    0x19, 0xCD, 0x88, 0x12, 0x90, 0xC8, 0x64, 0x36, 0xB3, 0x99, 0x0D, 0x04, 0x20, 0x98, 0xCD, 0x0C,
    0x67, 0x39, 0x81, 0x08, 0x66, 0x33, 0xBB, 0xD9, 0x4C, 0x24, 0x12, 0x59, 0xCE, 0x70, 0x26, 0x14,
    0x82, 0x00, 0x06, 0x30, 0x80, 0x01, 0x6C, 0x6A, 0x10, 0x81, 0x48, 0x44, 0x20, 0xAB, 0x99, 0xCC,
    0x60, 0x26, 0x34, 0xA2, 0xC1, 0xCC, 0x66, 0x12, 0x81, 0x48, 0x40, 0x44, 0x83, 0x19, 0xCC, 0x66,
    0x06, 0x13, 0x8C, 0x48, 0x04, 0x22, 0xA0, 0x0D, 0xCD, 0x66, 0x12, 0x81, 0x88, 0x68, 0x37, 0x93,
    0x19, 0x46, 0x30, 0xB2, 0x99, 0xCC, 0x6E, 0x36, 0x10, 0x89, 0x60, 0x16, 0x34, 0x9C, 0x65, 0x84,
    0x20, 0x85, 0x01, 0x0C, 0x60, 0x00, 0x0B, 0x08, 0x44, 0x20, 0x92, 0x19, 0xCC, 0x6A, 0x36, 0x33,
    0x98, 0x09, 0x8D, 0x68, 0x31, 0x01, 0x08, 0x44, 0x22, 0x12, 0x1A, 0xD1, 0x62, 0x46, 0x34, 0x9A,
    0x40, 0x04, 0x20, 0xA0, 0xC9, 0xEC, 0x66, 0x44, 0x33, 0x1A, 0x44, 0x20, 0x92, 0x11, 0xCC, 0x60,
    0x16, 0x11, 0x88, 0x60, 0x36, 0xB4, 0xA2, 0x41, 0x04, 0xA2, 0x99, 0x0D, 0xCD, 0x62, 0x00, 0x21,
    0x48, 0x61, 0x00, 0x03, 0x18, 0xC0, 0xA6, 0x16, 0x11, 0x88, 0x44, 0x04, 0xA2, 0x9A, 0xD1, 0x0C,
    0x66, 0x42, 0x23, 0x5A, 0x4C, 0x00, 0x02, 0x11, 0xD0, 0x86, 0x56, 0xB4, 0x98, 0x15, 0x4D, 0x22,
    0x10, 0x01, 0x8D, 0x68, 0x31, 0x23, 0x1A, 0x45, 0x30, 0x92, 0x59, 0xCD, 0x60, 0x36, 0x91, 0x89,
    0x88, 0x06, 0xB3, 0x9A, 0x41, 0x44, 0xB0, 0x99, 0xE5, 0x4C, 0x68, 0x44, 0x81, 0x48, 0x44, 0x0D,
    0x53, 0x18, 0xC0, 0x00, 0x06, 0xB0, 0xA9, 0x40, 0x04, 0x22, 0x11, 0xC1, 0xAC, 0x66, 0x35, 0x83,
    0x19, 0xC4, 0x6A, 0x02, 0x10, 0x80, 0x00, 0x66, 0x33, 0xA3, 0x09, 0x2D, 0x67, 0x36, 0x13, 0x08,
    0x40, 0x42, 0x83, 0x19, 0xCC, 0x60, 0x82, 0x11, 0xCC, 0x60, 0x06, 0x33, 0x89, 0x04, 0x06, 0xB3,
    0x99, 0xDD, 0x04, 0x20, 0x98, 0xD5, 0x2C, 0x68, 0x37, 0xC3, 0x88, 0x44, 0x34, 0x9B, 0x59, 0xC3,
    0x14, 0x06, 0x30, 0x80, 0x00, 0x24, 0x20, 0x10, 0xC1, 0x6C, 0x66, 0x30, 0xAB, 0x99, 0xCD, 0x60,
    0x02, 0x33, 0x80, 0x04, 0x44, 0x22, 0x9B, 0xC9, 0x8C, 0x68, 0x37, 0x93, 0x09, 0x46, 0x30, 0xBA,
    0x99, 0xCC, 0x6E, 0x36, 0x11, 0x88, 0x64, 0x46, 0x33, 0xA1, 0x11, 0x04, 0x22, 0xA1, 0xE1, 0x4C,
    0x66, 0x43, 0x01, 0x08, 0x64, 0x30, 0xC3, 0x59, 0xCD, 0x02, 0x22, 0x51, 0xD0, 0x70, 0xD6, 0x30,
    0x85, 0x01, 0x04, 0x20, 0x00, 0x09, 0x2C, 0x66, 0x31, 0x9B, 0x19, 0xCC, 0x6A, 0x76, 0x33, 0x88,
    0x40, 0x04, 0x20, 0x00, 0x11, 0x2D, 0x66, 0x44, 0x93, 0xD9, 0x4C, 0x00, 0x22, 0x91, 0xD1, 0x84,
    0x96, 0x33, 0x9B, 0x08, 0x04, 0x20, 0xA1, 0x11, 0x2D, 0x66, 0x43, 0x11, 0x88, 0x68, 0x43, 0x2B,
    0x1A, 0x4C, 0x20, 0x92, 0x59, 0xD0, 0x86, 0x66, 0x93, 0x88, 0x40, 0x64, 0x34, 0x9B, 0x35, 0x4C,
    0x61, 0x00, 0x03, 0x08, 0x40, 0x02, 0x02, 0x59, 0xCC, 0x66, 0x06, 0xB3, 0x9A, 0xE1, 0x0C, 0x22,
    0x00, 0x01, 0x2D, 0x66, 0x44, 0x93, 0xD9, 0xCC, 0x22, 0x02, 0x91, 0x88, 0x68, 0x26, 0x34, 0xA2,
    0xC5, 0x2C, 0x20, 0x18, 0xC9, 0x6C, 0x68, 0x45, 0x83, 0x08, 0x44, 0x38, 0xAB, 0xD9, 0x50, 0x24,
    0x02, 0x99, 0xD0, 0x84, 0x46, 0x34, 0x98, 0x00, 0x04, 0xA2, 0x99, 0xD1, 0xCC, 0x66, 0x0D, 0x53,
    0x18, 0xC0, 0x00, 0x06, 0x90, 0x80, 0x40, 0x04, 0x22, 0x99, 0xC1, 0xAC, 0x66, 0x39, 0x83, 0x08,
    0x40, 0x24, 0x22, 0x12, 0xCC, 0x72, 0x66, 0x33, 0xA3, 0x41, 0x04, 0x20, 0xA2, 0xC5, 0x6C, 0x68,
    0x44, 0x81, 0x48, 0x68, 0x45, 0x8B, 0x59, 0x51, 0x24, 0x92, 0x19, 0xD1, 0x8C, 0x26, 0x91, 0x89,
    0x04, 0x54, 0x34, 0x98, 0x41, 0x04, 0x23, 0x10, 0x09, 0xCC, 0x66, 0x46, 0xA3, 0x59, 0xC3, 0x14,
    0x06, 0x30, 0x80, 0x01, 0x24, 0x20, 0x10, 0x81, 0x6C, 0x66, 0x30, 0xAB, 0x59, 0xD0, 0x60, 0x46,
    0x11, 0x80, 0x00, 0x04, 0xB0, 0x98, 0x0D, 0x4D, 0x68, 0x43, 0x99, 0x08, 0x40, 0x30, 0xAB, 0x99,
    0xCC, 0x22, 0x02, 0x18, 0xD1, 0x60, 0x66, 0x13, 0x88, 0x48, 0x74, 0xB3, 0xA2, 0xC0, 0x04, 0x22,
    0x10, 0xCD, 0x6C, 0x68, 0x45, 0x83, 0x19, 0x44, 0x30, 0x02, 0x19, 0xD1, 0x8C, 0xD6, 0x30, 0x85,
    0x01, 0x0C, 0x20, 0x00, 0x09, 0x08, 0x66, 0x31, 0x9B, 0x19, 0xCC, 0x6A, 0x26, 0x10, 0x88, 0x60,
    0x44, 0xB2, 0x90, 0x15, 0x6D, 0x68, 0x36, 0xB3, 0x08, 0x44, 0x40, 0xBB, 0x99, 0xCC, 0x70, 0x96,
    0x91, 0x89, 0x64, 0x76, 0xB3, 0xA1, 0x49, 0x04, 0x22, 0xA1, 0x09, 0x8D, 0x68, 0x30, 0x01, 0x08,
    0x64, 0x32, 0x1B, 0x5A, 0xD1, 0x60, 0x16, 0x10, 0x89, 0x40, 0x04, 0x32, 0x99, 0x35, 0x4C, 0x61,
    0x00, 0x03, 0x18, 0xC0, 0x02, 0x02, 0x11, 0x88, 0x64, 0x06, 0xB3, 0x9A, 0x0D, 0x05, 0x22, 0x00,
    0x01, 0x2D, 0x66, 0x43, 0xCB, 0x08, 0x44, 0x00, 0xBB, 0x99, 0xD1, 0x8C, 0x82, 0x91, 0xC9, 0x8C,
    0x56, 0xB4, 0xA1, 0x15, 0x04, 0x22, 0x98, 0xCD, 0x0C, 0x66, 0x38, 0x91, 0x08, 0x44, 0x45, 0x1B,
    0x9A, 0xCD, 0x6C, 0x26, 0x13, 0x80, 0x4C, 0x04, 0x22, 0x18, 0xE1, 0xCC, 0x66, 0x0D, 0x53, 0x18,
    0xC0, 0x00, 0x06, 0xB0, 0xA9, 0x40, 0x04, 0x22, 0x99, 0xC1, 0xAC, 0x66, 0x44, 0x83, 0x08, 0x46,
    0x26, 0x92, 0xD9, 0xCD, 0x86, 0x26, 0x11, 0x88, 0x00, 0x26, 0x34, 0xA2, 0xC5, 0x0C, 0x20, 0x90,
    0xCD, 0x4C, 0x68, 0x04, 0x81, 0x08, 0x68, 0x34, 0x93, 0x09, 0x41, 0x00, 0x82, 0xD1, 0xCD, 0x88,
    0x66, 0x34, 0x98, 0x41, 0x24, 0x20, 0x00, 0x81, 0x08, 0x64, 0x39, 0x2B, 0x5A, 0xC3, 0x14, 0x06,
    0x30, 0x80, 0x01, 0x24, 0x20, 0x90, 0xC5, 0x6C, 0x66, 0x30, 0xAB, 0x59, 0xD1, 0x20, 0x82, 0x11,
    0x88, 0x86, 0x66, 0x33, 0x9A, 0x09, 0x05, 0x20, 0x00, 0xC5, 0x8C, 0x68, 0x32, 0x8B, 0x48, 0x60,
    0x45, 0x8B, 0x59, 0x51, 0x24, 0x02, 0x99, 0xD0, 0x88, 0x16, 0x33, 0x82, 0x48, 0x64, 0x22, 0xA1,
    0xC1, 0x0C, 0x66, 0x31, 0xC3, 0x99, 0xCC, 0x60, 0x02, 0x11, 0x80, 0x40, 0xD4, 0x30, 0x85, 0x01,
    0x0C, 0x60, 0x00, 0x0B, 0x08, 0x44, 0x20, 0x9B, 0x19, 0xCC, 0x6A, 0x66, 0x34, 0x88, 0x00, 0x64,
    0x32, 0xA3, 0x09, 0x2D, 0x67, 0x13, 0x11, 0x2D, 0x68, 0x44, 0xB3, 0x89, 0x40, 0x44, 0xCA, 0x99,
    0x4D, 0x8C, 0x02, 0x10, 0x80, 0x60, 0x66, 0x34, 0xA1, 0xE5, 0x04, 0x22, 0x02, 0x01, 0x68, 0x66,
    0x37, 0x9B, 0x99, 0xCD, 0x86, 0x16, 0x14, 0x88, 0x40, 0x04, 0xA3, 0x9C, 0x35, 0x4C, 0x61, 0x00,
    0x03, 0x18, 0xC0, 0x02, 0x02, 0x11, 0xC8, 0x66, 0x04, 0x33, 0x9B, 0xC1, 0x0C, 0x22, 0x11, 0xC1,
    0x0C, 0x67, 0x36, 0x8B, 0x08, 0x40, 0x42, 0xB3, 0x99, 0xCD, 0x20, 0x02, 0xD0, 0xCD, 0x64, 0x86,
    0x13, 0x8C, 0x4C, 0x24, 0xA3, 0x9B, 0x0D, 0xCD, 0x26, 0x10, 0x01, 0x08, 0x40, 0x40, 0x8B, 0x19,
    0xD1, 0x64, 0x36, 0xB3, 0xA1, 0x15, 0x2D, 0x66, 0x00, 0x99, 0x08, 0x44, 0x08, 0x53, 0x18, 0xC0,
    0x00, 0x06, 0xB0, 0xA9, 0x40, 0x04, 0x22, 0x99, 0xC1, 0xCC, 0x66, 0x31, 0x83, 0x88, 0x44, 0x32,
    0x13, 0x1A, 0xD1, 0x22, 0x12, 0x10, 0xCE, 0x68, 0x46, 0x33, 0x98, 0x40, 0x04, 0x32, 0x9C, 0xC9,
    0x0C, 0x66, 0x10, 0x89, 0x0C, 0x66, 0x45, 0x13, 0x1A, 0xCC, 0x20, 0x02, 0x10, 0x8C, 0x60, 0x06,
    0xB2, 0x99, 0xC5, 0x6C, 0x66, 0x31, 0x23, 0xD8, 0x44, 0x04, 0x32, 0x11, 0x82, 0x14, 0x06, 0x30,
    0x80, 0x01, 0x6C, 0x2A, 0x10, 0x81, 0x48, 0x66, 0x30, 0xB3, 0x99, 0xCC, 0x20, 0x22, 0x10, 0xC8,
    0x72, 0x76, 0x33, 0xA3, 0x40, 0x24, 0xB2, 0x9C, 0xC9, 0x0C, 0x26, 0x10, 0x81, 0x4C, 0x66, 0x30,
    0x83, 0x89, 0x44, 0x00, 0x02, 0x58, 0xCC, 0x84, 0x06, 0xB3, 0x9A, 0x09, 0x8D, 0x68, 0x10, 0x01,
    0x48, 0x44, 0x38, 0x1B, 0x5A, 0xD1, 0x60, 0x06, 0x33, 0x88, 0x08, 0x84, 0x30, 0x85, 0x01, 0x0C,
    0x60, 0x00, 0x9B, 0x0A, 0x44, 0x20, 0x1A, 0x19, 0xCC, 0x6C, 0x36, 0x13, 0x88, 0x44, 0x06, 0xB3,
    0xA1, 0xD9, 0x04, 0x22, 0xA0, 0x09, 0x8D, 0x68, 0x31, 0x01, 0x08, 0x68, 0x34, 0x1B, 0x5A, 0x51,
    0x20, 0x02, 0x91, 0x88, 0x82, 0x36, 0x34, 0x9B, 0xCD, 0x4C, 0x66, 0x42, 0x23, 0x1A, 0x44, 0x00,
    0x02, 0x10, 0xC8, 0x66, 0x96, 0x33, 0xA2, 0xD9, 0x2C, 0x67, 0x10, 0x21, 0x08, 0x60, 0x00, 0x03,
    0x18, 0xC0, 0xA6, 0x16, 0x13, 0x88, 0x44, 0x06, 0x33, 0x9B, 0xD1, 0x04, 0x22, 0xA2, 0x19, 0x2D,
    0x67, 0x16, 0x11, 0x88, 0x68, 0x43, 0x83, 0x19, 0x44, 0x22, 0xC2, 0x99, 0xCC, 0x60, 0x06, 0x31,
    0x89, 0x04, 0x04, 0x22, 0x99, 0x09, 0x8D, 0x68, 0x30, 0xA3, 0xD9, 0xD0, 0x62, 0x76, 0x13, 0x80,
    0x40, 0x44, 0x22, 0xA2, 0xE5, 0x4C, 0x66, 0x30, 0xCB, 0x19, 0xCC, 0x1A, 0x02, 0x10, 0x80, 0x00,
    0x06, 0xB0, 0xA9, 0xC5, 0x2C, 0x22, 0x11, 0xC1, 0xCC, 0x66, 0x35, 0x81, 0x08, 0x66, 0x36, 0xA3,
    0x19, 0x46, 0x20, 0x02, 0x19, 0xCD, 0x26, 0x42, 0x11, 0x88, 0x40, 0x46, 0x34, 0x99, 0xDD, 0xAC,
    0x22, 0x10, 0x81, 0x08, 0x44, 0x34, 0xC3, 0x19, 0xCD, 0x6A, 0x46, 0xB3, 0x80, 0x40, 0x04, 0x22,
    0x90, 0xCD, 0x4C, 0x66, 0x30, 0xA3, 0x59, 0xCE, 0x0A, 0x02, 0x11, 0x82, 0x14, 0x06, 0x30, 0x80,
    0x01, 0x6C, 0x20, 0x10, 0xC5, 0x6C, 0x66, 0x30, 0xB3, 0x89, 0x44, 0x20, 0xA2, 0x99, 0xCD, 0x64,
    0x36, 0x11, 0x88, 0x40, 0x54, 0xB3, 0x9B, 0x51, 0x44, 0x20, 0x90, 0x15, 0x4D, 0x66, 0x37, 0xAB,
    0x19, 0x45, 0x20, 0x02, 0x11, 0xCD, 0x48, 0x44, 0xB3, 0x98, 0xD1, 0x6C, 0x68, 0x34, 0x01, 0x08,
    0x44, 0x20, 0x02, 0x11, 0xCD, 0x68, 0x66, 0xB4, 0x9B, 0x09, 0x84, 0x20, 0x80, 0x01, 0x0C, 0x60,
    0x00, 0x0B, 0x08, 0x64, 0x31, 0x9B, 0x19, 0x4C, 0x24, 0x32, 0x19, 0xCC, 0x64, 0x06, 0x31, 0x88,
    0x00, 0x06, 0xB3, 0x9A, 0xC9, 0x24, 0x20, 0x10, 0x01, 0x4C, 0x66, 0x45, 0x83, 0x19, 0xCC, 0x86,
    0x56, 0x10, 0x88, 0x48, 0x04, 0x22, 0x98, 0x11, 0xCD, 0x68, 0x32, 0xBB, 0xD9, 0xD0, 0x8A, 0x06,
    0x11, 0x80, 0x00, 0x06, 0xB2, 0xA1, 0xD9, 0xAC, 0x66, 0x06, 0x21, 0x08, 0x40, 0x00, 0x03, 0x18,
    0xC0, 0x06, 0x02, 0x51, 0xCC, 0x66, 0x06, 0x33, 0x89, 0x60, 0x04, 0x33, 0x99, 0x11, 0x05, 0x20,
    0xA0, 0xC5, 0x6C, 0x68, 0x00, 0x09, 0x08, 0x44, 0x30, 0x8B, 0xD9, 0xCC, 0x64, 0x36, 0xB3, 0x9A,
    0x49, 0x04, 0x22, 0x10, 0x81, 0xC8, 0x44, 0x30, 0x8B, 0x59, 0xCD, 0x66, 0x56, 0x13, 0x88, 0x40,
    0x04, 0x33, 0x9A, 0x15, 0x8D, 0x66, 0x37, 0x13, 0x88, 0x40, 0x08, 0x42, 0x18, 0xC0, 0x00, 0x06,
    0xB0, 0x80, 0x40, 0x14, 0xB3, 0x99, 0xC1, 0x4C, 0x22, 0x18, 0x81, 0x4C, 0x66, 0x30, 0xA9, 0x08,
    0x44, 0x20, 0x82, 0x19, 0xCD, 0x88, 0x42, 0x11, 0x88, 0x40, 0x24, 0xB4, 0x9A, 0x15, 0x4D, 0x66,
    0x45, 0x83, 0x08, 0x44, 0x02, 0x02, 0x10, 0xCC, 0x6C, 0x86, 0x33, 0x9B, 0x01, 0x44, 0x20, 0x10,
    0x99, 0x48, 0x68, 0x45, 0x8B, 0x59, 0xD1, 0x60, 0x12, 0x11, 0x82, 0x14, 0x06, 0x30, 0x80, 0x01,
    0x24, 0xA0, 0x98, 0xC5, 0x6C, 0x26, 0x10, 0x91, 0x28, 0x68, 0x30, 0x33, 0x1A, 0x40, 0x02, 0x22,
    0x99, 0xCC, 0x88, 0x26, 0x34, 0xA2, 0xC5, 0x24, 0x20, 0x00, 0x09, 0x4C, 0x66, 0x30, 0x83, 0x59,
    0xCD, 0x6A, 0x76, 0x11, 0x88, 0x60, 0x04, 0xA2, 0x18, 0xD5, 0x8C, 0x66, 0x30, 0x83, 0x59, 0x40,
    0x00, 0x02, 0x91, 0xCD, 0x82, 0x86, 0xB3, 0xA2, 0x04, 0x84, 0x30, 0x85, 0x01, 0x0C, 0x20, 0x00,
    0x4D, 0x2D, 0x66, 0x31, 0x8B, 0x08, 0x44, 0x36, 0x13, 0x1A, 0x4C, 0x00, 0x22, 0x10, 0xC8, 0x6E,
    0x36, 0xB4, 0xA2, 0x41, 0x44, 0x20, 0x10, 0x01, 0x48, 0x60, 0x36, 0x93, 0x19, 0xD1, 0x84, 0x46,
    0xB4, 0x98, 0x0D, 0x4D, 0x20, 0x01, 0x81, 0x08, 0x64, 0x20, 0x2B, 0x5A, 0xCD, 0x68, 0x06, 0x11,
    0x88, 0x68, 0x36, 0x34, 0x9A, 0x09, 0x24, 0x22, 0x93, 0x35, 0x4C, 0x61, 0x00, 0x01, 0x08, 0x40,
    0x53, 0x8B, 0x59, 0xCC, 0x26, 0x02, 0x91, 0xCD, 0x86, 0x06, 0x33, 0x99, 0x40, 0x04, 0x33, 0x9A,
    0xD1, 0xCC, 0x68, 0x32, 0x83, 0x08, 0x44, 0x00, 0x02, 0x11, 0xCC, 0x64, 0x36, 0xB4, 0x9A, 0x15,
    0x4D, 0x66, 0x45, 0x83, 0x08, 0x44, 0x02, 0x02, 0x18, 0xCC, 0x6C, 0x26, 0xB4, 0xA1, 0x01, 0x44,
    0x20, 0x10, 0xDD, 0x6C, 0x68, 0x45, 0xCB, 0x19, 0x44, 0x08, 0x53, 0x18, 0xC0, 0x00, 0x02, 0x90,
    0xD4, 0x62, 0x16, 0xB3, 0x89, 0x40, 0x64, 0x33, 0xA2, 0xC1, 0x2C, 0x22, 0x02, 0x81, 0xEC, 0x66,
    0x43, 0xB3, 0x99, 0xCC, 0x88, 0x06, 0x10, 0x80, 0x40, 0x24, 0x20, 0x80, 0x0D, 0x4D, 0x66, 0x30,
    0x83, 0x19, 0x4C, 0x20, 0x02, 0x10, 0xCC, 0x60, 0x36, 0xB4, 0xA2, 0xC1, 0x44, 0x22, 0x00, 0xC1,
    0x8C, 0x68, 0x46, 0x93, 0xD9, 0x4D, 0x00, 0x02, 0x59, 0xC3, 0x14, 0x06, 0x30, 0x80, 0x00, 0x36,
    0xB5, 0x98, 0xC5, 0x24, 0x22, 0x10, 0xD9, 0xAC, 0x68, 0x30, 0x1B, 0x5A, 0x40, 0x20, 0x22, 0x10,
    0xCC, 0x68, 0x36, 0x34, 0x9B, 0xC9, 0x8C, 0x68, 0x42, 0x23, 0x5A, 0x4C, 0x02, 0x02, 0x90, 0xD0,
    0x66, 0x96, 0x33, 0x99, 0x41, 0x04, 0x22, 0x00, 0x81, 0x0C, 0x60, 0x34, 0x8B, 0x19, 0x4D, 0x00,
    0x02, 0x51, 0xCD, 0x64, 0x36, 0x10, 0x88, 0x80, 0xD6, 0x30, 0x85, 0x01, 0x04, 0x20, 0x80, 0x4D,
    0x2D, 0x26, 0x10, 0x89, 0x08, 0x64, 0x36, 0x33, 0x1A, 0xCC, 0x64, 0x12, 0x10, 0x88, 0x40, 0x54,
    0x33, 0x9A, 0xD1, 0x0C, 0x67, 0x34, 0xCB, 0x19, 0xCD, 0x00, 0x02, 0x91, 0x89, 0x40, 0x04, 0xB3,
    0xA1, 0x15, 0x0D, 0x66, 0x36, 0x2B, 0x08, 0x40, 0x00, 0x22, 0x9A, 0xCC, 0x6E, 0x36, 0x14, 0x80,
    0x40, 0x44, 0xB4, 0xA2, 0xC5, 0x04, 0x23, 0x22, 0x35, 0x4C, 0x21, 0x00, 0x01, 0x08, 0x60, 0x53,
    0x8B, 0x59, 0x4C, 0x22, 0x02, 0xD1, 0xCD, 0x60, 0x06, 0x33, 0xA1, 0x01, 0x04, 0x22, 0x01, 0x01,
    0x6D, 0x66, 0x42, 0x23, 0x1A, 0xCC, 0x68, 0x76, 0x11, 0x8C, 0x4C, 0x04, 0x34, 0x98, 0xDD, 0xEC,
    0x66, 0x31, 0x93, 0x19, 0x44, 0x20, 0x82, 0x51, 0xCD, 0x8A, 0x46, 0xB3, 0x9C, 0x41, 0x04, 0x22,
    0x9A, 0xD1, 0x8C, 0x66, 0x46, 0xC3, 0x08, 0x66, 0x0D, 0x53, 0x18, 0xC0, 0x00, 0x02, 0x90, 0xD4,
    0x62, 0x16, 0xB3, 0x99, 0x40, 0x64, 0xA2, 0x98, 0xC1, 0x8C, 0x66, 0x45, 0x83, 0xD9, 0x44, 0x20,
    0x02, 0x11, 0x88, 0x40, 0x46, 0xB3, 0x99, 0xD1, 0x2C, 0x66, 0x35, 0x93, 0x08, 0x44, 0x20, 0x83,
    0x19, 0xCC, 0x68, 0x16, 0x11, 0x88, 0x40, 0x46, 0x33, 0xA3, 0xD5, 0x0C, 0x22, 0x10, 0xD1, 0x4C,
    0x66, 0x30, 0x89, 0x48, 0x40, 0x40, 0x0B, 0x5A, 0xC3, 0x14, 0x02, 0x10, 0xC0, 0x00, 0x36, 0xB5,
    0x98, 0x41, 0x24, 0x22, 0x10, 0xDD, 0x48, 0x66, 0x30, 0xAB, 0xD9, 0xCC, 0x64, 0x56, 0x30, 0x88,
    0x40, 0x24, 0x20, 0x00, 0xC1, 0xEC, 0x66, 0x30, 0x13, 0x1A, 0xD1, 0x04, 0x02, 0x91, 0x89, 0x84,
    0x56, 0xB4, 0x98, 0x15, 0x8D, 0x28, 0x10, 0x09, 0xC8, 0x64, 0x32, 0x23, 0x1A, 0x40, 0x00, 0x82,
    0xD9, 0xD0, 0x84, 0x12, 0x10, 0xC8, 0x80, 0xD6, 0x30, 0x85, 0x00, 0x04, 0x30, 0x80, 0x4D, 0x2D,
    0x66, 0x31, 0x89, 0x08, 0x44, 0x26, 0x1A, 0x19, 0xCC, 0x64, 0x06, 0xB3, 0x98, 0xD5, 0x6C, 0x66,
    0x01, 0x81, 0x48, 0x44, 0x22, 0x83, 0x19, 0xCD, 0x62, 0x56, 0x33, 0x88, 0x40, 0x04, 0x22, 0x9A,
    0x15, 0x4D, 0x66, 0x37, 0xAB, 0x09, 0x44, 0x20, 0x83, 0x19, 0xCD, 0x72, 0x02, 0x11, 0xD0, 0x68,
    0x06, 0x33, 0x9A, 0x08, 0x04, 0x30, 0xA1, 0x35, 0x0C, 0x20, 0x00, 0x01, 0x0C, 0x60, 0x53, 0x8B,
    0x59, 0xCC, 0x66, 0x02, 0x91, 0x89, 0x40, 0x04, 0xB3, 0x9A, 0xC9, 0xAC, 0x66, 0x34, 0xA3, 0x08,
    0x44, 0x20, 0x02, 0x50, 0xCD, 0x68, 0x26, 0xB3, 0xA2, 0xC1, 0x04, 0x22, 0x01, 0x01, 0x08, 0x66,
    0x37, 0x9B, 0x99, 0xCC, 0x08, 0x22, 0x10, 0xCC, 0x6E, 0x36, 0xB4, 0x82, 0x40, 0x04, 0x20, 0xA3,
    0x11, 0x6D, 0x20, 0x12, 0x89, 0x4C, 0x64, 0x0D, 0x53, 0x18, 0xC0, 0x00, 0x02, 0x90, 0x80, 0x62,
    0x14, 0xB3, 0x99, 0xC1, 0xEC, 0x66, 0x15, 0x81, 0x08, 0x44, 0x00, 0x03, 0x18, 0xD1, 0x62, 0x36,
    0x34, 0xA1, 0x0D, 0x24, 0x20, 0x00, 0x81, 0x0C, 0x66, 0x38, 0xAB, 0x19, 0xD1, 0x8C, 0x02, 0x91,
    0xC9, 0x86, 0x56, 0xB4, 0x98, 0x08, 0x04, 0xB0, 0x98, 0x0D, 0xCD, 0x26, 0x10, 0x01, 0x4D, 0x68,
    0x44, 0x83, 0x49, 0x40, 0x30, 0x83, 0x59, 0xC3, 0x14, 0x06, 0x10, 0x80, 0x00, 0x36, 0xB5, 0x98,
    0xC5, 0x6C, 0x66, 0x30, 0xBB, 0x99, 0x4D, 0x20, 0x02, 0x90, 0x80, 0x00, 0x44, 0x30, 0x98, 0xC9,
    0x0C, 0x67, 0x32, 0x0B, 0x1A, 0x40, 0x20, 0x22, 0x1A, 0xD0, 0x62, 0x46, 0x14, 0x81, 0x40, 0x64,
    0xB3, 0xA1, 0x15, 0x05, 0x22, 0x10, 0xE1, 0xAC, 0x66, 0x43, 0xB3, 0x08, 0x44, 0x00, 0x12, 0x1A,
    0xD1, 0x22, 0x12, 0x10, 0xC0, 0x6E, 0xD6, 0x30, 0x85, 0x00, 0x04, 0x20, 0x80, 0x4D, 0x2D, 0x66,
    0x31, 0x9B, 0x19, 0xC4, 0x6E, 0x76, 0x11, 0x88, 0x00, 0x24, 0x20, 0x90, 0xC1, 0x0C, 0x66, 0x34,
    0xAB, 0xD9, 0xCD, 0x20, 0x82, 0x11, 0x88, 0x88, 0x06, 0x33, 0x98, 0x0D, 0x2D, 0x20, 0x10, 0x99,
    0xEC, 0x64, 0x33, 0x23, 0x9A, 0x40, 0x20, 0xBB, 0xD9, 0xD0, 0x00, 0x02, 0x11, 0xC0, 0x8A, 0x16,
    0x33, 0x80, 0x00, 0x04, 0x34, 0x98, 0x35, 0x4C, 0x21, 0x00, 0x01, 0x08, 0x40, 0x02, 0x8A, 0x59,
    0xCC, 0x66, 0x06, 0xB3, 0x9B, 0xE1, 0x04, 0x22, 0x10, 0x09, 0x08, 0x60, 0x33, 0x13, 0x1A, 0xD1,
    0x20, 0x46, 0x91, 0x89, 0x60, 0x74, 0xB3, 0xA2, 0xC1, 0xEC, 0x66, 0x01, 0xC1, 0x08, 0x64, 0x30,
    0x8B, 0xD9, 0x4D, 0x20, 0x32, 0x51, 0xCD, 0x64, 0x46, 0x33, 0x81, 0x40, 0x46, 0x33, 0x9A, 0xD5,
    0x4C, 0x22, 0x01, 0x11, 0x6C, 0x68, 0x0D, 0x53, 0x18, 0xC0, 0x00, 0x06, 0x90, 0x80, 0x40, 0x04,
    0x22, 0x99, 0xC1, 0xEC, 0x66, 0x39, 0x83, 0x09, 0x4C, 0x02, 0x02, 0x11, 0x88, 0x6A, 0x26, 0x33,
    0x9A, 0x19, 0x8D, 0x66, 0x17, 0x81, 0x08, 0x44, 0x34, 0x8B, 0x19, 0x4D, 0x00, 0x02, 0xD1, 0xD0,
    0x64, 0x36, 0x14, 0x88, 0x40, 0x54, 0xB3, 0x9A, 0x45, 0x04, 0x22, 0x9A, 0xE1, 0x8C, 0x66, 0x46,
    0x81, 0x08, 0x44, 0x00, 0xB3, 0x59, 0xC3, 0x14, 0x06, 0x30, 0x80, 0x01, 0x24, 0x20, 0x10, 0x81,
    0x68, 0x66, 0x30, 0xBB, 0x59, 0xD0, 0x60, 0x06, 0x33, 0x98, 0x0D, 0x04, 0x20, 0x10, 0x99, 0x0C,
    0x67, 0x41, 0x23, 0x9A, 0xD1, 0x20, 0x32, 0x91, 0x80, 0x8A, 0x16, 0x33, 0x80, 0x00, 0x04, 0x33,
    0xA1, 0x01, 0x04, 0x22, 0xA1, 0x09, 0x6D, 0x66, 0x00, 0x01, 0x08, 0x44, 0x34, 0xBB, 0x19, 0xCE,
    0x26, 0x02, 0x10, 0xD0, 0x60, 0xD6, 0x30, 0x85, 0x01, 0x0C, 0x20, 0x00, 0x09, 0x08, 0x64, 0x31,
    0x9B, 0x19, 0xCC, 0x6E, 0x26, 0x34, 0x98, 0x41, 0x64, 0x22, 0x00, 0xC1, 0x48, 0x66, 0x30, 0x93,
    0x99, 0x44, 0x20, 0x02, 0x11, 0xCD, 0x8C, 0x46, 0x33, 0x99, 0x40, 0x04, 0x22, 0x9A, 0xD1, 0x8C,
    0x66, 0x46, 0x81, 0xC8, 0x64, 0x34, 0xBB, 0x19, 0x4D, 0x20, 0x02, 0x11, 0xC8, 0x6A, 0x46, 0x33,
    0x99, 0x40, 0x04, 0x20, 0xA2, 0x35, 0x4C, 0x61, 0x00, 0x03, 0x18, 0xC0, 0xA6, 0x16, 0x11, 0x88,
    0x44, 0x04, 0xA2, 0x9B, 0x09, 0x0D, 0x66, 0x35, 0x9B, 0x08, 0x44, 0x20, 0xA3, 0x99, 0xD1, 0x6A,
    0x46, 0x11, 0x88, 0x40, 0x04, 0x32, 0x98, 0xD5, 0x8C, 0x22, 0x10, 0xE1, 0x8C, 0x66, 0x39, 0x8B,
    0x48, 0x44, 0x30, 0x83, 0x59, 0xCD, 0x2C, 0x02, 0x11, 0x88, 0x6A, 0x26, 0xB3, 0x9A, 0xCD, 0x0C,
    0x22, 0x18, 0xC1, 0x48, 0x44, 0x08, 0x52, 0x18, 0xC0, 0x00, 0x06, 0xB0, 0xA9, 0xC5, 0x0C, 0x22,
    0x11, 0x81, 0xE8, 0x66, 0x44, 0x83, 0x19, 0xCD, 0x84, 0x02, 0x11, 0x80, 0x40, 0x04, 0x32, 0x9A,
    0x19, 0x8D, 0x26, 0x12, 0x81, 0x08, 0x66, 0x34, 0x03, 0x08, 0x44, 0x20, 0x82, 0x59, 0xD1, 0x20,
    0x02, 0xD1, 0xC0, 0x8A, 0x06, 0xB3, 0x89, 0x00, 0x44, 0x33, 0xA2, 0x19, 0x4D, 0x66, 0x37, 0x1B,
    0x08, 0x40, 0x30, 0x22, 0x11, 0xC2, 0x14, 0x04, 0x30, 0x80, 0x01, 0x6C, 0x6A, 0x31, 0x83, 0x48,
    0x44, 0x20, 0xB2, 0x59, 0xD1, 0x60, 0x16, 0xB3, 0xA2, 0x11, 0x05, 0x22, 0x01, 0x91, 0x4C, 0x66,
    0x44, 0x13, 0x0A, 0x40, 0x20, 0x1A, 0x9A, 0xD0, 0x02, 0x12, 0x11, 0xCC, 0x64, 0x06, 0x33, 0x88,
    0x00, 0x04, 0xB3, 0x9B, 0xD1, 0x2C, 0x67, 0x34, 0x91, 0x08, 0x44, 0x35, 0x93, 0xD9, 0xD0, 0x64,
    0x36, 0xB4, 0x80, 0xC1, 0x84, 0x20, 0x00, 0x01, 0x08, 0x60, 0x00, 0x9B, 0x5A, 0xCC, 0x62, 0x12,
    0x11, 0x88, 0x4C, 0x66, 0x20, 0x98, 0xD1, 0x0C, 0x67, 0x35, 0x81, 0x08, 0x64, 0x32, 0xA3, 0x99,
    0x4C, 0x20, 0x02, 0x11, 0xC8, 0x8A, 0x46, 0x13, 0x8A, 0x40, 0x04, 0x22, 0xA1, 0x15, 0x0D, 0x66,
    0x13, 0x01, 0x08, 0x68, 0x44, 0x33, 0x9A, 0xCC, 0x26, 0x12, 0x10, 0x80, 0x60, 0x46, 0xB4, 0xA2,
    0xC5, 0xAC, 0x66, 0x46, 0x2B, 0x08, 0x40, 0x00, 0x02, 0x18, 0xC0, 0xA6, 0x16, 0xB3, 0x98, 0x4D,
    0x04, 0x22, 0x18, 0x81, 0x0C, 0x64, 0x42, 0x23, 0x5A, 0x4C, 0x02, 0x02, 0xD8, 0xCC, 0x84, 0x06,
    0x10, 0x88, 0x40, 0x76, 0x33, 0x9C, 0xDD, 0x04, 0x20, 0x90, 0xC1, 0x2C, 0x67, 0x30, 0x81, 0x08,
    0x44, 0x31, 0xB3, 0x19, 0xCD, 0x30, 0x06, 0x11, 0x81, 0x40, 0x64, 0x22, 0x98, 0x81, 0xA8, 0x66,
    0x37, 0xB3, 0x59, 0xD1, 0x1A, 0xA6, 0x10, 0x80, 0x00, 0x04, 0xB0, 0xA9, 0xC5, 0x2C, 0x66, 0x33,
    0x83, 0x08, 0x46, 0x20, 0x82, 0x19, 0xCD, 0x8C, 0x56, 0x33, 0x88, 0x40, 0x34, 0x34, 0x9A, 0xD1,
    0x4C, 0x22, 0x11, 0x81, 0x08, 0x66, 0x34, 0x8B, 0x08, 0x64, 0x38, 0xA3, 0x59, 0x44, 0x20, 0x02,
    0x10, 0xCD, 0x6E, 0x46, 0xB3, 0x9A, 0xC9, 0x2C, 0x22, 0x10, 0x81, 0x08, 0x44, 0x20, 0x92, 0xD9,
    0xD0, 0x8A, 0x66, 0xB3, 0x86, 0x29, 0x0C, 0x20, 0x00, 0x01, 0x68, 0x6A, 0x31, 0x8B, 0xD9, 0xCC,
    0x60, 0x86, 0x11, 0x88, 0x40, 0x04, 0x33, 0x98, 0x0D, 0xAD, 0x60, 0x10, 0xC1, 0x08, 0x64, 0x42,
    0x03, 0x88, 0x40, 0x20, 0xB2, 0xD9, 0xD0, 0x00, 0x02, 0x11, 0xC0, 0x88, 0x06, 0xB3, 0xA1, 0x48,
    0x04, 0x22, 0xA0, 0x01, 0x8D, 0x68, 0x31, 0x1B, 0x9A, 0xD0, 0x86, 0x06, 0x13, 0x88, 0x40, 0x44,
    0x22, 0x1B, 0xC9, 0xAC, 0x61, 0x0A, 0x03, 0x08, 0x40, 0x00, 0x92, 0x5A, 0xCC, 0x62, 0x36, 0x33,
    0x98, 0x61, 0x24, 0x22, 0x90, 0xD5, 0xEC, 0x66, 0x34, 0xC3, 0x08, 0x44, 0x30, 0xAB, 0x19, 0xCD,
    0x24, 0x36, 0x11, 0xC8, 0x66, 0x26, 0xB3, 0x99, 0x55, 0x04, 0x22, 0x10, 0xC1, 0x68, 0x66, 0x43,
    0x93, 0x19, 0x44, 0x20, 0x12, 0x11, 0x88, 0x40, 0x16, 0xB3, 0x9C, 0xC9, 0x0C, 0x66, 0x34, 0x83,
    0x59, 0x40, 0x26, 0x42, 0x10, 0xC0, 0x00, 0x06, 0x30, 0x80, 0x4D, 0x2D, 0x22, 0x10, 0x89, 0x08,
    0x64, 0x38, 0xA3, 0x19, 0x4C, 0x20, 0x02, 0x11, 0xCD, 0x8C, 0x16, 0x11, 0x88, 0x6A, 0x46, 0x33,
    0x99, 0x44, 0x04, 0x22, 0x90, 0x0D, 0xAD, 0x68, 0x10, 0xC1, 0x48, 0x64, 0x30, 0x23, 0x9A, 0xD1,
    0x64, 0x76, 0xB3, 0xA0, 0x00, 0x04, 0x22, 0x00, 0x11, 0x0C, 0x60, 0x43, 0xB3, 0x99, 0xCC, 0x88,
    0x56, 0x33, 0xA1, 0x15, 0x04, 0x20, 0x00, 0x01, 0x0C, 0x60, 0x53, 0x8B, 0x59, 0xCC, 0x22, 0x02,
    0x11, 0xCE, 0x6A, 0x06, 0x33, 0xA1, 0x00, 0x04, 0xB2, 0xA1, 0x09, 0x25, 0x20, 0x10, 0x81, 0x08,
    0x66, 0x44, 0xA3, 0x09, 0x44, 0x20, 0x32, 0x9A, 0xCC, 0x66, 0x06, 0x11, 0x88, 0x40, 0x24, 0x30,
    0x98, 0x19, 0xAD, 0x66, 0x36, 0xA3, 0x59, 0xC5, 0x20, 0x12, 0x11, 0x88, 0x40, 0x04, 0x23, 0x98,
    0xCD, 0x2C, 0x66, 0x0D, 0x03, 0x08, 0x40, 0x00, 0x03, 0xD8, 0xD4, 0x62, 0x16, 0xB3, 0x89, 0x40,
    0x04, 0x33, 0x9B, 0xC1, 0x6C, 0x66, 0x01, 0x81, 0x08, 0x64, 0x43, 0x2B, 0x0A, 0x44, 0x30, 0xA2,
    0x59, 0xCD, 0x88, 0x66, 0x10, 0x88, 0x4C, 0x36, 0xB4, 0xA2, 0xC5, 0xCC, 0x28, 0x10, 0x01, 0x48,
    0x40, 0x24, 0x02, 0x11, 0xC0, 0x00, 0x46, 0xB4, 0x98, 0x0D, 0x4D, 0x68, 0x03, 0x81, 0x08, 0x44,
    0x34, 0xC3, 0x59, 0xC3, 0x14, 0x06, 0x10, 0x80, 0x00, 0x34, 0xB5, 0x98, 0xC5, 0x6C, 0x26, 0x10,
    0xC1, 0xEC, 0x66, 0x30, 0x8B, 0x09, 0x44, 0x20, 0xBB, 0x19, 0xCD, 0x70, 0x02, 0x11, 0xCC, 0x64,
    0x06, 0x33, 0x9A, 0x45, 0x04, 0x22, 0x10, 0x81, 0xAC, 0x66, 0x32, 0x9B, 0x99, 0xCC, 0x60, 0x46,
    0x13, 0x82, 0x40, 0x04, 0x22, 0x10, 0x81, 0xAC, 0x66, 0x32, 0xA3, 0x59, 0xCE, 0x68, 0x02, 0x91,
    0x89, 0x40, 0xD4, 0x30, 0x85, 0x01, 0x0C, 0x60, 0x00, 0x09, 0x08, 0x44, 0x30, 0x9B, 0x19, 0xCC,
    0x30, 0x82, 0x11, 0x8C, 0x68, 0x46, 0x33, 0x88, 0x40, 0x36, 0xB4, 0xA2, 0x41, 0x04, 0x23, 0x9B,
    0xC5, 0x8C, 0x68, 0x46, 0x93, 0xC9, 0x44, 0x02, 0x02, 0x5A, 0xCC, 0x8C, 0x56, 0xB3, 0x9B, 0x0D,
    0xCD, 0x66, 0x12, 0x03, 0x08, 0x40, 0x00, 0x02, 0xD9, 0xC0, 0x84, 0x36, 0xB4, 0x99, 0xE5, 0x2C,
    0x20, 0x00, 0x21, 0x08, 0x40, 0x00, 0x03, 0x18, 0xC0, 0x06, 0x02, 0x11, 0xC8, 0x66, 0x06, 0x13,
    0x8C, 0x60, 0x04, 0x32, 0x99, 0x41, 0x04, 0x22, 0x80, 0xD5, 0x6C, 0x66, 0x34, 0xA1, 0x08, 0x44,
    0x30, 0x92, 0xD9, 0xD0, 0x64, 0x36, 0x34, 0x8A, 0x04, 0x04, 0x22, 0x02, 0xD5, 0xCC, 0x66, 0x34,
    0xAB, 0x19, 0xCC, 0x60, 0x16, 0x10, 0x80, 0x40, 0x04, 0xB3, 0x9C, 0xC9, 0x8C, 0x68, 0x46, 0xB3,
    0x19, 0x44, 0x08, 0x02, 0x18, 0xC0, 0x00, 0x06, 0xB0, 0x81, 0x40, 0x14, 0xB3, 0x99, 0xC1, 0x04,
    0x23, 0x00, 0xC1, 0x4C, 0x66, 0x37, 0x0B, 0x08, 0x40, 0x20, 0x03, 0x5A, 0xD1, 0x62, 0x26, 0x10,
    0x80, 0x40, 0x24, 0x30, 0xA1, 0xCD, 0x4C, 0x68, 0x44, 0x83, 0x08, 0x44, 0x26, 0x82, 0x91, 0x89,
    0x8A, 0x06, 0xB3, 0x9C, 0xCD, 0x2C, 0x68, 0x32, 0x83, 0x08, 0x44, 0x20, 0xA3, 0x19, 0xCD, 0x6A,
    0x66, 0x13, 0x82, 0x00, 0x04, 0x30, 0x80, 0x01, 0x6C, 0x2A, 0x10, 0xC1, 0x6C, 0x66, 0x30, 0xC3,
    0x09, 0x40, 0x20, 0xA2, 0x99, 0xD1, 0x64, 0x36, 0x11, 0x88, 0x40, 0x46, 0xB3, 0x9B, 0xD1, 0x8C,
    0x26, 0x10, 0x81, 0x08, 0x44, 0x20, 0xA2, 0x59, 0xCD, 0x68, 0x56, 0x34, 0x9A, 0x19, 0xAD, 0x66,
    0x15, 0xA1, 0xC8, 0x44, 0x20, 0x82, 0x99, 0xCC, 0x60, 0x36, 0xB3, 0xA0, 0x40, 0x04, 0x22, 0x9C,
    0xC1, 0xAC, 0x61, 0x0A, 0x03, 0x08, 0x60, 0x00, 0x9B, 0x5A, 0xCC, 0x20, 0x12, 0x11, 0xCC, 0x70,
    0x36, 0x10, 0x88, 0x84, 0x56, 0x34, 0x98, 0xE1, 0x0C, 0x20, 0x02, 0x11, 0xCD, 0x68, 0x32, 0xBB,
    0xD9, 0x40, 0x80, 0x16, 0x33, 0x80, 0x00, 0x04, 0x22, 0x01, 0x91, 0x4C, 0x66, 0x44, 0x13, 0x1A,
    0xD1, 0x62, 0x16, 0x34, 0x80, 0x04, 0x04, 0x22, 0x10, 0xC5, 0xAC, 0x66, 0x34, 0xC3, 0x19, 0x40,
    0x30, 0x42, 0x98, 0xC2, 0x00, 0x06, 0x10, 0x80, 0x84, 0x16, 0xB3, 0x98, 0x4D, 0x04, 0x22, 0x9C,
    0x11, 0x0D, 0x66, 0x14, 0x11, 0x08, 0x66, 0x37, 0x93, 0x19, 0xCC, 0x68, 0x46, 0x11, 0x88, 0x08,
    0x04, 0x22, 0x91, 0x89, 0x0C, 0x66, 0x34, 0xB3, 0x19, 0xCD, 0x68, 0x02, 0x11, 0x88, 0x40, 0x24,
    0x34, 0x99, 0xC1, 0x8C, 0x26, 0x10, 0x81, 0x08, 0x44, 0x34, 0x33, 0x5A, 0xCD, 0x6A, 0x06, 0x11,
    0x88, 0x10, 0xA6, 0x30, 0x80, 0x01, 0x04, 0x20, 0xA9, 0xC5, 0x2C, 0x66, 0x13, 0x81, 0x08, 0x46,
    0x05, 0x83, 0x59, 0xCD, 0x60, 0x02, 0x11, 0x88, 0x44, 0x24, 0x34, 0x98, 0xC1, 0x6C, 0x68, 0x45,
    0x83, 0x19, 0x4E, 0x02, 0x22, 0x10, 0x80, 0x88, 0x26, 0xB3, 0x9B, 0x0D, 0xAD, 0x68, 0x31, 0x2B,
    0x8A, 0x40, 0x00, 0x12, 0x98, 0xCD, 0x64, 0x46, 0x34, 0xA1, 0x00, 0x04, 0xA2, 0xA1, 0x19, 0x8D,
    0x26, 0x05, 0x01, 0x08, 0x60, 0x00, 0x03, 0x48, 0x40, 0x20, 0x8B, 0xD9, 0xCC, 0x60, 0x82, 0x11,
    0x81, 0x60, 0x26, 0xB4, 0xA1, 0xC9, 0x0C, 0x22, 0x10, 0xC1, 0x08, 0x64, 0x37, 0xA3, 0x19, 0xCE,
    0x68, 0x16, 0xB3, 0x9A, 0x41, 0x0C, 0x26, 0x10, 0x81, 0x08, 0x40, 0x20, 0xC2, 0x19, 0xCD, 0x8A,
    0x46, 0x33, 0x9A, 0xC9, 0x04, 0x22, 0x10, 0x11, 0x8D, 0x66, 0x36, 0x93, 0x09, 0x44, 0x00, 0x82,
    0x59, 0xC3, 0x14, 0x06, 0x10, 0x80, 0x00, 0x36, 0xB5, 0x98, 0x45, 0x24, 0x22, 0x90, 0xE5, 0x0C,
    0x66, 0x10, 0x89, 0x48, 0x40, 0x20, 0x83, 0x19, 0xCD, 0x68, 0x46, 0x33, 0xA1, 0x41, 0x24, 0x22,
    0x10, 0x81, 0x08, 0x44, 0x43, 0xA3, 0x59, 0xCE, 0x68, 0x26, 0x34, 0x88, 0x40, 0x04, 0x22, 0x10,
    0x0D, 0xAD, 0x68, 0x30, 0xC3, 0x88, 0x40, 0x22, 0x02, 0x9A, 0xD1, 0x24, 0x32, 0x11, 0x80, 0x00,
    0x84, 0x30, 0x85, 0x01, 0x04, 0x20, 0x80, 0x4D, 0x2D, 0x66, 0x31, 0x8B, 0x08, 0x44, 0x39, 0x8B,
    0x19, 0xCC, 0x86, 0x56, 0x10, 0x88, 0x08, 0x04, 0xB2, 0x80, 0x0D, 0xCC, 0x66, 0x32, 0x23, 0x9A,
    0xD0, 0x80, 0x16, 0x91, 0x80, 0x00, 0x24, 0x30, 0x98, 0xC1, 0x2C, 0x66, 0x32, 0x83, 0x08, 0x44,
    0x20, 0x32, 0x9A, 0xCC, 0x66, 0x26, 0x33, 0x88, 0x40, 0x64, 0x33, 0x9A, 0xE5, 0x2C, 0x23, 0x01,
    0x35, 0x4C, 0x61, 0x00, 0x01, 0x08, 0x40, 0x53, 0x8B, 0x59, 0xCC, 0x26, 0x02, 0x11, 0x8C, 0x60,
    0x06, 0xB3, 0x9A, 0xD9, 0x8C, 0x66, 0x35, 0x81, 0x09, 0x44, 0x22, 0x12, 0x10, 0x88, 0x40, 0x44,
    0x33, 0x9B, 0xD5, 0x4C, 0x22, 0x14, 0x81, 0x08, 0x44, 0x34, 0xA3, 0xD9, 0xD0, 0x6A, 0x96, 0x33,
    0x98, 0x40, 0x24, 0x20, 0xA0, 0xC1, 0x2C, 0x67, 0x31, 0x01, 0x08, 0x68, 0x46, 0x8B, 0x59, 0x4D,
    0x08, 0x42, 0x18, 0xC0, 0x00, 0x06, 0x90, 0x80, 0x60, 0x16, 0xB3, 0x99, 0xC1, 0x2C, 0x27, 0x11,
    0x81, 0x08, 0x44, 0x37, 0x13, 0x5A, 0xD1, 0x62, 0x66, 0xB4, 0x9A, 0x5D, 0x2C, 0x20, 0x12, 0x81,
    0x08, 0x40, 0x00, 0x03, 0x5A, 0xCC, 0x86, 0x26, 0xB4, 0x81, 0x44, 0x04, 0x23, 0x10, 0x81, 0x0C,
    0x66, 0x37, 0xA3, 0x09, 0x46, 0x20, 0x83, 0x19, 0xCD, 0x20, 0x02, 0x91, 0xD1, 0x6C, 0x46, 0xB3,
    0x82, 0x00, 0x04, 0x30, 0x80, 0x01, 0x6C, 0x2A, 0x10, 0x81, 0x48, 0x66, 0x30, 0xCB, 0x19, 0xCD,
    0x60, 0x42, 0x11, 0x80, 0x40, 0x04, 0x22, 0x98, 0xC1, 0x6C, 0x68, 0x45, 0x83, 0x59, 0xCE, 0x66,
    0x12, 0x10, 0x80, 0x08, 0x04, 0xB3, 0x9B, 0x0D, 0xAD, 0x68, 0x31, 0x03, 0x08, 0x40, 0x20, 0x02,
    0x1A, 0xD1, 0x62, 0x32, 0x10, 0x80, 0x64, 0x26, 0x34, 0xA2, 0x40, 0x04, 0x22, 0xA1, 0x19, 0xAD,
    0x61, 0x0A, 0x01, 0x08, 0x60, 0x00, 0x9B, 0x5A, 0xCC, 0x62, 0x12, 0x11, 0x88, 0x60, 0x56, 0x33,
    0x98, 0xDD, 0x0C, 0x67, 0x37, 0x2B, 0x1A, 0xCC, 0x32, 0x02, 0x10, 0x89, 0x40, 0x04, 0x23, 0x98,
    0x15, 0xAD, 0x66, 0x33, 0x83, 0x88, 0x40, 0x20, 0x23, 0x1A, 0xCD, 0x6A, 0x46, 0x11, 0x88, 0x40,
    0x94, 0x33, 0x9A, 0x11, 0x05, 0x22, 0x10, 0x85, 0x6C, 0x66, 0x32, 0x81, 0x08, 0x40, 0x00, 0x6A,
    0x98, 0xC2, 0x00, 0x06, 0x10, 0x80, 0xA4, 0x16, 0xB3, 0x98, 0xCD, 0x0C, 0x62, 0x18, 0x91, 0x08,
    0x44, 0x20, 0x82, 0x91, 0x88, 0x0A, 0x04, 0xB3, 0xA2, 0xC1, 0x0C, 0x66, 0x43, 0x21, 0x08, 0x44,
    0x30, 0xA2, 0x99, 0xCD, 0x88, 0x66, 0x34, 0x99, 0x4D, 0x24, 0x20, 0xA0, 0xC5, 0xAC, 0x68, 0x40,
    0x83, 0x48, 0x68, 0x36, 0x93, 0x09, 0x41, 0x00, 0x02, 0x5A, 0xCC, 0x06, 0x02, 0x91, 0xC8, 0x1A,
    0xA6, 0x30, 0x80, 0x00, 0x04, 0x20, 0xA9, 0xC5, 0x2C, 0x66, 0x33, 0x83, 0x59, 0xCE, 0x66, 0x02,
    0x11, 0x80, 0x04, 0x04, 0x22, 0x10, 0x81, 0x6C, 0x68, 0x35, 0xBB, 0x19, 0x4D, 0x30, 0x02, 0x11,
    0x8C, 0x40, 0x06, 0x22, 0x9A, 0xCD, 0x8C, 0x66, 0x31, 0x81, 0x08, 0x40, 0x20, 0xBB, 0x59, 0xCD,
    0x68, 0x02, 0x91, 0xC8, 0x64, 0x56, 0x34, 0x88, 0x40, 0x34, 0xB4, 0xA2, 0x19, 0x6D, 0x22, 0x04,
    0x01, 0x08, 0x60, 0x00, 0x03, 0xD8, 0xD4, 0x60, 0x02, 0x91, 0x88, 0x40, 0x84, 0x33, 0x9C, 0xC1,
    0x0C, 0x66, 0x39, 0x9B, 0x48, 0x44, 0x00, 0x22, 0x10, 0x88, 0x6E, 0x36, 0xB4, 0xA2, 0xC0, 0x04,
    0x20, 0x02, 0x01, 0x6C, 0x68, 0x36, 0x93, 0x09, 0x40, 0x00, 0x02, 0x50, 0xCC, 0x86, 0x26, 0x94,
    0x80, 0x40, 0x04, 0xB3, 0x98, 0xE1, 0x8C, 0x26, 0x10, 0x81, 0xCC, 0x68, 0x41, 0xAB, 0x59, 0xC3,
    0x00, 0x02, 0x10, 0xC0, 0x00, 0x36, 0xB5, 0x98, 0xC5, 0x2C, 0x26, 0x10, 0xC1, 0x08, 0x46, 0x20,
    0x82, 0xD9, 0xCC, 0x64, 0x06, 0xB3, 0x9A, 0xDD, 0x8C, 0x22, 0x10, 0x81, 0x08, 0x68, 0x30, 0xA3,
    0x99, 0xCC, 0x60, 0x16, 0x11, 0x88, 0x68, 0x66, 0x34, 0x99, 0x40, 0x04, 0x22, 0x98, 0xD1, 0xAC,
    0x22, 0x10, 0x81, 0x8C, 0x66, 0x31, 0xA3, 0x09, 0x44, 0x20, 0x1B, 0xDA, 0xCD, 0x88, 0xD6, 0x30,
    0x80, 0x00, 0x04, 0x20, 0x80, 0x4D, 0x2D, 0x66, 0x31, 0x9B, 0x19, 0xCC, 0x72, 0x16, 0x34, 0x98,
    0x40, 0x04, 0x22, 0x10, 0x81, 0xA8, 0x66, 0x34, 0xA3, 0x99, 0xD1, 0x66, 0x12, 0x10, 0x88, 0x40,
    0x34, 0xB4, 0xA2, 0xC1, 0x2C, 0x27, 0x18, 0x01, 0x8C, 0x68, 0x46, 0x93, 0xD9, 0x44, 0x02, 0x02,
    0x5A, 0xCC, 0x8C, 0x02, 0x11, 0x80, 0x84, 0x66, 0x33, 0x99, 0x00, 0x04, 0x23, 0x98, 0x21, 0x4C,
    0x61, 0x00, 0x03, 0x18, 0x40, 0x02, 0x02, 0x11, 0x88, 0x44, 0x04, 0xB2, 0x9C, 0x01, 0x0D, 0x66,
    0x42, 0x23, 0x5A, 0xCC, 0x06, 0x02, 0x90, 0x80, 0x60, 0x06, 0xB3, 0x98, 0xCD, 0xAC, 0x26, 0x13,
    0x81, 0x08, 0x67, 0x35, 0xCB, 0x99, 0x4C, 0x26, 0x02, 0xD9, 0xCC, 0x64, 0x06, 0x11, 0x88, 0x40,
    0x46, 0x33, 0x9C, 0xD1, 0x04, 0x22, 0x98, 0xD1, 0x4C, 0x66, 0x30, 0xC1, 0x08, 0x46, 0x08, 0x02,
    0x18, 0xC0, 0x00, 0x06, 0xB0, 0xA9, 0xC5, 0x2C, 0x66, 0x33, 0x83, 0x08, 0x46, 0x02, 0x02, 0x11,
    0xCD, 0x64, 0x46, 0x33, 0xA3, 0xC5, 0x04, 0x22, 0x10, 0xC1, 0x8C, 0x66, 0x35, 0xAB, 0x89, 0x4C,
    0x20, 0x12, 0x11, 0xC8, 0x60, 0x36, 0x94, 0x80, 0x40, 0x94, 0x33, 0xA1, 0x45, 0x04, 0x20, 0xA2,
    0xC9, 0xEC, 0x66, 0x43, 0x01, 0x08, 0x44, 0x44, 0xAB, 0xD9, 0xCD, 0x6C, 0x66, 0xB3, 0x86, 0x01,
    0x04, 0x20, 0x00, 0x01, 0x68, 0x6A, 0x31, 0x8B, 0xD9, 0xCC, 0x60, 0x96, 0x33, 0x82, 0x40, 0x24,
    0x20, 0x9A, 0xC1, 0x8C, 0x68, 0x42, 0x23, 0x5A, 0x4C, 0x02, 0x02, 0x90, 0xD0, 0x66, 0x96, 0x33,
    0x89, 0x40, 0x04, 0xA2, 0xA1, 0xD1, 0x84, 0x22, 0x10, 0xC1, 0x8C, 0x66, 0x35, 0x81, 0x08, 0x44,
    0x24, 0x23, 0x9A, 0x4C, 0x02, 0x02, 0x91, 0x80, 0x40, 0x64, 0xB3, 0x98, 0x19, 0xAD, 0x61, 0x0A,
    0x01, 0x18, 0x40, 0x00, 0x12, 0x10, 0xC8, 0x62, 0x36, 0x33, 0x98, 0xE5, 0xAC, 0x68, 0x30, 0xA1,
    0x19, 0x44, 0x20, 0x02, 0x59, 0xCD, 0x64, 0x06, 0x33, 0x88, 0x04, 0x04, 0x30, 0x98, 0xE5, 0x8C,
    0x68, 0x18, 0x01, 0xCC, 0x68, 0x32, 0xBB, 0x48, 0x40, 0x00, 0x8B, 0x19, 0x51, 0x02, 0x02, 0x11,
    0x80, 0x80, 0x16, 0xB3, 0xA1, 0x01, 0x24, 0x22, 0x00, 0x01, 0xC8, 0x44, 0x30, 0x6B, 0x98, 0xC2,
    0x00, 0x06, 0x30, 0x80, 0x05, 0x04, 0x22, 0x10, 0x89, 0x08, 0x46, 0x39, 0x33, 0x1A, 0xCC, 0x60,
    0x46, 0xB3, 0x8B, 0x60, 0x64, 0x22, 0xA2, 0xC1, 0x2C, 0x68, 0x36, 0xA3, 0x08, 0x44, 0x20, 0x8B,
    0x59, 0xCE, 0x6A, 0x36, 0x11, 0xC8, 0x70, 0x46, 0xB3, 0x98, 0x55, 0x04, 0x22, 0x98, 0xC1, 0x8C,
    0x66, 0x30, 0x81, 0x88, 0x40, 0x30, 0x9B, 0x59, 0xCD, 0x64, 0x66, 0x34, 0x9B, 0x15, 0x04, 0x20,
    0x00, 0x01, 0x08, 0x60, 0x53, 0x0B, 0x59, 0xCC, 0x66, 0x06, 0x33, 0x80, 0x40, 0x04, 0x22, 0x98,
    0xC1, 0x6C, 0x66, 0x43, 0x81, 0x48, 0x44, 0x30, 0x83, 0x59, 0xCD, 0x26, 0x02, 0x11, 0x88, 0x68,
    0x76, 0x33, 0x9A, 0x4D, 0x04, 0x22, 0x9A, 0xD5, 0x6C, 0x66, 0x35, 0x81, 0x08, 0x44, 0x30, 0xAB,
    0x19, 0xCD, 0x68, 0x66, 0x14, 0x88, 0x44, 0x04, 0x22, 0x10, 0x81, 0x08, 0x60, 0x0D, 0x53, 0x18,
    0xC0, 0x00, 0x06, 0xB0, 0xA9, 0xC5, 0x0C, 0x22, 0x11, 0x81, 0x28, 0x68, 0x31, 0x83, 0xD9, 0xD0,
    0x0A, 0x02, 0x11, 0x8C, 0x8C, 0x76, 0x33, 0xA2, 0x19, 0x04, 0x22, 0x93, 0x09, 0xAD, 0x68, 0x11,
    0x01, 0x08, 0x68, 0x30, 0x1B, 0x8A, 0x44, 0x20, 0x02, 0x9A, 0xD0, 0x88, 0x16, 0x93, 0x80, 0x00,
    0x24, 0x20, 0x99, 0xC1, 0x2C, 0x66, 0x34, 0xAB, 0xD9, 0xCD, 0x64, 0x26, 0x14, 0x82, 0x00, 0x04,
    0x20, 0x80, 0x01, 0x6C, 0x6A, 0x31, 0x8B, 0xD9, 0xCC, 0x20, 0x02, 0x10, 0xC8, 0x60, 0x46, 0x33,
    0x9C, 0xD1, 0xCC, 0x68, 0x10, 0x81, 0x08, 0x64, 0x31, 0xAB, 0x19, 0x44, 0x20, 0x02, 0x11, 0xCD,
    0x6A, 0x46, 0x11, 0x88, 0x68, 0x26, 0xB3, 0x9A, 0x44, 0x04, 0x22, 0x10, 0x81, 0x2C, 0x67, 0x34,
    0x2B, 0x1A, 0xCC, 0x26, 0x02, 0x11, 0x88, 0x40, 0x04, 0x22, 0xA1, 0xCD, 0xAC, 0x61, 0x0A, 0x03,
    0x18, 0xC0, 0x00, 0x12, 0x10, 0x88, 0x60, 0x36, 0x33, 0x98, 0x05, 0x6D, 0x66, 0x10, 0x89, 0x48,
    0x68, 0x35, 0x9B, 0x19, 0x44, 0x20, 0x12, 0x50, 0xD1, 0x60, 0x16, 0xB4, 0x88, 0x08, 0x04, 0x34,
    0xA3, 0xC9, 0xEC, 0x66, 0x01, 0x01, 0x08, 0x66, 0x45, 0x33, 0x1A, 0xD1, 0x86, 0x22, 0x11, 0x88,
    0x00, 0x04, 0x34, 0xA0, 0xC5, 0x6C, 0x68, 0x42, 0x1B, 0x1A, 0x40, 0x20, 0x42, 0x10, 0x80, 0x00,
    0x04, 0x30, 0x80, 0x4D, 0x2D, 0x66, 0x31, 0x9B, 0x19, 0x44, 0x00, 0x02, 0x11, 0xCC, 0x64, 0x06,
    0xB3, 0x88, 0x40, 0x44, 0xB3, 0x9B, 0xD1, 0x0C, 0x23, 0x10, 0xE5, 0x4C, 0x66, 0x30, 0xA1, 0x08,
    0x44, 0x30, 0x33, 0x9A, 0xCC, 0x66, 0x56, 0x11, 0x88, 0x40, 0x04, 0xB2, 0x99, 0x0D, 0xAD, 0x66,
    0x33, 0x93, 0x19, 0xCC, 0x6A, 0x02, 0x11, 0x88, 0x40, 0x04, 0x20, 0x00, 0x35, 0x4C, 0x61, 0x00,
    0x03, 0x18, 0xC0, 0x06, 0x02, 0x11, 0x88, 0x64, 0x06, 0xB3, 0xA0, 0xD5, 0x04, 0x22, 0x10, 0xC9,
    0x8C, 0x66, 0x35, 0xAB, 0x08, 0x44, 0x30, 0x9B, 0x59, 0xCD, 0x8A, 0x02, 0x11, 0x88, 0x86, 0x56,
    0x34, 0x88, 0x00, 0x04, 0x22, 0x98, 0x11, 0xCD, 0x68, 0x32, 0xBB, 0x48, 0x40, 0x00, 0x02, 0x11,
    0xD1, 0x40, 0x14, 0xB4, 0xA1, 0xD9, 0x4C, 0x66, 0x44, 0x33, 0x9A, 0x50, 0x08, 0x02, 0x10, 0x80,
    0x00, 0x06, 0xB0, 0xA9, 0xC5, 0x2C, 0x26, 0x11, 0x81, 0x08, 0x68, 0x36, 0x83, 0x99, 0xD0, 0x00,
    0x02, 0x91, 0xD0, 0x84, 0x36, 0xB4, 0x88, 0x60, 0x04, 0x33, 0x98, 0x45, 0x04, 0x22, 0x10, 0xC5,
    0x8C, 0x66, 0x43, 0xAB, 0xD9, 0x44, 0x20, 0x02, 0x59, 0xCD, 0x72, 0x56, 0xB3, 0x99, 0xC9, 0x6C,
    0x68, 0x32, 0x1B, 0x08, 0x44, 0x20, 0x02, 0x51, 0xCC, 0x8C, 0x66, 0xB3, 0x86, 0x29, 0x04, 0x20,
    0x00, 0x01, 0x48, 0x6A, 0x31, 0x8B, 0xD9, 0xCC, 0x60, 0x02, 0x90, 0x89, 0x60, 0x46, 0xB3, 0xA1,
    0xD1, 0x24, 0x20, 0x98, 0x0D, 0x4D, 0x66, 0x03, 0x81, 0x08, 0x66, 0x35, 0xB3, 0x19, 0xCD, 0x20,
    0x02, 0x11, 0xC8, 0x6A, 0x96, 0x33, 0x98, 0xC1, 0x6C, 0x68, 0x05, 0x81, 0x09, 0x40, 0x24, 0x22,
    0x11, 0xC0, 0x88, 0x26, 0xB3, 0x9B, 0x0D, 0x0D, 0x20, 0x00, 0x81, 0x08, 0x61, 0x0A, 0x03, 0x18,
    0xC0, 0x00, 0x36, 0xB5, 0x88, 0x40, 0x24, 0x23, 0x98, 0x05, 0x0D, 0x67, 0x10, 0x81, 0x88, 0x68,
    0x45, 0x8B, 0x19, 0x40, 0x00, 0x8B, 0xD9, 0xD0, 0x84, 0x16, 0x11, 0x80, 0x88, 0x06, 0x33, 0x9A,
    0xDD, 0x0C, 0x67, 0x13, 0x01, 0x08, 0x64, 0x41, 0x2B, 0xDA, 0xD0, 0x64, 0x06, 0xB3, 0x98, 0xD1,
    0x8C, 0x66, 0x13, 0x81, 0x08, 0x46, 0x20, 0x22, 0x51, 0x88, 0x62, 0xD6, 0x30, 0x85, 0x01, 0x04,
    0x20, 0x00, 0x09, 0x2C, 0x66, 0x31, 0x9B, 0x19, 0x44, 0x00, 0xC2, 0x11, 0xCC, 0x68, 0x16, 0x11,
    0x88, 0x60, 0x46, 0x33, 0xA2, 0x41, 0x04, 0x22, 0x99, 0xC1, 0x8C, 0x66, 0x31, 0x83, 0x08, 0x40,
    0x32, 0x83, 0x19, 0xCD, 0x6A, 0x56, 0x33, 0x9C, 0x40, 0x04, 0x22, 0x10, 0x01, 0xAD, 0x66, 0x30,
    0xA3, 0xD9, 0xD0, 0x68, 0x56, 0x33, 0x99, 0x01, 0x04, 0x22, 0x10, 0x21, 0x48, 0x61, 0x00, 0x03,
    0x18, 0xC0, 0x06, 0x02, 0x11, 0xC8, 0x66, 0x06, 0xB3, 0xA0, 0x01, 0x04, 0x22, 0x18, 0xC1, 0x6C,
    0x28, 0x01, 0x81, 0x08, 0x60, 0x38, 0x23, 0x1A, 0xD0, 0x04, 0x02, 0x91, 0xCD, 0x86, 0x56, 0xB4,
    0x98, 0x15, 0x05, 0x20, 0x10, 0x09, 0x88, 0x44, 0x20, 0x23, 0x1A, 0xD0, 0x88, 0x16, 0xB3, 0xA1,
    0x09, 0x6D, 0x28, 0x10, 0x81, 0x08, 0x64, 0x35, 0xB3, 0x59, 0xD1, 0x1A, 0x02, 0x10, 0x80, 0x00,
    0x06, 0xB0, 0xA9, 0x45, 0x04, 0x22, 0x11, 0x81, 0x2C, 0x68, 0x42, 0x83, 0x08, 0x44, 0x36, 0xA3,
    0x19, 0xCE, 0x68, 0x02, 0x11, 0xC8, 0x8A, 0x06, 0x33, 0x98, 0x0D, 0xAD, 0x20, 0x10, 0x01, 0x08,
    0x40, 0x30, 0x23, 0x9A, 0xD1, 0x64, 0x76, 0xB3, 0xA1, 0x15, 0x25, 0x66, 0x01, 0x11, 0x08, 0x40,
    0x43, 0xB3, 0x99, 0xCC, 0x88, 0x06, 0x34, 0x80, 0x00, 0x04, 0xB3, 0x86, 0x29, 0x0C, 0x60, 0x00,
    0x03, 0x48, 0x40, 0x31, 0x8B, 0xD9, 0xCC, 0x20, 0x02, 0x90, 0xD0, 0x60, 0x16, 0xB3, 0x80, 0x00,
    0x36, 0x34, 0x99, 0xC1, 0x2C, 0x22, 0x00, 0x81, 0xEC, 0x66, 0x34, 0xC3, 0x19, 0xCD, 0x62, 0x56,
    0x33, 0x9A, 0xC9, 0x04, 0x22, 0x10, 0x81, 0x08, 0x64, 0x31, 0xAB, 0x99, 0xCC, 0x6A, 0x46, 0x33,
    0x98, 0x60, 0x04, 0x22, 0x91, 0xD5, 0xAC, 0x66, 0x41, 0xA3, 0x59, 0xC3, 0x14, 0x02, 0x10, 0xC0,
    0x00, 0x36, 0xB5, 0x98, 0x45, 0x24, 0x32, 0x98, 0x05, 0x8D, 0x28, 0x10, 0x81, 0x6C, 0x68, 0x34,
    0x8B, 0x59, 0x44, 0x20, 0x02, 0x59, 0xCE, 0x64, 0x06, 0x33, 0x9A, 0xD1, 0x0C, 0x22, 0x02, 0x81,
    0x48, 0x44, 0x30, 0x83, 0x19, 0xCD, 0x88, 0x46, 0xB3, 0x9A, 0xD1, 0x0C, 0x22, 0x10, 0x01, 0x08,
    0x66, 0x30, 0x1B, 0x5A, 0xD1, 0x60, 0x02, 0x10, 0x80, 0x00, 0xD6, 0x30, 0x85, 0x01, 0x0C, 0x20,
    0x80, 0x4D, 0x2D, 0x66, 0x31, 0x8B, 0x08, 0x44, 0x41, 0x2B, 0x1A, 0xCC, 0x86, 0x02, 0x11, 0x80,
    0x88, 0x26, 0xB3, 0x9B, 0x0D, 0x0D, 0x20, 0x10, 0x11, 0x08, 0x44, 0x01, 0x12, 0x9A, 0xCD, 0x64,
    0x46, 0x34, 0xA1, 0x11, 0x2D, 0x66, 0x03, 0x01, 0x48, 0x40, 0x22, 0x82, 0x99, 0xCC, 0x60, 0x06,
    0xB3, 0xA0, 0xD1, 0x04, 0x22, 0x10, 0xE1, 0x2C, 0x68, 0x39, 0x2B, 0x08, 0x60, 0x00, 0x03, 0x18,
    0xC0, 0x06, 0x82, 0x59, 0xCC, 0x66, 0x06, 0x11, 0x80, 0x08, 0x06, 0x33, 0x9A, 0xD5, 0x04, 0x22,
    0x01, 0x81, 0x68, 0x60, 0x32, 0x83, 0x19, 0xCD, 0x06, 0x42, 0x33, 0x9C, 0x40, 0x04, 0x22, 0x10,
    0x81, 0x48, 0x40, 0x40, 0x03, 0x59, 0xD0, 0x8A, 0x56, 0x34, 0xA2, 0x19, 0x05, 0x22, 0x13, 0x09,
    0xA8, 0x68, 0x31, 0x23, 0x5A, 0x51, 0x20, 0x12, 0xD0, 0xCC, 0x1A, 0xA6, 0x30, 0x80, 0x00, 0x04,
    0x20, 0xA9, 0xC5, 0x2C, 0x26, 0x11, 0x81, 0x0C, 0x68, 0x30, 0x83, 0x09, 0x40, 0x00, 0x82, 0xD9,
    0xD0, 0x84, 0x36, 0x33, 0x80, 0x00, 0x04, 0x22, 0x10, 0xDD, 0x0C, 0x67, 0x37, 0x2B, 0x1A, 0xCC,
    0x84, 0x76, 0x33, 0x98, 0x40, 0x04, 0x22, 0x10, 0x81, 0x08, 0x66, 0x34, 0xA3, 0x99, 0xD1, 0x20,
    0x16, 0x11, 0x88, 0x40, 0x54, 0x33, 0x9A, 0x0D, 0x8D, 0x22, 0x04, 0x01, 0x0C, 0x60, 0x00, 0x03,
    0x48, 0x40, 0x30, 0x8B, 0xD9, 0xCC, 0x20, 0x02, 0x50, 0xCC, 0x60, 0x46, 0x33, 0x9C, 0x41, 0x04,
    0x23, 0x10, 0x01, 0x8C, 0x66, 0x42, 0x93, 0xD9, 0xCC, 0x64, 0x76, 0x33, 0x9A, 0x04, 0x04, 0x22,
    0x01, 0xC1, 0x0C, 0x66, 0x33, 0x1B, 0x9A, 0xCC, 0x20, 0x02, 0x91, 0x88, 0x40, 0x66, 0x34, 0x9A,
    0x19, 0x8D, 0x66, 0x01, 0x81, 0x08, 0x44, 0x30, 0x0B, 0x5A, 0x41, 0x00, 0x02, 0x10, 0xC0, 0x00,
    0x36, 0x11, 0x88, 0x60, 0x36, 0x33, 0x98, 0x09, 0x0D, 0x22, 0x10, 0x09, 0xA8, 0x68, 0x30, 0x13,
    0x1A, 0xCC, 0x84, 0x46, 0x34, 0xA3, 0x40, 0x64, 0x22, 0x01, 0x01, 0x28, 0x66, 0x45, 0x23, 0x1A,
    0xCC, 0x86, 0x66, 0x33, 0x88, 0x00, 0x04, 0x30, 0xA2, 0xC5, 0x6C, 0x68, 0x42, 0x1B, 0x0A, 0x44,
    0x20, 0x8A, 0x19, 0xCC, 0x6A, 0x36, 0x11, 0x88, 0x86, 0xD6, 0x30, 0x85, 0x01, 0x04, 0x20, 0x80,
    0x4D, 0x2D, 0x66, 0x11, 0x89, 0x08, 0x44, 0x40, 0x9B, 0x19, 0xCC, 0x20, 0x82, 0x11, 0x88, 0x08,
    0x04, 0x22, 0x98, 0xCD, 0x6C, 0x68, 0x34, 0xA3, 0x99, 0xCC, 0x60, 0x56, 0x33, 0x99, 0x40, 0x04,
    0x22, 0x10, 0xC9, 0x8C, 0x66, 0x35, 0xA3, 0x59, 0xD1, 0x2A, 0x02, 0x11, 0xC8, 0x86, 0x56, 0xB3,
    0x9C, 0x41, 0x04, 0x22, 0xA1, 0x15, 0x4D, 0x66, 0x12, 0x21, 0x48, 0x61, 0x00, 0x03, 0x18, 0x40,
    0x02, 0x82, 0x59, 0xCC, 0x66, 0x06, 0x33, 0x81, 0x40, 0x04, 0x22, 0x98, 0x09, 0x4D, 0x66, 0x46,
    0x23, 0x98, 0x40, 0x20, 0x32, 0x91, 0x80, 0x00, 0x04, 0x33, 0xA2, 0x19, 0x8D, 0x68, 0x43, 0xB3,
    0x19, 0x44, 0x00, 0x02, 0x10, 0xD0, 0x62, 0x36, 0x34, 0xA1, 0x0D, 0x05, 0x22, 0x10, 0x81, 0x8C,
    0x66, 0x34, 0xCB, 0x99, 0x44, 0x20, 0x02, 0x99, 0xCC, 0x1A, 0xA6, 0x10, 0x80, 0x00, 0x06, 0xB0,
    0xA9, 0xC5, 0x04, 0x22, 0x91, 0xC1, 0x4C, 0x68, 0x35, 0x83, 0x09, 0x45, 0x20, 0x02, 0x11, 0x81,
    0x40, 0x04, 0x34, 0x91, 0x99, 0xAC, 0x66, 0x34, 0x93, 0x19, 0x4C, 0x2A, 0x32, 0x11, 0x88, 0x62,
    0x46, 0xB3, 0xA2, 0xD5, 0x0C, 0x22, 0x10, 0xC9, 0x4C, 0x66, 0x30, 0xAB, 0x09, 0x45, 0x20, 0x22,
    0x9A, 0xCC, 0x60, 0x36, 0xB3, 0x80, 0x60, 0x94, 0xB3, 0x86, 0x29, 0x0C, 0x20, 0x00, 0x01, 0x6C,
    0x6A, 0x31, 0x8B, 0xD9, 0x44, 0x20, 0x02, 0x10, 0xC9, 0x60, 0x24, 0xB3, 0xA2, 0xC1, 0x0C, 0x66,
    0x43, 0x2B, 0x1A, 0x4C, 0x04, 0x02, 0x11, 0x80, 0x00, 0x64, 0x34, 0x99, 0xDD, 0x6C, 0x68, 0x45,
    0x8B, 0x88, 0x40, 0x20, 0x0A, 0xDA, 0xD0, 0x6C, 0x26, 0x33, 0x80, 0x00, 0x04, 0xB4, 0x98, 0x0D,
    0x0D, 0x20, 0x01, 0xCD, 0x2C, 0x67, 0x14, 0x01, 0x88, 0x61, 0x0A, 0x03, 0x18, 0x40, 0x00, 0x92,
    0x5A, 0xCC, 0x62, 0x36, 0x33, 0x98, 0x09, 0x6D, 0x22, 0x10, 0x81, 0x08, 0x44, 0x20, 0x0B, 0x18,
    0xCD, 0x88, 0x46, 0x33, 0xA3, 0xC1, 0x8C, 0x22, 0x10, 0xC1, 0x08, 0x64, 0x31, 0xAB, 0x99, 0xCC,
    0x64, 0x16, 0x10, 0x88, 0x04, 0x04, 0x32, 0x9B, 0xD1, 0x2C, 0x66, 0x15, 0x81, 0x88, 0x66, 0x38,
    0xA3, 0x59, 0x44, 0x20, 0x92, 0x19, 0xCD, 0x6C, 0xD6, 0x10, 0x80, 0x00, 0x04, 0x30, 0x80, 0x4D,
    0x2D, 0x66, 0x10, 0x89, 0x08, 0x44, 0x00, 0xC2, 0x11, 0xCC, 0x64, 0x36, 0x34, 0x99, 0x0D, 0x8D,
    0x66, 0x00, 0x81, 0x88, 0x40, 0x20, 0x02, 0x9A, 0xCC, 0x86, 0x26, 0xB3, 0xA1, 0xC1, 0x04, 0x22,
    0x10, 0xC1, 0x88, 0x66, 0x34, 0x93, 0x49, 0x40, 0x20, 0x12, 0x18, 0xCD, 0x64, 0x56, 0x11, 0x88,
    0x68, 0x66, 0xB4, 0x9A, 0x51, 0x64, 0x22, 0x10, 0x35, 0x4C, 0x61, 0x00, 0x03, 0x18, 0x40, 0x02,
    0x02, 0x51, 0xCC, 0x66, 0x06, 0x33, 0xA1, 0xE5, 0x0C, 0x66, 0x14, 0xC3, 0x08, 0x44, 0x20, 0x02,
    0x11, 0xCC, 0x64, 0x36, 0x34, 0x99, 0x0D, 0xAD, 0x66, 0x13, 0x81, 0x08, 0x46, 0x20, 0x9B, 0x59,
    0xCD, 0x68, 0x46, 0x11, 0x88, 0x60, 0x26, 0x33, 0x98, 0x41, 0x24, 0x20, 0x80, 0xC1, 0x4C, 0x68,
    0x37, 0x81, 0x08, 0x40, 0x46, 0x8B, 0x99, 0xCD, 0x0A, 0x02, 0x10, 0x80, 0x00, 0x06, 0xB0, 0xA9,
    0xC5, 0x2C, 0x66, 0x33, 0x83, 0x98, 0x40, 0x00, 0x02, 0x11, 0x88, 0x4C, 0x24, 0xA0, 0x82, 0xC5,
    0x8C, 0x68, 0x45, 0x8B, 0x99, 0xD0, 0x00, 0x02, 0x91, 0xC0, 0x80, 0x36, 0x33, 0xA1, 0x11, 0x0D,
    0x22, 0x10, 0x99, 0x0C, 0x67, 0x37, 0x2B, 0x08, 0x44, 0x02, 0xA2, 0xD9, 0xCC, 0x64, 0x02, 0x11,
    0x88, 0x70, 0x56, 0x33, 0x9A, 0x45, 0x04, 0x22, 0x84, 0x29, 0x0C, 0x60, 0x00, 0x03, 0xD8, 0xD4,
    0x62, 0x06, 0x91, 0x88, 0x40, 0x04, 0x20, 0x00, 0x81, 0x8C, 0x66, 0x35, 0xA3, 0xD9, 0xD0, 0x68,
    0x36, 0x34, 0x88, 0x40, 0x04, 0x33, 0xA2, 0xD1, 0xAC, 0x66, 0x32, 0x83, 0x09, 0x44, 0x20, 0x02,
    0x99, 0xCC, 0x68, 0x66, 0x14, 0x88, 0x40, 0x56, 0x33, 0x9A, 0x41, 0x24, 0x22, 0x98, 0xC9, 0x4C,
    0x26, 0x10, 0x81, 0x88, 0x64, 0x32, 0x1B, 0x5A, 0xC3, 0x14, 0x06, 0x30, 0x80, 0x00, 0x24, 0x20,
    0x10, 0x81, 0x48, 0x66, 0x30, 0x13, 0xDA, 0xD0, 0x60, 0x46, 0xB3, 0x88, 0x40, 0x04, 0x20, 0x9A,
    0xE5, 0x8C, 0x66, 0x43, 0xAB, 0x59, 0x4E, 0x20, 0x02, 0x10, 0xCC, 0x60, 0x36, 0xB4, 0xA2, 0x41,
    0x04, 0x20, 0xA0, 0x19, 0x8D, 0x68, 0x06, 0x81, 0xC8, 0x66, 0x43, 0x2B, 0x5A, 0x4C, 0x00, 0x02,
    0x18, 0xC8, 0x86, 0x66, 0x33, 0x9B, 0x4D, 0x84, 0x20, 0x00, 0x01, 0x08, 0x60, 0x00, 0x9B, 0x5A,
    0xCC, 0x62, 0x36, 0x13, 0x98, 0x08, 0x04, 0x20, 0x10, 0x81, 0x88, 0x68, 0x42, 0x23, 0x5A, 0xCC,
    0x86, 0x26, 0x94, 0x80, 0x40, 0x04, 0xB3, 0x98, 0xE1, 0xAC, 0x66, 0x13, 0x81, 0x08, 0x67, 0x34,
    0x8B, 0x59, 0x45, 0x20, 0x12, 0x19, 0xCC, 0x28, 0x06, 0x11, 0x88, 0x8C, 0x26, 0xB3, 0x99, 0xC9,
    0x0C, 0x22, 0x10, 0x09, 0x2C, 0x68, 0x31, 0x6B, 0x98, 0xC2, 0x00, 0x06, 0x30, 0x80, 0x0D, 0x04,
    0x22, 0x10, 0x89, 0x08, 0x44, 0x40, 0x2B, 0x1A, 0xCC, 0x68, 0x96, 0x33, 0x9A, 0x09, 0x0C, 0x22,
    0x10, 0x81, 0x08, 0x44, 0x34, 0x8B, 0x19, 0xCD, 0x20, 0x02, 0x91, 0xD1, 0x6A, 0x56, 0x33, 0x88,
    0x40, 0x04, 0xB3, 0x99, 0xD5, 0x0C, 0x22, 0x10, 0x81, 0x68, 0x66, 0x43, 0x83, 0x09, 0x44, 0x02,
    0x2A, 0x1A, 0xCC, 0x84, 0x56, 0xB4, 0x89, 0x10, 0x04, 0x20, 0x00, 0x01, 0x0C, 0x60, 0x53, 0x8B,
    0x59, 0xCC, 0x66, 0x06, 0x33, 0xA1, 0x19, 0x04, 0x22, 0x00, 0x91, 0x8C, 0x68, 0x46, 0x93, 0xD9,
    0xCD, 0x86, 0x02, 0x10, 0x88, 0x00, 0x66, 0x34, 0xA2, 0x0D, 0xCD, 0x22, 0x10, 0x01, 0x4C, 0x68,
    0x44, 0x8B, 0x59, 0x40, 0x00, 0x12, 0x98, 0xCC, 0x60, 0x16, 0x13, 0x88, 0x40, 0x04, 0x33, 0x9A,
    0x19, 0xAD, 0x66, 0x37, 0xC3, 0x08, 0x44, 0x08, 0x02, 0x10, 0x80, 0x00, 0x06, 0xB0, 0xA9, 0xC5,
    0x2C, 0x66, 0x33, 0x83, 0xD9, 0x40, 0x20, 0x02, 0x91, 0xCC, 0x60, 0x56, 0xB3, 0x9B, 0xD1, 0x04,
    0x22, 0x10, 0xCD, 0x4C, 0x66, 0x33, 0x8B, 0x08, 0x44, 0x20, 0x82, 0xD9, 0xCC, 0x86, 0x02, 0x11,
    0x88, 0x68, 0x26, 0x33, 0x9A, 0x40, 0x04, 0x22, 0x1A, 0xC9, 0x0C, 0x66, 0x35, 0xA3, 0x19, 0x44,
    0x04, 0x02, 0x91, 0x88, 0x44, 0x64, 0xB3, 0x86, 0x29, 0x0C, 0x60, 0x00, 0x03, 0xD8, 0xD4, 0x62,
    0x16, 0x93, 0x88, 0x40, 0x24, 0xB0, 0x98, 0xC1, 0x0C, 0x66, 0x10, 0x1B, 0x08, 0x40, 0x20, 0x02,
    0x98, 0xD1, 0x88, 0x46, 0x34, 0x81, 0x40, 0x74, 0xB3, 0xA1, 0x15, 0x05, 0x22, 0xA2, 0xC9, 0x2C,
    0x68, 0x01, 0x91, 0x08, 0x44, 0x44, 0x13, 0x1A, 0xD1, 0x20, 0x12, 0x10, 0x80, 0x84, 0x06, 0x32,
    0x98, 0xC5, 0xAC, 0x66, 0x32, 0x83, 0x59, 0xC3, 0x14, 0x06, 0x10, 0x80, 0x00, 0x24, 0x20, 0x98,
    0x81, 0x68, 0x66, 0x30, 0x1B, 0x9A, 0xCC, 0x20, 0x12, 0x91, 0x89, 0x40, 0x84, 0x33, 0x9A, 0xC5,
    0xAC, 0x66, 0x10, 0x81, 0xE8, 0x66, 0x35, 0x9B, 0x19, 0x44, 0x22, 0xAA, 0x99, 0xCC, 0x64, 0x02,
    0x91, 0x88, 0x84, 0x26, 0x33, 0x98, 0xD5, 0x8C, 0x26, 0x10, 0xC1, 0x08, 0x64, 0x39, 0xA3, 0x59,
    0xD1, 0x68, 0x26, 0x34, 0x80, 0x44, 0x84, 0x20, 0x00, 0x01, 0x08, 0x60, 0x00, 0x9B, 0x5A, 0xCC,
    0x62, 0x36, 0x33, 0x98, 0x05, 0x24, 0x22, 0x10, 0xC9, 0x0C, 0x66, 0x34, 0x33, 0x0A, 0x44, 0x24,
    0x82, 0xD9, 0xCC, 0x60, 0x02, 0x91, 0x80, 0x00, 0x06, 0xB3, 0xA1, 0x49, 0x04, 0x22, 0x80, 0x19,
    0x4D, 0x66, 0x37, 0x0B, 0x08, 0x40, 0x20, 0x33, 0x5A, 0xCD, 0x6E, 0x36, 0x34, 0x9B, 0xC9, 0x04,
    0x20, 0x00, 0x01, 0x08, 0x40, 0x20, 0x42, 0x90, 0x82, 0x00, 0x06, 0x30, 0x80, 0x4D, 0x2D, 0x66,
    0x31, 0x89, 0x08, 0x44, 0x43, 0xA3, 0x19, 0xCC, 0x62, 0x36, 0x10, 0x80, 0x04, 0x36, 0xB3, 0x9C,
    0xC9, 0x0C, 0x22, 0x10, 0x09, 0x8D, 0x66, 0x32, 0x8B, 0x08, 0x46, 0x34, 0xAB, 0x99, 0xCC, 0x02,
    0x02, 0x91, 0xC0, 0x60, 0x36, 0x34, 0x9A, 0xD5, 0x8C, 0x22, 0x10, 0x81, 0x88, 0x44, 0x20, 0x02,
    0x11, 0x88, 0x40, 0x04, 0x30, 0xA3, 0x35, 0x4C, 0x61, 0x00, 0x03, 0x18, 0x40, 0x02, 0x02, 0x51,
    0xCC, 0x66, 0x06, 0xB3, 0xA1, 0x45, 0x04, 0x22, 0x81, 0x15, 0x0D, 0x66, 0x03, 0xA3, 0x08, 0x44,
    0x40, 0x33, 0x9A, 0xCC, 0x6E, 0x12, 0x10, 0xC0, 0x62, 0x46, 0xB4, 0xA2, 0x41, 0x04, 0x20, 0xA2,
    0xC5, 0x6C, 0x68, 0x02, 0x89, 0x08, 0x40, 0x00, 0x02, 0x19, 0x8D, 0x6E, 0x86, 0xB3, 0x9B, 0x15,
    0x0D, 0x66, 0x43, 0xAB, 0x19, 0xCC, 0x0A, 0x02, 0x10, 0x80, 0x00, 0x06, 0xB0, 0xA9, 0xC5, 0x2C,
    0x66, 0x33, 0x83, 0x48, 0x40, 0x24, 0x82, 0x59, 0xD1, 0x86, 0x26, 0x11, 0x88, 0x40, 0x04, 0x34,
    0x9A, 0xDD, 0x8C, 0x22, 0x02, 0xD1, 0xC8, 0x68, 0x34, 0xA3, 0x08, 0x44, 0x30, 0xAB, 0x59, 0xCE,
    0x68, 0x56, 0x33, 0x99, 0x04, 0x04, 0x22, 0x00, 0x81, 0xAC, 0x68, 0x30, 0x83, 0xD9, 0xD0, 0x8A,
    0x06, 0xB3, 0xA1, 0x04, 0x04, 0x20, 0x04, 0x21, 0x0C, 0x60, 0x00, 0x03, 0xD8, 0xD4, 0x62, 0x02,
    0x91, 0x88, 0x40, 0x34, 0xB4, 0x9B, 0xC1, 0xCC, 0x26, 0x11, 0x01, 0xCD, 0x68, 0x32, 0xBB, 0x49,
    0x40, 0x00, 0x8B, 0x59, 0xD1, 0x88, 0x06, 0x91, 0x80, 0x48, 0x26, 0x33, 0xA2, 0x09, 0x8D, 0x60,
    0x30, 0x09, 0x08, 0x40, 0x02, 0x02, 0x18, 0xD1, 0x60, 0x26, 0x33, 0x9C, 0xC9, 0x4C, 0x66, 0x10,
    0x8B, 0x08, 0x44, 0x20, 0x02, 0x50, 0xC3, 0x14, 0x06, 0x30, 0x80, 0x01, 0x6C, 0x20, 0x10, 0x81,
    0x68, 0x66, 0x30, 0x1B, 0x0A, 0x46, 0x20, 0xA2, 0x59, 0xCE, 0x64, 0x32, 0x11, 0x88, 0x04, 0x46,
    0xB3, 0x81, 0x40, 0x04, 0x22, 0x98, 0x11, 0x8D, 0x66, 0x31, 0xA3, 0x08, 0x46, 0x20, 0x12, 0x9A,
    0xC8, 0x66, 0x26, 0x33, 0x98, 0xD1, 0x8C, 0x68, 0x35, 0xC3, 0x19, 0x44, 0x20, 0x02, 0x11, 0x88,
    0x40, 0x04, 0x33, 0x9C, 0xC5, 0xAC, 0x61, 0x0A, 0x01, 0x08, 0x40, 0x00, 0x92, 0x5A, 0xCC, 0x62,
    0x36, 0x13, 0x88, 0x04, 0x04, 0x33, 0x98, 0xD1, 0x6C, 0x28, 0x10, 0x09, 0x48, 0x66, 0x31, 0x83,
    0x09, 0x44, 0x02, 0x2A, 0x1A, 0xCC, 0x86, 0x86, 0x11, 0x88, 0x00, 0x44, 0x34, 0x99, 0xDD, 0x6C,
    0x60, 0x00, 0x83, 0x08, 0x40, 0x00, 0x02, 0x91, 0xD0, 0x6C, 0x26, 0x33, 0xA2, 0x09, 0x8D, 0x68,
    0x31, 0x1B, 0x18, 0x40, 0x04, 0x42, 0x10, 0xC0, 0x00, 0x06, 0x30, 0x80, 0x4D, 0x2D, 0x22, 0x10,
    0x89, 0x0C, 0x66, 0x43, 0x0B, 0x0A, 0x44, 0x00, 0x12, 0x9A, 0xCC, 0x60, 0x16, 0x13, 0x88, 0x40,
    0x34, 0x33, 0x9A, 0xD5, 0x8C, 0x22, 0x10, 0x81, 0x6C, 0x66, 0x32, 0x83, 0x19, 0xCD, 0x8A, 0x46,
    0x13, 0x88, 0x40, 0x04, 0x23, 0x10, 0x81, 0x08, 0x44, 0x20, 0xAB, 0x19, 0xCD, 0x68, 0x96, 0x33,
    0x88, 0x00, 0x04, 0x20, 0xA1, 0x35, 0x4C, 0x61, 0x00, 0x03, 0x08, 0x40, 0x02, 0x8A, 0x59, 0xCC,
    0x66, 0x06, 0x91, 0x80, 0x80, 0x06, 0x33, 0x9A, 0xD5, 0x04, 0x22, 0xA0, 0xC1, 0x0C, 0x66, 0x43,
    0x01, 0x08, 0x64, 0x43, 0x0B, 0xDA, 0xCC, 0x88, 0x66, 0x34, 0x89, 0x5D, 0x24, 0x20, 0x00, 0x81,
    0x08, 0x40, 0x04, 0x02, 0xDA, 0xC0, 0x6C, 0x26, 0x33, 0xA2, 0x09, 0x0C, 0x20, 0x10, 0x09, 0x08,
    0x40, 0x02, 0x1A, 0x5A, 0xCE, 0x1A, 0xA6, 0x10, 0x80, 0x00, 0x04, 0xA0, 0xA9, 0xC5, 0x2C, 0x26,
    0x13, 0x81, 0x48, 0x60, 0x43, 0x83, 0x19, 0x44, 0x20, 0x82, 0xD9, 0xCD, 0x28, 0x82, 0x11, 0x88,
    0x40, 0x46, 0x33, 0x9C, 0xD1, 0x2C, 0x66, 0x10, 0x81, 0x08, 0x44, 0x20, 0x92, 0x11, 0xC8, 0x68,
    0x26, 0x33, 0x9A, 0xD5, 0x8C, 0x62, 0x39, 0x81, 0x08, 0x40, 0x20, 0x32, 0x91, 0xCC, 0x60, 0x56,
    0xB3, 0x99, 0xD9, 0xCC, 0x66, 0x04, 0x01, 0x08, 0x60, 0x00, 0x03, 0xD8, 0x54, 0x20, 0x02, 0x99,
    0xCC, 0x60, 0x36, 0x10, 0x80, 0x60, 0x46, 0x33, 0x9C, 0x45, 0x04, 0x22, 0x10, 0xC1, 0x4C, 0x66,
    0x30, 0xA3, 0x99, 0x51, 0x20, 0x22, 0x11, 0x88, 0x6C, 0x26, 0xB3, 0x98, 0xC1, 0x0C, 0x66, 0x43,
    0x2B, 0x08, 0x4C, 0x02, 0x12, 0x10, 0x88, 0x00, 0x66, 0x34, 0x99, 0xDD, 0x6C, 0x68, 0x05, 0x8B,
    0x89, 0x40, 0x26, 0xA2, 0x59, 0xC3, 0x14, 0x06, 0x30, 0x80, 0x00, 0x34, 0xB5, 0x98, 0xC5, 0x6C,
    0x22, 0x10, 0x09, 0xAD, 0x68, 0x30, 0x93, 0x09, 0x40, 0x02, 0xA2, 0x99, 0xCC, 0x88, 0x26, 0x10,
    0x80, 0x40, 0x24, 0x20, 0x00, 0x09, 0x4D, 0x68, 0x44, 0x83, 0x99, 0xCC, 0x70, 0x06, 0x33, 0x80,
    0x00, 0x04, 0x20, 0x10, 0x81, 0xEC, 0x66, 0x30, 0x83, 0x59, 0xCC, 0x6A, 0x46, 0x13, 0x80, 0x40,
    0x04, 0x32, 0x9B, 0xD5, 0xAC, 0x61, 0x0A, 0x01, 0x08, 0x60, 0x00, 0x9B, 0x5A, 0xCC, 0x22, 0x12,
    0x19, 0xCC, 0x86, 0x66, 0x34, 0x88, 0x40, 0x94, 0x33, 0x9A, 0xC9, 0x8C, 0x26, 0x10, 0x81, 0x48,
    0x48, 0x30, 0x1B, 0x5A, 0xCD, 0x60, 0x46, 0x33, 0xA3, 0xD5, 0x64, 0x22, 0x35, 0x9B, 0x09, 0x44,
    0x30, 0x02, 0x11, 0x88, 0x44, 0x24, 0x34, 0x99, 0x0D, 0x8D, 0x26, 0x13, 0x81, 0x08, 0x64, 0x34,
    0xAB, 0x59, 0xD0, 0x8C, 0x56, 0x10, 0x80, 0x00, 0x06, 0x30, 0x80, 0x4D, 0x04, 0x22, 0x98, 0xCD,
    0x0C, 0x66, 0x04, 0x81, 0x08, 0x66, 0x35, 0x9B, 0x59, 0x45, 0x22, 0x02, 0x11, 0x88, 0x04, 0x56,
    0x30, 0x98, 0x0D, 0xAD, 0x68, 0x45, 0x23, 0x9A, 0xD1, 0x64, 0x76, 0xB3, 0xA1, 0x00, 0x04, 0x22,
    0x00, 0x01, 0x2D, 0x66, 0x42, 0x23, 0x5A, 0xCC, 0x86, 0x06, 0x90, 0x88, 0x00, 0x04, 0x20, 0x10,
    0xD1, 0xAC, 0x66, 0x12, 0x21, 0x08, 0x40, 0x00, 0x03, 0x18, 0xC0, 0x06, 0x02, 0x59, 0xCC, 0x66,
    0x06, 0x11, 0x80, 0x40, 0x06, 0xB3, 0x9B, 0xE1, 0xEC, 0x66, 0x00, 0x81, 0x08, 0x40, 0x24, 0x93,
    0x99, 0xCC, 0x60, 0x16, 0xB3, 0x9B, 0xD5, 0xEC, 0x66, 0x34, 0xC3, 0x08, 0x44, 0x30, 0x02, 0x11,
    0xC8, 0x6A, 0x46, 0x33, 0x9A, 0xE1, 0x8C, 0x26, 0x10, 0x81, 0x08, 0x44, 0x35, 0xAB, 0x19, 0xCD,
    0x02, 0x32, 0x91, 0x89, 0x1A, 0xA6, 0x30, 0x80, 0x01, 0x04, 0xA0, 0xA9, 0xC5, 0x2C, 0x66, 0x13,
    0x81, 0x08, 0x40, 0x32, 0x83, 0x19, 0xCD, 0x66, 0x46, 0x13, 0x88, 0x40, 0x04, 0x22, 0x9A, 0xD1,
    0x8C, 0x66, 0x31, 0xA3, 0x59, 0xCE, 0x68, 0x52, 0x34, 0x88, 0x40, 0x04, 0x22, 0x10, 0xC1, 0xCC,
    0x68, 0x34, 0x2B, 0x1A, 0xCD, 0x6A, 0x06, 0x11, 0x88, 0x04, 0x54, 0x34, 0x98, 0x11, 0x2D, 0x22,
    0x12, 0xDD, 0x4C, 0x66, 0x0D, 0x13, 0x08, 0x40, 0x00, 0x03, 0xD8, 0xD4, 0x22, 0x02, 0x91, 0xCC,
    0x60, 0x46, 0xB4, 0x99, 0x41, 0x04, 0x20, 0x02, 0x81, 0xE8, 0x64, 0x43, 0x2B, 0x5A, 0xCC, 0x8A,
    0x46, 0x34, 0x98, 0x0D, 0x4D, 0x22, 0x10, 0x01, 0x08, 0x40, 0x00, 0x02, 0x91, 0xC0, 0x80, 0x36,
    0x34, 0x99, 0xC1, 0x0C, 0x26, 0x18, 0x81, 0x08, 0x44, 0x34, 0xAB, 0x99, 0xCC, 0x20, 0x02, 0x11,
    0xD1, 0x66, 0x96, 0xB3, 0x82, 0x00, 0x04, 0x30, 0x80, 0x01, 0x2C, 0x20, 0x10, 0xC5, 0x6C, 0x66,
    0x30, 0x23, 0x0A, 0x44, 0x20, 0xA2, 0x99, 0xD1, 0x6A, 0x26, 0x33, 0x9A, 0xD5, 0x4C, 0x66, 0x10,
    0x81, 0x48, 0x44, 0x20, 0x02, 0x11, 0x88, 0x40, 0x44, 0xB3, 0x9A, 0xC9, 0x0C, 0x26, 0x14, 0x11,
    0x08, 0x44, 0x34, 0x03, 0xD9, 0xCC, 0x6A, 0x36, 0x33, 0x9A, 0x40, 0x04, 0xA2, 0xA1, 0xD1, 0xCC,
    0x66, 0x15, 0xC1, 0x08, 0x61, 0x0A, 0x03, 0x18, 0xC0, 0x00, 0x12, 0x10, 0xCC, 0x62, 0x36, 0x33,
    0x98, 0x11, 0x04, 0x22, 0x10, 0x81, 0x6C, 0x68, 0x35, 0x2B, 0x9A, 0xCC, 0x8A, 0x06, 0x33, 0x98,
    0x0D, 0x05, 0x20, 0x10, 0x01, 0x6C, 0x66, 0x43, 0x23, 0x9A, 0xD1, 0x20, 0x32, 0x91, 0x80, 0x00,
    0x14, 0xB3, 0xA2, 0x19, 0x8D, 0x68, 0x03, 0x91, 0x08, 0x44, 0x44, 0x13, 0x1A, 0x40, 0x20, 0x12,
    0x18, 0xCC, 0x6A, 0xD6, 0x10, 0x80, 0x00, 0x04, 0x30, 0x80, 0x4D, 0x0D, 0x22, 0x10, 0x89, 0x08,
    0x46, 0x40, 0xB3, 0x19, 0xCC, 0x84, 0x36, 0xB4, 0x99, 0xE5, 0x4C, 0x66, 0x10, 0x81, 0x08, 0x46,
    0x20, 0xB2, 0x59, 0xCD, 0x64, 0x46, 0xB3, 0x9C, 0xD0, 0x04, 0x22, 0x10, 0x01, 0x8C, 0x66, 0x34,
    0x93, 0xD9, 0xD0, 0x64, 0x12, 0x10, 0xC8, 0x60, 0x56, 0x33, 0x99, 0x51, 0x44, 0x20, 0x98, 0xC9,
    0x0C, 0x62, 0x00, 0x21, 0x48, 0x61, 0x00, 0x03, 0x18, 0x40, 0x02, 0x02, 0x51, 0xCC, 0x66, 0x06,
    0x33, 0xA2, 0xDD, 0x0C, 0x26, 0x10, 0x09, 0x08, 0x44, 0x20, 0x02, 0x11, 0xC0, 0x64, 0x36, 0x34,
    0x99, 0x0D, 0x8D, 0x66, 0x36, 0xA1, 0x59, 0x45, 0x20, 0x02, 0x11, 0xCD, 0x86, 0x46, 0xB3, 0x9C,
    0xD1, 0x2C, 0x20, 0x10, 0xD9, 0x0C, 0x66, 0x30, 0x1B, 0x0A, 0x40, 0x20, 0x23, 0x9A, 0xCD, 0x68,
    0x06, 0x11, 0x88, 0x18, 0xA6, 0x30, 0x80, 0x01, 0x0C, 0x20, 0x01, 0x81, 0x08, 0x64, 0x33, 0x83,
    0x19, 0xD1, 0x70, 0x06, 0x33, 0x82, 0x19, 0x04, 0x22, 0x13, 0x09, 0x08, 0x40, 0x30, 0x03, 0x5A,
    0xD1, 0x62, 0x26, 0x34, 0xA2, 0xC4, 0x24, 0x20, 0x00, 0x89, 0x4C, 0x68, 0x44, 0x83, 0x19, 0x4D,
    0x26, 0x82, 0xD1, 0xCD, 0x8A, 0x06, 0xB3, 0x82, 0x40, 0x04, 0x34, 0x99, 0xC1, 0x2C, 0x26, 0x13,
    0x01, 0xE8, 0x66, 0x0D, 0x53, 0x18, 0xC0, 0x00, 0x02, 0xD8, 0xD4, 0x62, 0x16, 0xB3, 0x99, 0xC1,
    0x8C, 0x68, 0x39, 0x81, 0x08, 0x44, 0x02, 0x02, 0x11, 0x88, 0x40, 0x44, 0x33, 0x91, 0xDD, 0xAC,
    0x66, 0x33, 0x93, 0x09, 0x44, 0x20, 0x02, 0x19, 0xCD, 0x62, 0x46, 0xB3, 0xA1, 0x40, 0x04, 0x20,
    0x99, 0xC1, 0x8C, 0x66, 0x31, 0x81, 0x08, 0x44, 0x34, 0x33, 0x5A, 0xCD, 0x2A, 0x02, 0x11, 0xC8,
    0x60, 0x96, 0xB3, 0x86, 0x29, 0x04, 0x20, 0x00, 0x01, 0x6C, 0x6A, 0x31, 0x8B, 0xD9, 0xCC, 0x60,
    0x46, 0xB4, 0xA0, 0xC1, 0x4C, 0x66, 0x33, 0xAB, 0x08, 0x44, 0x20, 0x02, 0xD1, 0xCC, 0x86, 0x56,
    0xB3, 0x99, 0xC9, 0xAC, 0x20, 0x10, 0xC1, 0x6C, 0x68, 0x45, 0x83, 0x19, 0x51, 0x30, 0x02, 0x11,
    0xC0, 0x8C, 0x26, 0xB3, 0x89, 0x04, 0x04, 0xB0, 0x98, 0x15, 0x05, 0x20, 0x10, 0x09, 0xCC, 0x66,
    0x46, 0x0B, 0x1A, 0x41, 0x00, 0x02, 0x10, 0xC0, 0x00, 0x36, 0xB5, 0x98, 0xC5, 0x6C, 0x66, 0x30,
    0x23, 0x9A, 0xD0, 0x60, 0x06, 0x11, 0x80, 0x00, 0x04, 0xA0, 0x98, 0x0D, 0x4D, 0x68, 0x43, 0x93,
    0x19, 0xCC, 0x20, 0x12, 0x11, 0x88, 0x70, 0x46, 0x33, 0xA3, 0xD5, 0xEC, 0x26, 0x10, 0x81, 0x88,
    0x66, 0x34, 0xA3, 0x99, 0x40, 0x20, 0x93, 0x59, 0xCD, 0x24, 0x02, 0x11, 0x88, 0x64, 0x36, 0xB4,
    0xA1, 0x61, 0x84, 0x20, 0x00, 0x01, 0x08, 0x60, 0x00, 0x9B, 0x5A, 0xCC, 0x62, 0x36, 0x33, 0x98,
    0x11, 0x25, 0x20, 0x10, 0x81, 0x48, 0x64, 0x20, 0x83, 0x59, 0xCD, 0x6E, 0x46, 0x33, 0xA3, 0x45,
    0x04, 0x22, 0x10, 0xC1, 0xAC, 0x66, 0x39, 0x93, 0xD9, 0x4C, 0x20, 0x02, 0xD9, 0xD0, 0x8A, 0x06,
    0x13, 0x80, 0x00, 0x64, 0x33, 0xA2, 0x19, 0x05, 0x22, 0x13, 0x09, 0xAC, 0x68, 0x31, 0x2B, 0x9A,
    0xCD, 0x22, 0x42, 0x10, 0xC0, 0x00, 0x06, 0x30, 0x80, 0x4D, 0x2D, 0x66, 0x11, 0x89, 0x08, 0x44,
    0x00, 0x02, 0x10, 0xCC, 0x8C, 0x46, 0xB4, 0xA1, 0xD9, 0x4C, 0x66, 0x44, 0x13, 0x08, 0x40, 0x20,
    0x12, 0x98, 0xD0, 0x86, 0x26, 0x33, 0x88, 0x40, 0x44, 0xB4, 0x9A, 0xDD, 0x84, 0x22, 0x18, 0xD1,
    0x2C, 0x66, 0x35, 0x83, 0x08, 0x44, 0x30, 0xA3, 0x59, 0xCC, 0x6A, 0x02, 0x11, 0x88, 0x40, 0x06,
    0x33, 0xA3, 0x35, 0x4C, 0x61, 0x00, 0x03, 0x18, 0x40, 0x02, 0x02, 0x11, 0x88, 0x44, 0x04, 0x22,
    0x80, 0x15, 0x0D, 0x66, 0x32, 0x9B, 0x59, 0xCD, 0x64, 0x22, 0x11, 0x88, 0x44, 0x34, 0xB4, 0x9A,
    0xCD, 0x4C, 0x26, 0x11, 0x81, 0x08, 0x44, 0x43, 0x2B, 0x1A, 0x4C, 0x00, 0x02, 0x10, 0xCE, 0x88,
    0x66, 0x34, 0x88, 0x4C, 0x34, 0xB4, 0xA2, 0xC5, 0xCC, 0x20, 0x10, 0x01, 0x6C, 0x68, 0x36, 0x93,
    0x19, 0xCD, 0x0A, 0x26, 0x10, 0x80, 0x00, 0x04, 0x20, 0x01, 0x81, 0x08, 0x66, 0x32, 0x83, 0x19,
    0xD1, 0x8C, 0x06, 0x33, 0x99, 0x11, 0x05, 0x20, 0x00, 0xC1, 0x6C, 0x68, 0x42, 0x1B, 0x1A, 0x4C,
    0x20, 0x02, 0x11, 0xC0, 0x6A, 0x76, 0x33, 0x9A, 0x61, 0x04, 0x22, 0x98, 0xD1, 0x6C, 0x66, 0x34,
    0xC1, 0x08, 0x44, 0x30, 0x9B, 0xD9, 0xD0, 0x20, 0x02, 0x11, 0x88, 0x68, 0x46, 0x33, 0xA3, 0xDD,
    0x2C, 0x66, 0x0D, 0x01, 0x08, 0x40, 0x00, 0x02, 0x90, 0x80, 0x60, 0x16, 0xB3, 0x99, 0xC1, 0xAC,
    0x68, 0x30, 0x81, 0x08, 0x44, 0x00, 0x92, 0xD9, 0xCD, 0x6A, 0x46, 0x33, 0x99, 0xCD, 0x0C, 0x22,
    0x10, 0x81, 0xAC, 0x66, 0x34, 0x2B, 0x0A, 0x44, 0x20, 0xA3, 0x59, 0xCD, 0x6A, 0x06, 0x11, 0xC8,
    0x66, 0x56, 0x33, 0x9A, 0x41, 0x04, 0x22, 0x10, 0x01, 0x8C, 0x66, 0x34, 0x83, 0x19, 0xCC, 0x88,
    0x16, 0xB4, 0x86, 0x29, 0x04, 0x20, 0x00, 0x01, 0x48, 0x40, 0x30, 0x8B, 0xD9, 0xCC, 0x60, 0x56,
    0xB4, 0x98, 0xC0, 0x24, 0x20, 0x00, 0xC1, 0x8C, 0x68, 0x46, 0xB3, 0x19, 0xD1, 0x0C, 0x02, 0x91,
    0xC9, 0x86, 0x56, 0xB4, 0x98, 0x09, 0x04, 0xA2, 0x93, 0x0D, 0xCD, 0x66, 0x10, 0x01, 0x08, 0x68,
    0x44, 0x8B, 0xD9, 0x40, 0x00, 0x12, 0xD8, 0xCC, 0x72, 0x26, 0x33, 0x98, 0x41, 0x6C, 0x68, 0x01,
    0x91, 0x08, 0x41, 0x00, 0x02, 0x10, 0xC0, 0x00, 0x36, 0xB5, 0x98, 0xC5, 0x6C, 0x66, 0x30, 0x2B,
    0x9A, 0xCC, 0x20, 0x02, 0x11, 0x8C, 0x40, 0x54, 0x33, 0x9A, 0x0D, 0x0D, 0x26, 0x01, 0x81, 0xCC,
    0x68, 0x32, 0x83, 0x09, 0x44, 0x42, 0x93, 0xD9, 0xD0, 0x68, 0x86, 0x11, 0x88, 0x70, 0x26, 0x33,
    0x98, 0xC1, 0x0C, 0x66, 0x01, 0x01, 0x08, 0x44, 0x45, 0x93, 0x19, 0xCC, 0x88, 0x66, 0x34, 0x9A,
    0xD9, 0x84, 0x20, 0x00, 0x01, 0x08, 0x40, 0x00, 0x9B, 0x5A, 0xCC, 0x62, 0x36, 0x33, 0x98, 0x05,
    0x24, 0x22, 0x10, 0x81, 0xE8, 0x66, 0x43, 0x2B, 0x5A, 0xCC, 0x08, 0x02, 0x10, 0xC8, 0x84, 0x46,
    0xB4, 0x98, 0x05, 0x04, 0xA0, 0x99, 0x09, 0x8D, 0x68, 0x10, 0x81, 0xC8, 0x66, 0x38, 0xBB, 0x59,
    0xD1, 0x20, 0x02, 0x10, 0xC8, 0x00, 0x26, 0x33, 0x98, 0xC1, 0x8C, 0x68, 0x33, 0x1B, 0x1A, 0xD0,
    0x6E, 0x42, 0x10, 0x80, 0x00, 0x04, 0x30, 0x80, 0x4D, 0x2D, 0x66, 0x31, 0x9B, 0x19, 0x44, 0x00,
    0x02, 0x19, 0xCC, 0x64, 0x06, 0x13, 0x8A, 0x60, 0x04, 0x22, 0x9B, 0xD1, 0x8C, 0x20, 0x10, 0x81,
    0x08, 0x66, 0x35, 0xA3, 0xD9, 0x40, 0x20, 0x82, 0x11, 0xCD, 0x82, 0x46, 0xB3, 0x98, 0x40, 0x04,
    0x20, 0x10, 0xC1, 0x6C, 0x68, 0x45, 0x83, 0x59, 0xD1, 0x66, 0x66, 0x34, 0xA2, 0x19, 0x0D, 0x66,
    0x14, 0x21, 0x08, 0x40, 0x00, 0x02, 0x18, 0xC0, 0xA6, 0x16, 0xB3, 0x98, 0xCD, 0x0C, 0x22, 0x00,
    0xC1, 0x0C, 0x66, 0x32, 0xBB, 0xD9, 0x40, 0x00, 0x82, 0x59, 0xD1, 0x88, 0x02, 0x91, 0x80, 0x48,
    0x26, 0x33, 0xA2, 0x01, 0x04, 0x20, 0x10, 0x09, 0x4D, 0x68, 0x43, 0x9B, 0x09, 0x46, 0x20, 0x02,
    0x11, 0xC8, 0x48, 0x46, 0xB3, 0x99, 0xD1, 0x2C, 0x66, 0x35, 0xAB, 0x59, 0x4D, 0x26, 0x82, 0x11,
    0x8C, 0x10, 0x04, 0x30, 0x80, 0x01, 0x0C, 0x60, 0x53, 0x8B, 0x59, 0xCC, 0x26, 0x02, 0x11, 0x80,
    0x48, 0x04, 0x33, 0x9A, 0xD5, 0x0C, 0x66, 0x10, 0x09, 0xA8, 0x68, 0x30, 0x2B, 0x1A, 0x44, 0x42,
    0x23, 0x9A, 0xD1, 0x24, 0x32, 0x91, 0xD0, 0x8A, 0x16, 0x33, 0xA2, 0x15, 0x04, 0x22, 0x00, 0x01,
    0x08, 0x66, 0x03, 0x13, 0xDA, 0xCC, 0x84, 0x46, 0x34, 0x98, 0xD1, 0x6C, 0x22, 0x18, 0x91, 0x08,
    0x40, 0x08, 0x53, 0x18, 0xC0, 0x00, 0x06, 0xB0, 0xA9, 0x45, 0x04, 0x22, 0x11, 0xC1, 0xAC, 0x68,
    0x37, 0x83, 0xD8, 0x45, 0x00, 0x82, 0x59, 0xD1, 0x8A, 0x96, 0x13, 0x88, 0x40, 0x14, 0x33, 0x9C,
    0xD1, 0x2C, 0x67, 0x11, 0x89, 0x08, 0x64, 0x30, 0xAB, 0x19, 0xCD, 0x68, 0x86, 0x11, 0x88, 0x40,
    0x04, 0x32, 0x9A, 0xC9, 0x0C, 0x66, 0x35, 0xA3, 0x19, 0xCD, 0x70, 0x46, 0xB3, 0x9A, 0x00, 0x24,
    0x22, 0x04, 0x01, 0x08, 0x40, 0x00, 0x03, 0xD8, 0xD4, 0x62, 0x16, 0x93, 0x88, 0x40, 0x44, 0x20,
    0x9C, 0xC1, 0x4C, 0x22, 0x10, 0xD5, 0x4C, 0x66, 0x34, 0xAB, 0x08, 0x44, 0x31, 0xA3, 0xD9, 0xD0,
    0x64, 0x06, 0x11, 0x88, 0x60, 0x46, 0xB3, 0x9A, 0xD1, 0x2C, 0x66, 0x35, 0x89, 0x08, 0x44, 0x04,
    0x02, 0x11, 0x80, 0x40, 0x04, 0xB2, 0xA1, 0x15, 0x0D, 0x66, 0x45, 0xBB, 0x59, 0xCD, 0x8A, 0x06,
    0x11, 0x82, 0x00, 0x04, 0x30, 0x80, 0x01, 0x6C, 0x6A, 0x31, 0x83, 0x48, 0x44, 0x20, 0x2A, 0x5A,
    0xCE, 0x60, 0x06, 0x14, 0x81, 0x40, 0x76, 0xB3, 0xA1, 0x15, 0x2D, 0x22, 0x00, 0x01, 0x0D, 0x66,
    0x43, 0x93, 0x08, 0x44, 0x40, 0x13, 0x1A, 0xD1, 0x62, 0x36, 0x14, 0x80, 0x04, 0x04, 0x22, 0x10,
    0x81, 0x08, 0x67, 0x35, 0xBB, 0x19, 0xCD, 0x70, 0x46, 0xB3, 0x98, 0xD5, 0x8C, 0x66, 0x39, 0xC3,
    0x08, 0x41, 0x00, 0x03, 0x18, 0xC0, 0x00, 0x36, 0xB5, 0x88, 0x40, 0x24, 0x32, 0x98, 0x15, 0x2D,
    0x28, 0x10, 0x81, 0x08, 0x44, 0x34, 0x23, 0x1A, 0xC5, 0x30, 0x02, 0x91, 0xC9, 0x68, 0x86, 0xB3,
    0x8A, 0x50, 0x04, 0x22, 0x10, 0xC1, 0x88, 0x66, 0x34, 0xC3, 0x19, 0xCD, 0x20, 0x56, 0x33, 0x88,
    0x40, 0x04, 0x22, 0x10, 0x81, 0xA8, 0x66, 0x38, 0xAB, 0x19, 0xCC, 0x68, 0x36, 0x34, 0xA1, 0x00,
    0x84, 0x20, 0x00, 0x01, 0x0C, 0x60, 0x00, 0x9B, 0x5A, 0xCC, 0x22, 0x12, 0x11, 0xCC, 0x8A, 0x26,
    0x34, 0x88, 0x40, 0x14, 0x33, 0x9A, 0xE5, 0x8C, 0x22, 0x00, 0xC1, 0x0C, 0x66, 0x43, 0x2B, 0x1A,
    0xC4, 0x0A, 0x82, 0x91, 0x80, 0x00, 0x44, 0x20, 0x90, 0x99, 0x6C, 0x68, 0x45, 0x8B, 0x59, 0xD1,
    0x8C, 0x46, 0xB0, 0xA0, 0x49, 0x04, 0x22, 0x00, 0x01, 0x0C, 0x68, 0x31, 0x1B, 0x9A, 0xCC, 0x66,
    0x56, 0x10, 0x80, 0x00, 0x04, 0x30, 0x80, 0x4D, 0x2D, 0x66, 0x11, 0x89, 0x08, 0x64, 0x45, 0x1B,
    0x1A, 0x44, 0x00, 0x1A, 0x9A, 0xCC, 0x60, 0x16, 0x11, 0x8C, 0x60, 0x76, 0x33, 0x9A, 0xE1, 0x8C,
    0x22, 0x10, 0x81, 0x88, 0x66, 0x32, 0x83, 0x19, 0xCD, 0x6A, 0x46, 0xB3, 0xA1, 0xD5, 0x6C, 0x66,
    0x34, 0xAB, 0x99, 0x4C, 0x20, 0x02, 0x91, 0x88, 0x40, 0x04, 0x22, 0x9A, 0x15, 0x4D, 0x68, 0x42,
    0x6B, 0x98, 0x40, 0x00, 0x02, 0x18, 0xC0, 0xA6, 0x16, 0x13, 0x88, 0x64, 0x06, 0xB3, 0xA2, 0x01,
    0x04, 0x22, 0x98, 0xCD, 0x4C, 0x66, 0x30, 0xAB, 0x08, 0x44, 0x20, 0xC2, 0x19, 0xCD, 0x72, 0x46,
    0x33, 0xA2, 0x40, 0x04, 0x20, 0x10, 0x81, 0x88, 0x66, 0x46, 0xA3, 0x99, 0xCD, 0x60, 0x06, 0xB3,
    0xA1, 0x15, 0x0D, 0x66, 0x01, 0x09, 0x48, 0x44, 0x00, 0x22, 0x18, 0xC8, 0x6E, 0x66, 0xB4, 0x99,
    0x15, 0x0C, 0x20, 0x00, 0x01, 0x08, 0x60, 0x53, 0x8B, 0x59, 0x44, 0x22, 0x02, 0x59, 0xD0, 0x8A,
    0x06, 0x93, 0x80, 0x80, 0x16, 0x33, 0xA3, 0xC9, 0x2C, 0x20, 0x01, 0x91, 0x08, 0x64, 0x44, 0x13,
    0x1A, 0xD1, 0x62, 0x36, 0x34, 0xA1, 0x0D, 0x6D, 0x66, 0x39, 0x93, 0x08, 0x44, 0x20, 0x82, 0x11,
    0xCC, 0x66, 0x46, 0x33, 0xA3, 0xD1, 0x8C, 0x20, 0x10, 0x81, 0xAC, 0x66, 0x35, 0xBB, 0x59, 0xCE,
    0x1A, 0x02, 0x10, 0xC0, 0x00, 0x06, 0xB0, 0xA9, 0x45, 0x04, 0x22, 0x91, 0x81, 0xAC, 0x68, 0x46,
    0x83, 0x08, 0x44, 0x20, 0xA3, 0x59, 0xCD, 0x6A, 0x26, 0x13, 0x88, 0x40, 0x24, 0x20, 0xA0, 0xC1,
    0xAC, 0x68, 0x45, 0x13, 0x1A, 0xD1, 0x8C, 0x26, 0xB3, 0x9B, 0x0D, 0xAD, 0x68, 0x31, 0x23, 0x1A,
    0x40, 0x20, 0x02, 0x10, 0xD0, 0x62, 0x36, 0x34, 0xA1, 0xCD, 0x04, 0x20, 0x00, 0x81, 0x28, 0x66,
    0x0D, 0x53, 0x18, 0x40, 0x00, 0x02, 0xD8, 0xD4, 0x62, 0x16, 0x93, 0x88, 0x40, 0x64, 0x34, 0x98,
    0x41, 0x04, 0x22, 0x10, 0x99, 0x08, 0x66, 0x37, 0x2B, 0x1A, 0xCC, 0x8C, 0x06, 0x94, 0x99, 0x40,
    0x04, 0x22, 0x10, 0x01, 0x08, 0x66, 0x34, 0xA3, 0x99, 0xD1, 0x64, 0x06, 0x93, 0x89, 0x0D, 0x05,
    0x22, 0x11, 0x81, 0x08, 0x64, 0x34, 0x93, 0x19, 0xCD, 0x8C, 0x56, 0x33, 0x9A, 0x05, 0x24, 0x20,
    0x84, 0x29, 0x0C, 0x60, 0x00, 0x01, 0x68, 0x6A, 0x31, 0x8B, 0xD9, 0x44, 0x20, 0x32, 0x5A, 0xCC,
    0x60, 0x46, 0x13, 0x8C, 0x40, 0x04, 0xA2, 0x9A, 0xC9, 0x4C, 0x66, 0x33, 0x83, 0x19, 0xCC, 0x06,
    0x02, 0x30, 0x88, 0x08, 0x04, 0x22, 0x13, 0x01, 0x8C, 0x60, 0x32, 0xBB, 0xD9, 0xD0, 0x8A, 0x06,
    0x13, 0x80, 0x00, 0x04, 0xB2, 0xA1, 0xD9, 0x4C, 0x66, 0x44, 0x03, 0x08, 0x40, 0x36, 0xAB, 0x59,
    0xC3, 0x04, 0x02, 0x10, 0x80, 0x00, 0x36, 0xB5, 0x98, 0xC5, 0x6C, 0x22, 0x10, 0x11, 0x48, 0x66,
    0x30, 0x8B, 0xD9, 0xD0, 0x04, 0x12, 0x10, 0x88, 0x40, 0x16, 0xB3, 0x9A, 0xD1, 0x2C, 0x66, 0x35,
    0x93, 0x19, 0xCD, 0x6A, 0x26, 0xB3, 0x99, 0xC9, 0x0C, 0x22, 0x10, 0x81, 0x08, 0x44, 0x20, 0xA3,
    0x99, 0xCD, 0x68, 0x56, 0x13, 0x88, 0x40, 0x04, 0x32, 0x99, 0xD1, 0x24, 0x23, 0x18, 0xD1, 0xAC,
    0x61, 0x0A, 0x03, 0x08, 0x40, 0x00, 0x9B, 0x5A, 0xCC, 0x62, 0x36, 0x13, 0x88, 0x08, 0x24, 0x22,
    0x10, 0xD1, 0xAC, 0x68, 0x34, 0xBB, 0x99, 0x4C, 0x60, 0x56, 0x13, 0x9A, 0x40, 0x44, 0x20, 0x10,
    0x81, 0x08, 0x66, 0x44, 0xA3, 0x59, 0xCD, 0x60, 0x06, 0xB3, 0xA0, 0x00, 0x04, 0x22, 0x02, 0xC9,
    0x8C, 0x66, 0x44, 0x33, 0x1A, 0xC4, 0x26, 0x12, 0x10, 0x80, 0x60, 0x56, 0x34, 0xA1, 0xC1, 0x84,
    0x20, 0x80, 0x01, 0x0C, 0x60, 0x00, 0x0B, 0x08, 0x44, 0x31, 0x9B, 0x19, 0xCC, 0x8C, 0x02, 0x11,
    0x88, 0x8C, 0x46, 0xB4, 0xA1, 0xD9, 0x4C, 0x66, 0x44, 0x13, 0x1A, 0xD1, 0x62, 0x36, 0x34, 0xA1,
    0x0D, 0x0D, 0x22, 0x10, 0x81, 0x48, 0x64, 0x35, 0xBB, 0x19, 0xCD, 0x70, 0x16, 0x13, 0x8C, 0x40,
    0x04, 0x22, 0x9A, 0xD1, 0x8C, 0x66, 0x46, 0x83, 0x48, 0x44, 0x30, 0x83, 0x99, 0xD1, 0x6E, 0x42,
    0x10, 0x80, 0x00, 0x06, 0x30, 0x80, 0x4D, 0x0D, 0x22, 0x10, 0x89, 0x0C, 0x66, 0x46, 0xAB, 0x19,
    0x4C, 0x68, 0x06, 0x10, 0x88, 0x40, 0x04, 0x22, 0x00, 0x81, 0x8C, 0x66, 0x34, 0xCB, 0x19, 0xCD,
    0x8C, 0x46, 0xB3, 0xA2, 0xC1, 0x0C, 0x22, 0x11, 0x09, 0x08, 0x44, 0x33, 0x83, 0x19, 0xCC, 0x86,
    0x56, 0x10, 0x88, 0x08, 0x44, 0x33, 0x9C, 0x11, 0x4D, 0x20, 0x10, 0xDD, 0x2C, 0x67, 0x19, 0x23,
    0x08, 0x40, 0x00, 0x03, 0x18, 0xC0, 0xA6, 0x16, 0xB3, 0x98, 0x44, 0x04, 0x22, 0x02, 0xD1, 0x08,
    0x44, 0x02, 0x22, 0x5A, 0xCC, 0x8C, 0x26, 0xB3, 0xA0, 0x0D, 0xCD, 0x22, 0x10, 0x01, 0x08, 0x60,
    0x44, 0x8B, 0xD9, 0xD0, 0x84, 0x36, 0x34, 0x99, 0x41, 0x04, 0x22, 0x01, 0x81, 0xEC, 0x66, 0x34,
    0xC3, 0x19, 0xCD, 0x22, 0x02, 0x11, 0xCD, 0x64, 0x06, 0x33, 0x9A, 0x41, 0x04, 0xA2, 0xA0, 0x35,
    0x4C, 0x61, 0x00, 0x01, 0x08, 0x60, 0x53, 0x8B, 0x59, 0xCC, 0x66, 0x06, 0x33, 0x81, 0x4C, 0x04,
    0x22, 0x10, 0x11, 0x08, 0x44, 0x20, 0x93, 0x91, 0xC0, 0x60, 0x36, 0x33, 0x99, 0xC1, 0x8C, 0x66,
    0x38, 0xA3, 0x59, 0xC4, 0x2A, 0x22, 0x11, 0x88, 0x6A, 0x26, 0x33, 0x98, 0xD5, 0x04, 0x22, 0x10,
    0x19, 0x4D, 0x66, 0x30, 0x81, 0x08, 0x44, 0x30, 0x33, 0x9A, 0xCC, 0x60, 0x96, 0x11, 0x88, 0x10,
    0x86, 0x30, 0x80, 0x01, 0x0C, 0x20, 0x01, 0x81, 0x28, 0x66, 0x33, 0x83, 0x99, 0xD1, 0x70, 0x06,
    0x33, 0x88, 0x4C, 0x04, 0x22, 0x18, 0x81, 0x88, 0x46, 0x20, 0xC2, 0x99, 0xCC, 0x66, 0x06, 0x33,
    0x98, 0x0D, 0x0D, 0x68, 0x10, 0x11, 0x88, 0x44, 0x00, 0x23, 0x9A, 0xD1, 0x64, 0x76, 0x93, 0x80,
    0x00, 0x14, 0x33, 0xA3, 0xD5, 0xEC, 0x26, 0x01, 0xD1, 0x4C, 0x66, 0x44, 0x9B, 0x08, 0x40, 0x08,
    0x52, 0x18, 0xC0, 0x00, 0x06, 0xB0, 0xA9, 0x45, 0x04, 0x22, 0x11, 0x81, 0xCC, 0x68, 0x39, 0x83,
    0x99, 0xD0, 0x88, 0x16, 0xB3, 0xA1, 0x01, 0x25, 0x20, 0x10, 0x81, 0x28, 0x66, 0x30, 0x9B, 0xD9,
    0x40, 0x22, 0x12, 0x11, 0x88, 0x40, 0x44, 0x33, 0x9C, 0xD1, 0xAC, 0x26, 0x10, 0x09, 0x08, 0x66,
    0x30, 0x93, 0x19, 0x44, 0x22, 0x02, 0x11, 0x88, 0x6A, 0x46, 0x33, 0xA1, 0x00, 0x24, 0x20, 0x86,
    0x29, 0x0C, 0x60, 0x00, 0x03, 0x58, 0x40, 0x20, 0x02, 0x91, 0x88, 0x40, 0x44, 0x20, 0x00, 0x81,
    0xAC, 0x66, 0x30, 0xA3, 0xD9, 0xD0, 0x68, 0x56, 0x33, 0x99, 0x15, 0x0D, 0x66, 0x10, 0x09, 0x08,
    0x40, 0x30, 0x33, 0x5A, 0xCE, 0x6A, 0x06, 0x10, 0x81, 0x40, 0x76, 0xB3, 0xA1, 0x15, 0x04, 0x22,
    0x02, 0xE1, 0x8C, 0x66, 0x43, 0x93, 0x08, 0x44, 0x00, 0x13, 0x1A, 0xD1, 0x72, 0x56, 0x11, 0x82,
    0x00, 0x04, 0x20, 0x80, 0x01, 0x6C, 0x6A, 0x31, 0x8B, 0xD9, 0x44, 0x20, 0x22, 0x10, 0x80, 0x60,
    0x16, 0xA3, 0xA1, 0x09, 0x6D, 0x68, 0x33, 0xCB, 0x99, 0xCC, 0x60, 0x26, 0x31, 0x8C, 0x40, 0x04,
    0x23, 0x10, 0x81, 0xAC, 0x66, 0x34, 0xA3, 0x19, 0xCE, 0x20, 0x82, 0x11, 0xCD, 0x8A, 0x46, 0x13,
    0x80, 0x40, 0x36, 0x34, 0x99, 0x0D, 0x0D, 0x22, 0x18, 0xC9, 0x0C, 0x66, 0x32, 0x1B, 0x5A, 0xC3,
    0x14, 0x06, 0x10, 0x80, 0x00, 0x24, 0x20, 0x10, 0x81, 0x6C, 0x66, 0x30, 0x33, 0xDA, 0xD0, 0x60,
    0x56, 0xB3, 0x8B, 0x40, 0x04, 0x22, 0x98, 0x05, 0xAD, 0x66, 0x34, 0x93, 0xD9, 0x50, 0x20, 0x12,
    0x10, 0xC8, 0x72, 0x26, 0x33, 0x98, 0xD1, 0x2C, 0x20, 0x10, 0x11, 0xAD, 0x66, 0x36, 0xA3, 0x59,
    0xCD, 0x20, 0x12, 0x90, 0xCC, 0x86, 0x46, 0xB3, 0x9C, 0x41, 0x04, 0x22, 0x90, 0x01, 0xAD, 0x61,
    0x0A, 0x03, 0x18, 0xC0, 0x00, 0x16, 0x10, 0x88, 0x40, 0x24, 0x22, 0x10, 0x11, 0x08, 0x40, 0x20,
    0x02, 0x91, 0xC0, 0x60, 0x86, 0x33, 0x9A, 0x09, 0x8D, 0x26, 0x10, 0x81, 0x48, 0x60, 0x20, 0x1B,
    0x1A, 0xCD, 0x30, 0x02, 0x11, 0xCC, 0x68, 0x86, 0x13, 0x8A, 0x40, 0x04, 0x33, 0x9A, 0xD1, 0xAC,
    0x26, 0x10, 0x81, 0x48, 0x68, 0x45, 0x83, 0x99, 0xD1, 0x84, 0x56, 0x93, 0x89, 0x44, 0x84, 0x30,
    0x85, 0x01, 0x0C, 0x60, 0x00, 0x9B, 0x5A, 0xCC, 0x62, 0x36, 0x33, 0x98, 0x19, 0x0D, 0x20, 0x10,
    0x01, 0x88, 0x60, 0x32, 0xBB, 0xD9, 0xD0, 0x8A, 0x16, 0x33, 0xA0, 0x01, 0x04, 0x22, 0x00, 0x01,
    0x2D, 0x66, 0x43, 0x13, 0xDA, 0x44, 0x00, 0x02, 0x1A, 0xCC, 0x68, 0x76, 0x13, 0x8C, 0x6C, 0x56,
    0xB4, 0x98, 0x41, 0x04, 0x20, 0x18, 0xC1, 0xC8, 0x66, 0x31, 0x2B, 0x5A, 0xCD, 0x86, 0xD6, 0x30,
    0x85, 0x01, 0x0C, 0x20, 0x00, 0x09, 0x08, 0x44, 0x20, 0x12, 0x11, 0xCC, 0x8C, 0x66, 0x34, 0x98,
    0x0D, 0xCD, 0x66, 0x16, 0x81, 0x08, 0x40, 0x37, 0x93, 0x19, 0xCE, 0x72, 0x76, 0x33, 0x88, 0x4C,
    0x24, 0x33, 0x9A, 0xCD, 0x8C, 0x66, 0x00, 0x01, 0x08, 0x66, 0x43, 0xC3, 0x99, 0x4C, 0x02, 0x02,
    0x10, 0xC8, 0x60, 0x46, 0x34, 0x88, 0x04, 0x44, 0x22, 0x10, 0x81, 0x68, 0x68, 0x31, 0x6B, 0x98,
    0xC2, 0x00, 0x06, 0x30, 0x80, 0x4D, 0x2D, 0x66, 0x31, 0x9B, 0x59, 0x44, 0x20, 0x02, 0x11, 0x88,
    0x80, 0x46, 0xB4, 0x98, 0x11, 0x4D, 0x66, 0x33, 0x81, 0x88, 0x40, 0x42, 0xB3, 0x19, 0xCC, 0x64,
    0x16, 0x91, 0xC9, 0x68, 0x66, 0xB4, 0xA1, 0x49, 0x04, 0x22, 0x9A, 0xCD, 0x4C, 0x66, 0x42, 0x03,
    0x0A, 0x44, 0x02, 0x02, 0x10, 0x88, 0x04, 0x04, 0xB0, 0x98, 0x15, 0x2D, 0x67, 0x42, 0x6B, 0x18,
    0xC2, 0x00, 0x02, 0x10, 0x80, 0x04, 0x04, 0xB3, 0x98, 0xCD, 0x2C, 0x66, 0x30, 0x8B, 0x19, 0xCC,
    0x6C, 0x02, 0x11, 0x80, 0x08, 0x04, 0xB2, 0x9B, 0x0D, 0xAD, 0x68, 0x30, 0x81, 0x08, 0x40, 0x30,
    0x1B, 0x9A, 0xCD, 0x20, 0x02, 0x19, 0xD0, 0x88, 0x16, 0xB3, 0x80, 0x00, 0x24, 0x30, 0x99, 0xC1,
    0x2C, 0x66, 0x30, 0xA3, 0x19, 0x4E, 0x20, 0x22, 0x10, 0x88, 0x4C, 0x04, 0x22, 0x00, 0x35, 0x4C,
    0x41, 0x00, 0x03, 0x18, 0xC0, 0xA6, 0x16, 0xB3, 0x98, 0xCD, 0x2C, 0x66, 0x10, 0x81, 0x08, 0x44,
    0x32, 0x83, 0x19, 0xCD, 0x8C, 0x02, 0x11, 0x89, 0x6A, 0x46, 0x33, 0x9A, 0xD1, 0x04, 0x22, 0x00,
    0x81, 0x0C, 0x66, 0x34, 0xA3, 0x19, 0x44, 0x04, 0x92, 0xD9, 0xCC, 0x66, 0x36, 0x94, 0x88, 0x00,
    0x04, 0x23, 0x98, 0x0D, 0xAD, 0x68, 0x31, 0x83, 0x19, 0x44, 0x00, 0x02, 0x10, 0x88, 0x10, 0x04,
    0x20, 0x00, 0x01, 0x0C, 0x60, 0x53, 0x8B, 0x59, 0xCC, 0x66, 0x16, 0x33, 0x88, 0x4C, 0x04, 0x22,
    0x00, 0x11, 0x4D, 0x66, 0x37, 0x1B, 0x5A, 0x50, 0x20, 0x02, 0x10, 0xD1, 0x60, 0x36, 0x34, 0x9B,
    0x40, 0x04, 0x34, 0xA1, 0x11, 0x2D, 0x66, 0x03, 0x01, 0x48, 0x60, 0x32, 0x83, 0x19, 0xCC, 0x8C,
    0x56, 0xB3, 0x9B, 0x41, 0x04, 0x23, 0x10, 0x81, 0x88, 0x66, 0x34, 0x33, 0x9A, 0xD1, 0x1A, 0xA6,
    0x30, 0x80, 0x01, 0x04, 0x20, 0x01, 0xC5, 0x2C, 0x66, 0x33, 0x8B, 0x19, 0xCC, 0x20, 0x02, 0x11,
    0x88, 0x40, 0x44, 0xB3, 0x9A, 0xD1, 0x6C, 0x28, 0x10, 0x89, 0x08, 0x64, 0x35, 0x93, 0x19, 0x4C,
    0x20, 0x02, 0x19, 0xCD, 0x8C, 0x26, 0xB3, 0x89, 0x44, 0x24, 0x20, 0x10, 0x81, 0x4C, 0x68, 0x45,
    0x8B, 0x19, 0xCC, 0x66, 0x36, 0x34, 0xA2, 0x19, 0x4D, 0x66, 0x37, 0x93, 0x59, 0xCC, 0x1A, 0x26,
    0x10, 0x80, 0x00, 0x04, 0xB0, 0xA9, 0xC5, 0x2C, 0x66, 0x33, 0x8B, 0x09, 0x44, 0x20, 0x82, 0xD9,
    0xD0, 0x8A, 0x16, 0xB3, 0x82, 0x08, 0x04, 0xB4, 0xA1, 0xD9, 0x4C, 0x66, 0x00, 0x01, 0x08, 0x68,
    0x31, 0x1B, 0x9A, 0x40, 0x02, 0x02, 0x11, 0xC8, 0x60, 0x46, 0xB4, 0x9A, 0xDD, 0x8C, 0x22, 0x18,
    0x81, 0x08, 0x46, 0x20, 0x83, 0x19, 0xCD, 0x68, 0x46, 0x33, 0xA3, 0xD1, 0x6C, 0x66, 0x0D, 0x53,
    0x18, 0xC0, 0x00, 0x06, 0xB0, 0x80, 0x40, 0x04, 0x22, 0x91, 0xC5, 0x08, 0x66, 0x36, 0x83, 0x99,
    0x4C, 0x20, 0x02, 0x19, 0xCE, 0x68, 0x66, 0x34, 0x88, 0x40, 0x36, 0xB3, 0xA1, 0xCD, 0xAC, 0x20,
    0x10, 0x81, 0x48, 0x40, 0x44, 0x8B, 0x19, 0xCC, 0x6A, 0x16, 0x30, 0x80, 0x08, 0x04, 0x22, 0x13,
    0x09, 0xA8, 0x68, 0x31, 0x33, 0x9A, 0xCC, 0x82, 0x36, 0x34, 0x9B, 0x0D, 0x04, 0x20, 0x04, 0x01,
    0x08, 0x60, 0x00, 0x03, 0xD8, 0xD4, 0x62, 0x16, 0x93, 0x99, 0x40, 0x04, 0x22, 0x93, 0xC1, 0x4C,
    0x66, 0x44, 0x03, 0x08, 0x40, 0x20, 0x1A, 0x9A, 0xD0, 0x86, 0x26, 0x33, 0x88, 0x40, 0x04, 0x33,
    0x9A, 0xE5, 0xAC, 0x66, 0x33, 0x83, 0x08, 0x44, 0x20, 0x82, 0x51, 0xCD, 0x68, 0x06, 0x33, 0x98,
    0xD1, 0xEC, 0x66, 0x34, 0x33, 0x1A, 0xCD, 0x8C, 0x46, 0x33, 0x9A, 0x01, 0x04, 0x27, 0x04, 0x01,
    0x08, 0x40, 0x00, 0x03, 0xD8, 0xD4, 0x62, 0x16, 0x91, 0x88, 0x60, 0x06, 0x33, 0x9C, 0xC1, 0x04,
    0x22, 0x10, 0xD1, 0x8C, 0x66, 0x34, 0x33, 0xDA, 0xCC, 0x02, 0x12, 0x51, 0xD1, 0x60, 0x06, 0xB3,
    0xA1, 0x15, 0x04, 0x22, 0x10, 0xD9, 0xCC, 0x66, 0x44, 0x33, 0x9A, 0xCC, 0x6E, 0x36, 0xB4, 0xA2,
    0xC1, 0x44, 0x20, 0x10, 0x99, 0x48, 0x40, 0x24, 0x02, 0x11, 0x80, 0x70, 0x56, 0xB4, 0x86, 0x29,
    0x0C, 0x60, 0x00, 0x03, 0x48, 0x40, 0x20, 0x82, 0xD9, 0xCC, 0x62, 0x06, 0xB3, 0x8C, 0x40, 0x04,
    0x34, 0xA2, 0xC5, 0x6C, 0x28, 0x00, 0x09, 0x4C, 0x66, 0x30, 0x8B, 0x09, 0x45, 0x20, 0x12, 0x11,
    0xC8, 0x8C, 0x46, 0x33, 0xA2, 0xD1, 0xAC, 0x66, 0x35, 0xA3, 0x19, 0xCD, 0x72, 0x46, 0x11, 0x80,
    0x40, 0x04, 0x22, 0x10, 0x89, 0x0C, 0x66, 0x30, 0xA3, 0x59, 0xCE, 0x6C, 0x46, 0x11, 0x82, 0x00,
    0x04, 0x20, 0x80, 0x01, 0x6C, 0x6A, 0x31, 0x8B, 0xD9, 0xCC, 0x20, 0x02, 0x11, 0xC0, 0x60, 0x26,
    0x33, 0x88, 0x44, 0x24, 0xA0, 0x91, 0x15, 0x4D, 0x26, 0x10, 0x81, 0x08, 0x44, 0x34, 0x33, 0x1A,
    0xCD, 0x8C, 0x26, 0xB3, 0xA2, 0x40, 0x04, 0x22, 0x01, 0x01, 0x08, 0x44, 0x20, 0x82, 0x51, 0xCD,
    0x88, 0x66, 0x30, 0x99, 0xDD, 0x6C, 0x68, 0x45, 0x8B, 0x99, 0xD1, 0x04, 0x12, 0x10, 0x82, 0x14,
    0x06, 0x30, 0x80, 0x01, 0x6C, 0x2A, 0x10, 0x81, 0x68, 0x66, 0x31, 0x83, 0x19, 0x40, 0x20, 0xC2,
    0x19, 0xCD, 0x86, 0x66, 0x33, 0x88, 0x00, 0x04, 0x20, 0x00, 0x85, 0x4C, 0x68, 0x42, 0x1B, 0x9A,
    0xCC, 0x20, 0x02, 0x11, 0x88, 0x40, 0x04, 0x20, 0x1A, 0xC1, 0xAC, 0x66, 0x39, 0xA3, 0x99, 0xCC,
    0x68, 0x56, 0x33, 0x99, 0x4D, 0x24, 0x22, 0x01, 0x81, 0x08, 0x44, 0x20, 0x8A, 0x59, 0xC3, 0x14,
    0x06, 0x30, 0x80, 0x01, 0x24, 0x20, 0x98, 0xC5, 0x6C, 0x66, 0x11, 0x81, 0x68, 0x68, 0x30, 0xAB,
    0x19, 0x45, 0x20, 0x22, 0x18, 0xCD, 0x8C, 0x26, 0x33, 0x98, 0xD1, 0x0C, 0x68, 0x11, 0x81, 0x08,
    0x44, 0x22, 0x02, 0x11, 0x8C, 0x40, 0x04, 0x20, 0x98, 0x81, 0x68, 0x68, 0x45, 0x8B, 0x19, 0xCC,
    0x84, 0x86, 0x13, 0x82, 0x08, 0x04, 0x22, 0x13, 0x0D, 0xAD, 0x68, 0x34, 0xAB, 0x59, 0xC3, 0x00,
    0x02, 0x10, 0xC0, 0x00, 0x36, 0xB5, 0x98, 0xC5, 0x24, 0x22, 0x10, 0xC1, 0x8C, 0x68, 0x30, 0x8B,
    0x99, 0x40, 0x00, 0x82, 0xD9, 0xD0, 0x6C, 0x26, 0x33, 0x80, 0x00, 0x04, 0xB4, 0x98, 0x0D, 0x4D,
    0x68, 0x43, 0x9B, 0x59, 0xCE, 0x64, 0x06, 0xB3, 0x98, 0xC4, 0x84, 0x26, 0x38, 0xA1, 0x08, 0x44,
    0x20, 0x12, 0x10, 0x88, 0x40, 0x24, 0xB3, 0xA1, 0xC9, 0x6C, 0x68, 0x01, 0xC1, 0x08, 0x41, 0x0A,
    0x03, 0x18, 0xC0, 0x00, 0x36, 0x11, 0x88, 0x40, 0x36, 0xB3, 0x98, 0xC1, 0xAC, 0x68, 0x10, 0x81,
    0x08, 0x60, 0x34, 0xCB, 0x19, 0xCD, 0x86, 0x46, 0xB3, 0x80, 0x40, 0x24, 0x20, 0x10, 0x09, 0x8C,
    0x66, 0x42, 0xA3, 0x59, 0xD1, 0x68, 0x66, 0xB4, 0x9A, 0xDD, 0x04, 0x22, 0x10, 0x09, 0x08, 0x40,
    0x31, 0x83, 0x19, 0xD1, 0x82, 0x46, 0x34, 0xA3, 0xC9, 0x6C, 0x22, 0x13, 0x01, 0x08, 0x61, 0x08,
    0x03, 0x18, 0xC0, 0x00, 0x12, 0x10, 0xCC, 0x62, 0x36, 0xB3, 0x98, 0x40, 0x44, 0x20, 0x90, 0x0D,
    0xAD, 0x68, 0x31, 0x23, 0x4A, 0xD1, 0x22, 0x02, 0x10, 0x80, 0x40, 0x24, 0x20, 0x00, 0x89, 0x08,
    0x40, 0x00, 0x02, 0x11, 0xC8, 0x4E, 0x86, 0xB3, 0x9B, 0x15, 0x2D, 0x66, 0x31, 0x9B, 0x09, 0x40,
    0x20, 0x82, 0x19, 0xCC, 0x88, 0x46, 0x33, 0x9C, 0x40, 0x44, 0x20, 0xA1, 0x01, 0xAD, 0x61, 0x0A,
    0x03, 0x08, 0x40, 0x00, 0x9B, 0x5A, 0xCC, 0x62, 0x36, 0x11, 0x88, 0x40, 0x06, 0x33, 0x98, 0xD5,
    0xEC, 0x66, 0x10, 0x81, 0x08, 0x44, 0x32, 0xA3, 0x59, 0xCC, 0x68, 0x56, 0x34, 0x99, 0xC1, 0x8C,
    0x66, 0x39, 0x93, 0x19, 0xCC, 0x66, 0x36, 0x34, 0x99, 0xCD, 0x04, 0x22, 0x10, 0x09, 0x08, 0x40,
    0x20, 0x83, 0x99, 0xD1, 0x8A, 0x46, 0x34, 0x83, 0x40, 0x64, 0xB2, 0xA1, 0xE1, 0xAC, 0x21, 0x00,
    0x01, 0x08, 0x60, 0x00, 0x9B, 0x5A, 0xCC, 0x20, 0x12, 0x11, 0xC8, 0x62, 0x16, 0x33, 0x98, 0x0D,
    0xAD, 0x68, 0x31, 0x03, 0x08, 0x40, 0x20, 0x12, 0x90, 0xCD, 0x64, 0x46, 0x34, 0xA1, 0x11, 0x2D,
    0x66, 0x43, 0x13, 0x5A, 0x40, 0x20, 0x02, 0x11, 0x88, 0x64, 0x46, 0xB3, 0x9C, 0xC9, 0xEC, 0x66,
    0x34, 0x1B, 0x1A, 0x45, 0x02, 0x02, 0x11, 0x88, 0x68, 0x86, 0xB3, 0xA2, 0xD1, 0x84, 0x20, 0x80,
    0x01, 0x0C, 0x60, 0x00, 0x9B, 0x08, 0x44, 0x20, 0x9B, 0x59, 0xCC, 0x62, 0x26, 0x13, 0x88, 0x40,
    0x04, 0x22, 0x10, 0x09, 0x08, 0x44, 0x30, 0x93, 0x99, 0xCC, 0x64, 0x06, 0xB3, 0x99, 0x0D, 0x4D,
    0x66, 0x33, 0xAB, 0xD9, 0xCC, 0x68, 0x56, 0x33, 0x8A, 0x04, 0x04, 0x22, 0x9B, 0xC9, 0xAC, 0x68,
    0x30, 0x81, 0x49, 0x40, 0x00, 0x82, 0x59, 0xCC, 0x62, 0x16, 0x10, 0x80, 0x4C, 0x84, 0x30, 0x84,
    0x01, 0x0C, 0x60, 0x00, 0x1B, 0x08, 0x44, 0x30, 0x9B, 0x59, 0xCC, 0x62, 0x36, 0x33, 0x88, 0x00,
    0x44, 0x20, 0x99, 0x9D, 0x6C, 0x68, 0x45, 0x8B, 0x59, 0xD1, 0x8C, 0x46, 0xB4, 0xA1, 0xD9, 0x4C,
    0x66, 0x44, 0x13, 0x1A, 0xD1, 0x62, 0x16, 0x10, 0x80, 0x04, 0x24, 0xA2, 0x9C, 0xC9, 0x0C, 0x66,
    0x31, 0xAB, 0x19, 0x44, 0x20, 0x02, 0x59, 0xCE, 0x64, 0x06, 0xB3, 0x88, 0x00, 0x94, 0x30, 0x85,
    0x01, 0x0C, 0x20, 0x00, 0x09, 0x28, 0x66, 0x31, 0x9B, 0x59, 0xCC, 0x62, 0x46, 0x33, 0x98, 0xD1,
    0x2C, 0x22, 0x10, 0x01, 0x08, 0x44, 0x20, 0x02, 0x91, 0x80, 0x60, 0x36, 0x34, 0x99, 0xC1, 0x8C,
    0x66, 0x39, 0xA3, 0x08, 0x40, 0x20, 0x02, 0x11, 0x88, 0x04, 0x26, 0xB2, 0x81, 0xD1, 0x2C, 0x67,
    0x32, 0x83, 0x09, 0x4D, 0x24, 0x02, 0x51, 0xCD, 0x68, 0x56, 0x33, 0x88, 0x00, 0xD4, 0x30, 0x85,
    0x01, 0x0C, 0x20, 0x00, 0x09, 0x2C, 0x66, 0x31, 0x9B, 0x59, 0xCC, 0x62, 0x56, 0x33, 0x98, 0xD1,
    0x2C, 0x20, 0x10, 0x81, 0x48, 0x40, 0x00, 0x02, 0x11, 0x88, 0x66, 0x46, 0x34, 0xA2, 0x19, 0x4D,
    0x66, 0x37, 0x1B, 0x4A, 0x41, 0x20, 0x02, 0x10, 0x90, 0x62, 0x26, 0x34, 0xA2, 0xC5, 0x6C, 0x20,
    0x00, 0x89, 0x0C, 0x68, 0x44, 0x83, 0x19, 0x4D, 0x26, 0x82, 0x11, 0xCC, 0x86, 0xD6, 0x30, 0x85,
    0x01, 0x0C, 0x20, 0x00, 0x09, 0x08, 0x66, 0x31, 0x9B, 0x59, 0xCC, 0x62, 0x66, 0x33, 0x98, 0x4C,
    0x04, 0x20, 0x10, 0x81, 0x08, 0x44, 0x30, 0x82, 0x19, 0xCC, 0x62, 0x86, 0x33, 0x9A, 0xC5, 0xAC,
    0x66, 0x32, 0xA3, 0x59, 0xCD, 0x64, 0x16, 0x11, 0x88, 0x40, 0x44, 0x33, 0x9C, 0xD1, 0xAC, 0x26,
    0x10, 0x81, 0x8C, 0x66, 0x35, 0x93, 0x08, 0x44, 0x20, 0x82, 0x19, 0xCC, 0x82, 0xD6, 0x30, 0x85,
    0x00, 0x04, 0x20, 0x00, 0x09, 0x08, 0x64, 0x31, 0x9B, 0x59, 0xCC, 0x62, 0x76, 0x33, 0x98, 0xD1,
    0xAC, 0x66, 0x34, 0x9B, 0x09, 0x4D, 0x20, 0x02, 0x11, 0x88, 0x40, 0x24, 0x22, 0x9A, 0xD5, 0x4C,
    0x66, 0x33, 0x93, 0xC9, 0xCC, 0x2A, 0x02, 0x11, 0x88, 0x6A, 0x26, 0x33, 0x98, 0xCD, 0xAC, 0x20,
    0x10, 0xC1, 0x6C, 0x68, 0x45, 0x8B, 0x59, 0x4C, 0x24, 0x02, 0xD1, 0xCC, 0x64, 0xD6, 0x30, 0x85,
    0x01, 0x04, 0x20, 0x00, 0x4D, 0x2D, 0x66, 0x31, 0x9B, 0x59, 0xCC, 0x62, 0x86, 0x33, 0x98, 0x11,
    0xCD, 0x68, 0x32, 0xBB, 0xD9, 0xC0, 0x88, 0x06, 0x13, 0x80, 0x00, 0x04, 0x22, 0x01, 0xD1, 0x4C,
    0x66, 0x44, 0x13, 0x1A, 0xD1, 0x22, 0x12, 0x10, 0x80, 0x84, 0x26, 0x33, 0x98, 0xC1, 0xAC, 0x68,
    0x10, 0x99, 0x08, 0x44, 0x38, 0xA3, 0x59, 0xCC, 0x6A, 0x46, 0x33, 0x80, 0x08, 0x84, 0x20, 0x84,
    0x01, 0x0C, 0x60, 0x00, 0x9B, 0x5A, 0xCC, 0x60, 0x12, 0x11, 0x88, 0x40, 0x04, 0x23, 0x10, 0x81,
    0x08, 0x64, 0x34, 0x23, 0x1A, 0xCD, 0x62, 0x46, 0x33, 0xA1, 0xD1, 0xAC, 0x66, 0x11, 0x89, 0x08,
    0x44, 0x22, 0x93, 0x19, 0xCC, 0x66, 0x56, 0x34, 0x88, 0x40, 0x24, 0x20, 0xA2, 0xC5, 0x2C, 0x66,
    0x38, 0x09, 0x08, 0x40, 0x46, 0x93, 0xD9, 0xCD, 0x86, 0x56, 0x34, 0x81, 0x00, 0x84, 0x20, 0x00,
    0x01, 0x08, 0x60, 0x00, 0x9B, 0x5A, 0xCC, 0x62, 0x36, 0xB3, 0x98, 0xC5, 0x2C, 0x68, 0x30, 0x8B,
    0x59, 0x40, 0x04, 0x02, 0x90, 0xC0, 0x68, 0x26, 0x33, 0xA2, 0x09, 0x8D, 0x68, 0x31, 0x1B, 0x08,
    0x40, 0x02, 0x02, 0x11, 0xC8, 0x62, 0x16, 0xB4, 0x9A, 0xDD, 0x04, 0x22, 0x18, 0xD1, 0x2C, 0x66,
    0x35, 0xA3, 0x08, 0x44, 0x26, 0xA2, 0xD9, 0xCC, 0x64, 0x06, 0xB1, 0x8C, 0x40, 0x84, 0x20, 0x00,
    0x01, 0x0C, 0x60, 0x00, 0x9B, 0x5A, 0xCC, 0x62, 0x36, 0xB3, 0x98, 0xC5, 0x4C, 0x68, 0x30, 0xAB,
    0xD9, 0xCD, 0x6A, 0x02, 0x13, 0x9A, 0x08, 0x04, 0x22, 0x00, 0x81, 0xC8, 0x66, 0x20, 0x83, 0x59,
    0xCD, 0x6E, 0x02, 0x11, 0x8C, 0x40, 0x46, 0x33, 0x9A, 0xE1, 0x04, 0x22, 0x10, 0xD1, 0x4C, 0x66,
    0x34, 0xAB, 0x09, 0xCD, 0x30, 0x02, 0x11, 0x80, 0x40, 0x64, 0x32, 0xA0, 0x11, 0xAD, 0x61, 0x0A,
    0x03, 0x18, 0xC0, 0x00, 0x36, 0x35, 0x88, 0x40, 0x24, 0x22, 0x10, 0x81, 0x6C, 0x68, 0x30, 0x93,
    0x19, 0xCC, 0x66, 0x56, 0x34, 0x98, 0x40, 0x24, 0x20, 0x00, 0x81, 0x28, 0x64, 0x40, 0xCB, 0x19,
    0xD1, 0x8C, 0x06, 0x93, 0x89, 0x04, 0x04, 0xB4, 0x98, 0x19, 0x4D, 0x66, 0x40, 0x09, 0x88, 0x44,
    0x20, 0x23, 0x9A, 0xD0, 0x88, 0x16, 0x93, 0x80, 0x00, 0x24, 0x24, 0x98, 0xC1, 0xAC, 0x61, 0x0A,
    0x03, 0x18, 0xC0, 0x00, 0x36, 0xB5, 0x98, 0xC5, 0x6C, 0x66, 0x31, 0x8B, 0x19, 0xD0, 0x60, 0x02,
    0x11, 0x88, 0x40, 0x04, 0xB4, 0x9A, 0xCD, 0x8C, 0x66, 0x02, 0x81, 0x48, 0x68, 0x32, 0x9B, 0x99,
    0x4C, 0x26, 0x02, 0x11, 0x88, 0x68, 0x56, 0x33, 0x99, 0xC1, 0x64, 0x22, 0x01, 0x81, 0x08, 0x40,
    0x20, 0x83, 0xD9, 0xD0, 0x8A, 0x06, 0x33, 0x88, 0x00, 0x04, 0x22, 0xA2, 0xD1, 0xAC, 0x61, 0x0A,
    0x03, 0x18, 0xC0, 0x00, 0x36, 0xB5, 0x98, 0xC5, 0x6C, 0x66, 0x31, 0x8B, 0x59, 0xD1, 0x20, 0x02,
    0x10, 0x81, 0x40, 0x64, 0x22, 0xA1, 0x15, 0x2D, 0x66, 0x46, 0xAB, 0xD9, 0xCD, 0x06, 0x22, 0x11,
    0xC8, 0x88, 0x26, 0x34, 0xA2, 0x40, 0x24, 0x30, 0xA1, 0x0D, 0x4D, 0x26, 0x10, 0x81, 0x08, 0x60,
    0x20, 0x9B, 0x19, 0xCD, 0x8C, 0x46, 0x33, 0xA2, 0xC0, 0x84, 0x66, 0x01, 0xBB, 0x59, 0x43, 0x00,
    0x02, 0x10, 0x80, 0x00, 0x24, 0x20, 0x90, 0xC5, 0x6C, 0x66, 0x31, 0x8B, 0x99, 0x51, 0x60, 0x02,
    0x11, 0x88, 0x40, 0x04, 0x23, 0x10, 0x01, 0x08, 0x66, 0x35, 0xAB, 0xD9, 0xCC, 0x64, 0x06, 0xB3,
    0x89, 0x04, 0x24, 0xB2, 0xA2, 0xC9, 0xAC, 0x28, 0x10, 0x81, 0x48, 0x68, 0x45, 0x8B, 0x59, 0xCC,
    0x0A, 0x12, 0x10, 0x80, 0x08, 0x04, 0x22, 0x9B, 0x0D, 0x2D, 0x40, 0x20, 0x03, 0x59, 0xC3, 0x14,
    0x06, 0x30, 0x80, 0x01, 0x6C, 0x6A, 0x31, 0x8B, 0xD9, 0xC4, 0x20, 0x02, 0x11, 0x88, 0x40, 0x04,
    0x33, 0xA3, 0xE1, 0x8C, 0x66, 0x03, 0x91, 0x08, 0x44, 0x44, 0x13, 0x1A, 0xD1, 0x62, 0x12, 0x10,
    0x80, 0x04, 0x24, 0xB3, 0x9C, 0xC9, 0x0C, 0x66, 0x31, 0xCB, 0x59, 0xCD, 0x32, 0x02, 0x11, 0x81,
    0x60, 0x06, 0x33, 0x99, 0xC1, 0x8C, 0x66, 0x31, 0x81, 0x08, 0x44, 0x30, 0x02, 0x5A, 0xC3, 0x14,
    0x06, 0x30, 0x80, 0x01, 0x6C, 0x6A, 0x31, 0x8B, 0xD9, 0xCC, 0x62, 0x26, 0xB3, 0x98, 0xC1, 0x04,
    0x22, 0x10, 0x81, 0x48, 0x68, 0x32, 0x1B, 0x5A, 0xCD, 0x32, 0x02, 0x11, 0xD1, 0x6A, 0x56, 0xB3,
    0x9A, 0x40, 0x04, 0x22, 0x9A, 0xC9, 0x6C, 0x68, 0x32, 0x1B, 0x1A, 0xCD, 0x30, 0x02, 0x11, 0x81,
    0x40, 0x04, 0x22, 0x10, 0x81, 0xAC, 0x46, 0x33, 0xA2, 0x59, 0xCD, 0x70, 0x36, 0xB4, 0x86, 0x29,
    0x0C, 0x60, 0x00, 0x03, 0xD8, 0x54, 0x20, 0x02, 0x91, 0x88, 0x40, 0x26, 0x33, 0x99, 0xC1, 0x8C,
    0x66, 0x35, 0xA3, 0x08, 0x41, 0x20, 0x02, 0x91, 0xC0, 0x8A, 0x16, 0x33, 0x99, 0xC1, 0x24, 0x20,
    0x00, 0x11, 0x08, 0x66, 0x37, 0x1B, 0x5A, 0xD0, 0x22, 0x02, 0x10, 0xC0, 0x62, 0x26, 0x34, 0xA2,
    0xC5, 0x6C, 0x68, 0x42, 0x9B, 0x19, 0xD0, 0x80, 0x06, 0x11, 0x88, 0x40, 0x44, 0x20, 0x04, 0x01,
    0x08, 0x40, 0x00, 0x02, 0x90, 0xD4, 0x62, 0x16, 0xB3, 0x99, 0xC5, 0x4C, 0x22, 0x11, 0x81, 0xEC,
    0x66, 0x38, 0xBB, 0x59, 0xD1, 0x20, 0x02, 0x11, 0x8C, 0x4C, 0x06, 0x32, 0x98, 0xC5, 0x6C, 0x66,
    0x35, 0xBB, 0x19, 0x44, 0x30, 0x02, 0x11, 0xCE, 0x64, 0x06, 0x33, 0x9A, 0xD1, 0x8C, 0x66, 0x46,
    0x81, 0x48, 0x44, 0x20, 0x02, 0x11, 0xC8, 0x68, 0x46, 0x33, 0x9C, 0xD1, 0xAC, 0x68, 0x0D, 0x53,
    0x18, 0xC0, 0x00, 0x06, 0xB0, 0xA9, 0xC5, 0x2C, 0x22, 0x11, 0x81, 0x08, 0x44, 0x20, 0x83, 0x19,
    0xCD, 0x72, 0x46, 0x33, 0x80, 0x40, 0x04, 0x34, 0x99, 0xC1, 0x84, 0x22, 0x18, 0x81, 0xEC, 0x66,
    0x34, 0x23, 0xDA, 0xCC, 0x8A, 0x06, 0x33, 0x98, 0x0D, 0x85, 0x68, 0x31, 0x93, 0xD9, 0xCC, 0x6C,
    0x46, 0x10, 0x81, 0x40, 0x64, 0x22, 0x01, 0x01, 0x08, 0x44, 0x45, 0xCB, 0x59, 0xCD, 0x1A, 0xA6,
    0x30, 0x80, 0x00, 0x04, 0x20, 0xA1, 0xC5, 0x0C, 0x66, 0x33, 0x8B, 0x99, 0xCC, 0x6A, 0x06, 0x33,
    0xA2, 0x41, 0x24, 0x20, 0x12, 0xC1, 0x8C, 0x68, 0x42, 0x23, 0x5A, 0x4C, 0x02, 0x02, 0xD0, 0xD0,
    0x64, 0x06, 0xB3, 0x98, 0x65, 0x04, 0x22, 0x13, 0x81, 0x0C, 0x46, 0x34, 0x8B, 0x59, 0xCD, 0x68,
    0x26, 0xB3, 0x9B, 0xD5, 0x6C, 0x66, 0x32, 0x83, 0x19, 0xCD, 0x72, 0x56, 0x34, 0x99, 0x35, 0x4C,
    0x61, 0x00, 0x03, 0x08, 0x40, 0x02, 0x02, 0x59, 0xCC, 0x66, 0x16, 0x33, 0x89, 0x48, 0x04, 0xB2,
    0x9A, 0xD1, 0x4C, 0x66, 0x10, 0x81, 0x08, 0x40, 0x20, 0x82, 0x59, 0xCD, 0x68, 0x56, 0x33, 0x9A,
    0xD1, 0xAC, 0x66, 0x35, 0x93, 0x08, 0x44, 0x20, 0x82, 0x11, 0xCE, 0x68, 0x66, 0x33, 0x99, 0x40,
    0x04, 0x22, 0x18, 0x81, 0xC8, 0x44, 0x20, 0x02, 0x90, 0x88, 0x00, 0x44, 0x32, 0x02, 0x31, 0x08,
    0x61, 0x00, 0x03, 0x18, 0xC0, 0xA6, 0x16, 0xB3, 0x98, 0xCD, 0x2C, 0x22, 0x10, 0xD9, 0x0C, 0x66,
    0x30, 0x83, 0x49, 0x40, 0x00, 0x8A, 0x99, 0xCC, 0x6A, 0x82, 0x13, 0x80, 0x08, 0x04, 0x22, 0x9B,
    0x0D, 0xAC, 0x68, 0x31, 0x2B, 0x9A, 0xD1, 0x88, 0x36, 0x34, 0x9B, 0xC9, 0x8C, 0x68, 0x42, 0x23,
    0x5A, 0xCC, 0x86, 0x06, 0x90, 0x80, 0x40, 0x04, 0x32, 0x98, 0xE5, 0x2C, 0x67, 0x32, 0x6B, 0x98,
    0x40, 0x00, 0x02, 0x10, 0x80, 0xA4, 0x16, 0xB3, 0x98, 0xCD, 0x2C, 0x66, 0x32, 0xC3, 0x19, 0x44,
    0x22, 0x12, 0x90, 0xCC, 0x8A, 0x26, 0xB3, 0xA1, 0xC0, 0x04, 0x22, 0x10, 0xD1, 0x8C, 0x66, 0x46,
    0xA3, 0x99, 0xD1, 0x24, 0x02, 0x11, 0x88, 0x40, 0x24, 0x20, 0x00, 0x81, 0x08, 0x44, 0x30, 0x02,
    0x11, 0x80, 0x08, 0x04, 0x22, 0x13, 0x09, 0x08, 0x40, 0x20, 0x22, 0x90, 0xC8, 0x8A, 0xD6, 0x30,
    0x85, 0x01, 0x04, 0x20, 0x80, 0x4D, 0x2D, 0x66, 0x31, 0x9B, 0x09, 0x44, 0x20, 0x82, 0x19, 0xCC,
    0x64, 0x16, 0xB4, 0xA1, 0xD9, 0x04, 0x26, 0x00, 0x01, 0x08, 0x40, 0x30, 0x1B, 0x9A, 0xD0, 0x86,
    0x36, 0xB3, 0x9C, 0xC9, 0x0C, 0x22, 0x10, 0x01, 0x08, 0x44, 0x20, 0x83, 0x99, 0xD1, 0x68, 0x56,
    0xB4, 0x9A, 0xD1, 0x4C, 0x66, 0x30, 0xAB, 0x59, 0xCE, 0x68, 0x26, 0x10, 0x88, 0x55, 0xA4, 0x20,
    0x00, 0x01, 0x08, 0x40, 0x00, 0x9A, 0x5A, 0xCC, 0x62, 0x36, 0x13, 0x88, 0x40, 0x14, 0x34, 0x98,
    0xD5, 0xAC, 0x22, 0x10, 0x09, 0x08, 0x66, 0x43, 0xA3, 0xD9, 0xCC, 0x68, 0x16, 0x33, 0x9A, 0x00,
    0xAC, 0x66, 0x34, 0x93, 0x19, 0xCC, 0x6A, 0x82, 0x11, 0x88, 0x08, 0x04, 0x22, 0x90, 0xC9, 0x6C,
    0x68, 0x32, 0x1B, 0x5A, 0xCD, 0x6E, 0x02, 0x11, 0x81, 0x40, 0x04, 0x20, 0xA2, 0x05, 0xAD, 0x61,
    0x0A, 0x03, 0x18, 0xC0, 0x00, 0x36, 0xB5, 0x88, 0x40, 0x24, 0x22, 0x10, 0x81, 0x08, 0x68, 0x30,
    0xAB, 0x19, 0x4D, 0x20, 0x02, 0x11, 0x88, 0x70, 0x46, 0x33, 0xA3, 0xD5, 0xAC, 0x66, 0x10, 0x81,
    0x48, 0x40, 0x00, 0x02, 0x11, 0x88, 0x60, 0x04, 0x23, 0x00, 0x11, 0x08, 0x44, 0x26, 0x12, 0x10,
    0x80, 0x40, 0x46, 0x34, 0xA2, 0xC5, 0x4C, 0x68, 0x44, 0x8B, 0xD9, 0x40, 0x30, 0xA2, 0x59, 0xC3,
    0x14, 0x06, 0x10, 0x80, 0x00, 0x36, 0xB5, 0x98, 0xC5, 0x6C, 0x66, 0x31, 0x93, 0x59, 0x40, 0x20,
    0x02, 0x90, 0x88, 0x00, 0x04, 0x20, 0x98, 0xD1, 0xEC, 0x66, 0x38, 0xBB, 0x09, 0xD0, 0x20, 0x12,
    0x11, 0x88, 0x60, 0x04, 0x22, 0x10, 0xC5, 0x28, 0x66, 0x35, 0xBB, 0x19, 0xCD, 0x70, 0x56, 0xB3,
    0x9C, 0xC9, 0x0C, 0x66, 0x33, 0x1B, 0x9A, 0xCC, 0x60, 0x46, 0x31, 0x89, 0x60, 0x04, 0x20, 0x04,
    0x29, 0x0C, 0x60, 0x00, 0x03, 0xD8, 0x40, 0x20, 0x8A, 0xD9, 0xCC, 0x62, 0x26, 0x13, 0x80, 0x40,
    0x44, 0xB3, 0x9A, 0xD1, 0x6C, 0x68, 0x34, 0xAB, 0x19, 0xCD, 0x72, 0x56, 0x33, 0x9B, 0x41, 0x04,
    0x22, 0x10, 0x81, 0x08, 0x44, 0x30, 0x12, 0x11, 0x80, 0x40, 0x04, 0xB3, 0xA1, 0x15, 0x2D, 0x66,
    0x32, 0x1B, 0x08, 0x46, 0x00, 0x22, 0x9A, 0xCC, 0x6E, 0x36, 0xB4, 0xA2, 0xC9, 0x6C, 0x68, 0x0D,
    0x53, 0x08, 0x40, 0x00, 0x02, 0x90, 0x80, 0x60, 0x16, 0xB3, 0x99, 0xC5, 0x4C, 0x66, 0x45, 0x83,
    0x08, 0x44, 0x40, 0x23, 0x1A, 0xCC, 0x86, 0x66, 0x33, 0x99, 0x11, 0x04, 0x20, 0x00, 0x81, 0x48,
    0x40, 0x00, 0x12, 0x10, 0x88, 0x40, 0x04, 0x22, 0x10, 0x81, 0x08, 0x40, 0x20, 0x0B, 0x59, 0xCD,
    0x72, 0x46, 0x33, 0x99, 0x40, 0x04, 0x22, 0x10, 0x81, 0xA8, 0x66, 0x33, 0xB3, 0x59, 0x40, 0x08,
    0x02, 0x18, 0xC0, 0x00, 0x06, 0xB0, 0xA9, 0xC5, 0x2C, 0x22, 0x11, 0x81, 0x08, 0x44, 0x04, 0x02,
    0x11, 0x88, 0x08, 0x04, 0x33, 0xA2, 0xD1, 0xAC, 0x66, 0x34, 0xA3, 0x19, 0xCD, 0x62, 0x06, 0x33,
    0x9C, 0x40, 0x04, 0x22, 0x10, 0xC1, 0x4C, 0x66, 0x37, 0xA3, 0xD9, 0xD0, 0x68, 0x36, 0xB4, 0x99,
    0x15, 0x4D, 0x66, 0x45, 0x83, 0x19, 0xCC, 0x86, 0x56, 0x34, 0x88, 0x40, 0x04, 0xB0, 0x9B, 0x35,
    0x4C, 0x61, 0x00, 0x01, 0x08, 0x60, 0x53, 0x8B, 0x59, 0xCC, 0x26, 0x02, 0x91, 0x88, 0x40, 0x04,
    0x22, 0x80, 0xE1, 0x8C, 0x60, 0x46, 0x93, 0xD9, 0xCD, 0x86, 0x56, 0xB4, 0x98, 0x15, 0xCD, 0x68,
    0x44, 0x1B, 0x9A, 0xCD, 0x64, 0x46, 0x34, 0xA1, 0x01, 0x04, 0x22, 0x01, 0x01, 0x6D, 0x60, 0x32,
    0x83, 0x19, 0xCC, 0x0A, 0x02, 0x91, 0x89, 0x40, 0x84, 0xB3, 0x9A, 0xE5, 0xAC, 0x66, 0x33, 0x6B,
    0x98, 0xC2, 0x00, 0x06, 0x10, 0x80, 0x04, 0x04, 0xB3, 0x98, 0xCD, 0x2C, 0x66, 0x33, 0x83, 0x08,
    0x44, 0x20, 0x02, 0x51, 0xCD, 0x66, 0x46, 0x33, 0x9C, 0xD1, 0xCC, 0x68, 0x35, 0xAB, 0x19, 0xCD,
    0x86, 0x46, 0x33, 0x9A, 0xC9, 0x0C, 0x66, 0x34, 0xCB, 0xD9, 0xCC, 0x8A, 0x06, 0x33, 0x98, 0x05,
    0x04, 0x20, 0x90, 0xCD, 0x0C, 0x66, 0x44, 0x23, 0x88, 0x40, 0x20, 0xB2, 0x99, 0xCC, 0x8C, 0xD6,
    0x30, 0x85, 0x01, 0x0C, 0x20, 0x00, 0x09, 0x08, 0x44, 0x20, 0x12, 0x11, 0x88, 0x44, 0x26, 0x33,
    0x98, 0x0D, 0xAD, 0x68, 0x31, 0x33, 0x9A, 0xCC, 0x82, 0x36, 0x34, 0x9B, 0x41, 0x04, 0x20, 0x00,
    0x01, 0x08, 0x66, 0x43, 0x13, 0xDA, 0xD0, 0x66, 0x96, 0x33, 0x99, 0xC1, 0x4C, 0x66, 0x38, 0xA1,
    0x49, 0x44, 0x20, 0x02, 0x11, 0xC8, 0x0A, 0x26, 0x33, 0x98, 0x41, 0x04, 0x23, 0x10, 0x01, 0x8C,
    0x61, 0x0A, 0x03, 0x08, 0x40, 0x00, 0x12, 0x10, 0x88, 0x40, 0x34, 0xB3, 0x98, 0xCD, 0x6C, 0x66,
    0x30, 0x93, 0xD9, 0xD0, 0x64, 0x26, 0x34, 0x9A, 0xCD, 0x8C, 0x66, 0x31, 0xA3, 0x59, 0xD1, 0x6A,
    0x46, 0x33, 0x99, 0xC1, 0x0C, 0x22, 0x18, 0x81, 0x6C, 0x68, 0x32, 0x1B, 0x5A, 0xCD, 0x6E, 0x06,
    0x11, 0x8C, 0x40, 0x24, 0x20, 0x10, 0x09, 0x4C, 0x66, 0x30, 0xA3, 0x59, 0xCE, 0x86, 0x96, 0xB3,
    0x86, 0x00, 0x04, 0x20, 0x80, 0x01, 0x6C, 0x6A, 0x31, 0x8B, 0xD9, 0x44, 0x20, 0x12, 0x11, 0x88,
    0x40, 0x04, 0xB2, 0xA1, 0xC9, 0x6C, 0x68, 0x35, 0xBB, 0x19, 0xCD, 0x8C, 0x46, 0xB3, 0xA2, 0xD5,
    0x0C, 0x66, 0x32, 0x83, 0x19, 0xCD, 0x72, 0x26, 0xB3, 0xA1, 0xC9, 0x6C, 0x68, 0x10, 0x89, 0x08,
    0x64, 0x38, 0xA3, 0x99, 0xD1, 0x20, 0x02, 0x11, 0xCD, 0x86, 0x46, 0x33, 0x9A, 0xD9, 0x2C, 0x67,
    0x0D, 0x03, 0x08, 0x40, 0x00, 0x02, 0x90, 0x80, 0x40, 0x04, 0x22, 0x11, 0x81, 0x48, 0x44, 0x20,
    0x82, 0x11, 0xCC, 0x60, 0x46, 0xB3, 0x9C, 0x41, 0x0C, 0x22, 0x01, 0x01, 0x08, 0x64, 0x33, 0x93,
    0x99, 0xD0, 0x88, 0x66, 0x34, 0x99, 0xDD, 0x6C, 0x68, 0x45, 0x8B, 0x19, 0xD1, 0x8A, 0x16, 0x33,
    0x80, 0x00, 0x04, 0x22, 0xA1, 0x01, 0x6D, 0x66, 0x42, 0x23, 0x1A, 0xCC, 0x28, 0x22, 0x10, 0x88,
    0x10, 0xA6, 0x30, 0x80, 0x01, 0x0C, 0x60, 0x53, 0x8B, 0x59, 0xCC, 0x66, 0x16, 0xB3, 0x99, 0xD9,
    0x0C, 0x66, 0x37, 0xC3, 0xD9, 0x44, 0x00, 0x02, 0x91, 0x88, 0x04, 0x04, 0x23, 0x10, 0xC1, 0x2C,
    0x66, 0x31, 0xAB, 0xD9, 0x4D, 0x20, 0x82, 0x11, 0xCD, 0x72, 0x26, 0x33, 0x98, 0xD1, 0x8C, 0x26,
    0x10, 0x11, 0x08, 0x44, 0x22, 0x02, 0x11, 0x88, 0x60, 0x76, 0x33, 0x9A, 0xC5, 0xCC, 0x68, 0x31,
    0x6B, 0x98, 0x40, 0x00, 0x02, 0x10, 0xC0, 0xA6, 0x16, 0xB3, 0x98, 0xCD, 0x2C, 0x66, 0x33, 0xBB,
    0x19, 0xCC, 0x68, 0x56, 0xB4, 0x9A, 0xD1, 0x4C, 0x66, 0x30, 0xAB, 0x19, 0x4C, 0x20, 0x22, 0xB4,
    0x89, 0x00, 0x04, 0x22, 0x10, 0x09, 0x28, 0x68, 0x31, 0x9B, 0x99, 0x44, 0x24, 0x02, 0x10, 0x91,
    0x60, 0x76, 0xB3, 0xA1, 0x15, 0x0D, 0x66, 0x05, 0x01, 0x08, 0x44, 0x02, 0x22, 0x11, 0x81, 0x4C,
    0x84, 0x20, 0x00, 0x01, 0x0C, 0x60, 0x00, 0x9B, 0x52, 0xCC, 0x62, 0x36, 0xB3, 0x98, 0xCD, 0x0C,
    0x67, 0x30, 0x93, 0x09, 0x40, 0x00, 0x02, 0x50, 0xCC, 0x86, 0x26, 0xB4, 0xA1, 0xC9, 0x0C, 0x66,
    0x30, 0x1B, 0x5A, 0xCD, 0x6E, 0x02, 0x11, 0x8C, 0x40, 0x04, 0x23, 0x10, 0x81, 0x88, 0x66, 0x33,
    0xA3, 0x59, 0xCC, 0x68, 0x16, 0x10, 0x88, 0x4C, 0x44, 0x33, 0x9A, 0xC9, 0x6C, 0x66, 0x45, 0x99,
    0x59, 0x43, 0x00, 0x02, 0x10, 0x80, 0x01, 0x6C, 0x6A, 0x31, 0x8B, 0xD9, 0xCC, 0x62, 0x36, 0xB3,
    0x9C, 0xC1, 0x24, 0x22, 0x00, 0x81, 0x08, 0x64, 0x43, 0x2B, 0x5A, 0xCC, 0x66, 0x86, 0x13, 0x89,
    0x00, 0x44, 0x34, 0x98, 0xDD, 0x6C, 0x68, 0x45, 0x83, 0x49, 0x41, 0x04, 0x02, 0x90, 0x80, 0x48,
    0x04, 0x22, 0xA2, 0x01, 0x8C, 0x68, 0x31, 0x1B, 0x9A, 0xD0, 0x86, 0x26, 0x33, 0x88, 0x40, 0x84,
    0x68, 0x04, 0x01, 0x08, 0x40, 0x00, 0x02, 0x90, 0xD4, 0x62, 0x16, 0xB3, 0x99, 0xC5, 0x6C, 0x66,
    0x41, 0x83, 0x59, 0xCC, 0x72, 0x56, 0x33, 0x98, 0xD1, 0xAC, 0x66, 0x35, 0x93, 0x19, 0xCD, 0x70,
    0x46, 0x11, 0x88, 0x60, 0x06, 0xB3, 0x9A, 0xCD, 0x0C, 0x22, 0x11, 0x81, 0x0C, 0x66, 0x34, 0xA3,
    0x19, 0xCD, 0x84, 0x46, 0x11, 0x80, 0x40, 0x64, 0x22, 0x10, 0x81, 0x08, 0x44, 0x20, 0x02, 0x11,
    0x80, 0x10, 0x04, 0x20, 0x00, 0x01, 0x08, 0x40, 0x52, 0x8B, 0x59, 0xCC, 0x66, 0x16, 0xB3, 0x99,
    0x09, 0x0D, 0x66, 0x10, 0x01, 0x08, 0x44, 0x20, 0x02, 0x11, 0xCD, 0x68, 0x46, 0x33, 0x99, 0xC1,
    0xAC, 0x66, 0x34, 0xA3, 0x99, 0xD1, 0x62, 0x02, 0x10, 0x88, 0x00, 0x04, 0x22, 0x18, 0x09, 0xAD,
    0x68, 0x31, 0x9B, 0x59, 0x40, 0x20, 0x02, 0x10, 0x81, 0x60, 0x76, 0xB3, 0xA1, 0x15, 0x0D, 0x67,
    0x38, 0x6B, 0x98, 0xC2, 0x00, 0x06, 0x30, 0x00, 0x4D, 0x2D, 0x66, 0x21, 0x9B, 0x59, 0xCC, 0x66,
    0x36, 0x34, 0x98, 0xC5, 0xCC, 0x20, 0x10, 0x01, 0x48, 0x60, 0x36, 0x93, 0x19, 0xD1, 0x84, 0x06,
    0x10, 0x88, 0x04, 0x04, 0xA0, 0xA1, 0xCD, 0x2C, 0x67, 0x32, 0x83, 0x19, 0xCC, 0x6C, 0x46, 0xB3,
    0x98, 0xD1, 0x6C, 0x68, 0x34, 0xC3, 0x08, 0x44, 0x00, 0x02, 0x11, 0xC8, 0x40, 0x04, 0x32, 0x9C,
    0xCD, 0xAC, 0x61, 0x0A, 0x03, 0x18, 0xC0, 0x00, 0x36, 0xB5, 0x98, 0xC5, 0x6C, 0x66, 0x31, 0x9B,
    0x19, 0x51, 0x20, 0x12, 0x10, 0x80, 0x40, 0x24, 0x22, 0x81, 0x05, 0x8C, 0x68, 0x46, 0x93, 0xD9,
    0xCD, 0x02, 0x02, 0x10, 0xC8, 0x88, 0x56, 0xB4, 0x98, 0x09, 0x8D, 0x68, 0x10, 0x09, 0x08, 0x40,
    0x22, 0x02, 0x10, 0x80, 0x40, 0x04, 0x22, 0x13, 0xC1, 0xC8, 0x44, 0x00, 0x02, 0x11, 0x88, 0x44,
    0x04, 0x22, 0x04, 0x01, 0x08, 0x60, 0x00, 0x03, 0xD8, 0xD4, 0x62, 0x16, 0xB3, 0x99, 0x45, 0x24,
    0x22, 0x00, 0x81, 0x68, 0x66, 0x37, 0x93, 0x19, 0xCC, 0x60, 0x36, 0x34, 0x9A, 0xE5, 0x8C, 0x66,
    0x45, 0x93, 0x19, 0xCC, 0x22, 0x32, 0x11, 0x88, 0x70, 0x46, 0xB3, 0x98, 0xD5, 0x8C, 0x26, 0x10,
    0x81, 0x08, 0x44, 0x37, 0xA3, 0x59, 0xCC, 0x6A, 0x96, 0x33, 0x98, 0xC1, 0x6C, 0x68, 0x45, 0x1B,
    0xDA, 0xD0, 0x1A, 0xA6, 0x30, 0x80, 0x01, 0x0C, 0x60, 0x53, 0x8B, 0x59, 0xCC, 0x66, 0x16, 0xB3,
    0x99, 0x19, 0x05, 0x22, 0x10, 0x89, 0x08, 0x60, 0x33, 0x23, 0x9A, 0xD1, 0x64, 0x76, 0x91, 0x80,
    0x00, 0x04, 0x22, 0xA2, 0x01, 0x0D, 0x66, 0x43, 0xB3, 0x99, 0xCC, 0x88, 0x26, 0x34, 0xA2, 0xC5,
    0x6C, 0x68, 0x02, 0x1B, 0x1A, 0x4C, 0x20, 0x02, 0x11, 0x8C, 0x68, 0x76, 0x33, 0x9A, 0xE1, 0x8C,
    0x68, 0x32, 0x6B, 0x98, 0xC2, 0x00, 0x06, 0x30, 0x80, 0x4D, 0x2D, 0x26, 0x10, 0x89, 0x08, 0x44,
    0x20, 0x02, 0x11, 0x88, 0x40, 0x04, 0x22, 0x9A, 0x81, 0x4C, 0x66, 0x37, 0xAB, 0xD9, 0x44, 0x20,
    0x02, 0x11, 0x88, 0x68, 0x46, 0x33, 0x9C, 0xD1, 0x2C, 0x66, 0x35, 0xA3, 0x99, 0xCC, 0x60, 0x56,
    0xB3, 0x99, 0xD5, 0xAC, 0x66, 0x34, 0xBB, 0x19, 0xCD, 0x6E, 0x02, 0xB3, 0x9A, 0x45, 0x24, 0x22,
    0x18, 0x01, 0x08, 0x41, 0x00, 0x02, 0x18, 0xC0, 0x00, 0x36, 0xB5, 0x98, 0xC5, 0x24, 0x22, 0x10,
    0x81, 0x08, 0x46, 0x20, 0xAB, 0x19, 0xCD, 0x64, 0x06, 0xB3, 0x9A, 0xD1, 0x8C, 0x26, 0x42, 0x81,
    0x59, 0x44, 0x20, 0x02, 0x91, 0xC0, 0x80, 0x14, 0xB3, 0x99, 0x19, 0xAD, 0x28, 0x00, 0x11, 0x08,
    0x44, 0x26, 0x12, 0x10, 0x80, 0x40, 0x04, 0x20, 0x02, 0x01, 0x48, 0x40, 0x24, 0x02, 0x11, 0x80,
    0x04, 0x04, 0x20, 0x04, 0x01, 0x08, 0x40, 0x00, 0x02, 0xD0, 0xD4, 0x62, 0x16, 0xB3, 0x99, 0xC5,
    0x8C, 0x26, 0x10, 0x81, 0x08, 0x68, 0x44, 0x8B, 0xD9, 0xD0, 0x84, 0x36, 0x34, 0x89, 0x40, 0x04,
    0x22, 0x10, 0x81, 0x08, 0x46, 0x20, 0x22, 0x5A, 0xCC, 0x4C, 0x04, 0x33, 0x98, 0x0D, 0xAD, 0x68,
    0x31, 0xA3, 0x99, 0x4C, 0x2A, 0x02, 0x34, 0x81, 0x40, 0x64, 0x22, 0x01, 0x01, 0x08, 0x64, 0x44,
    0x8B, 0xD9, 0xCD, 0x1A, 0xA6, 0x30, 0x80, 0x01, 0x0C, 0x60, 0x53, 0x8B, 0x59, 0xCC, 0x66, 0x16,
    0x33, 0x9A, 0xCD, 0x0C, 0x26, 0x10, 0x01, 0x48, 0x40, 0x36, 0x83, 0x19, 0xD1, 0x84, 0x46, 0x34,
    0x88, 0x04, 0x04, 0x20, 0x01, 0xC9, 0x28, 0x67, 0x32, 0x83, 0x59, 0xCC, 0x66, 0x46, 0x23, 0x90,
    0xD5, 0x4C, 0x66, 0x34, 0xAA, 0x99, 0xCC, 0x40, 0x56, 0xB3, 0x9C, 0xD1, 0xCC, 0x68, 0x35, 0xA3,
    0x19, 0x46, 0x20, 0x42, 0x10, 0x80, 0x00, 0x06, 0x30, 0x80, 0x4D, 0x2D, 0x66, 0x31, 0x9B, 0x59,
    0xCC, 0x68, 0x02, 0x11, 0x88, 0x40, 0x24, 0x20, 0x10, 0x09, 0x08, 0x66, 0x31, 0xAB, 0x99, 0xCC,
    0x68, 0x56, 0x33, 0x9A, 0x15, 0xAD, 0x66, 0x10, 0x81, 0x08, 0x44, 0x20, 0x82, 0x11, 0x88, 0x08,
    0x04, 0xB2, 0x9A, 0xC1, 0x0C, 0x66, 0x43, 0x2B, 0x5A, 0xCC, 0x48, 0x36, 0xB3, 0x9C, 0x11, 0xCD,
    0x68, 0x41, 0x33, 0x5A, 0xC3, 0x14, 0x06, 0x30, 0x80, 0x01, 0x24, 0x20, 0x10, 0xC1, 0x6C, 0x66,
    0x31, 0xA3, 0x59, 0xCD, 0x20, 0x02, 0x91, 0x89, 0x04, 0x04, 0xA0, 0x98, 0x01, 0xAD, 0x68, 0x31,
    0x13, 0x1A, 0xD1, 0x62, 0x36, 0x34, 0xA1, 0xCD, 0x4C, 0x68, 0x44, 0x83, 0x19, 0xCD, 0x6E, 0x86,
    0x91, 0x89, 0x00, 0x04, 0x22, 0x10, 0x09, 0x08, 0x60, 0x30, 0x83, 0x59, 0xCC, 0x6A, 0x56, 0xB3,
    0x9B, 0x15, 0xED, 0x66, 0x0D, 0x53, 0x18, 0xC0, 0x00, 0x06, 0xB0, 0xA9, 0x45, 0x04, 0x22, 0x11,
    0x81, 0x88, 0x66, 0x36, 0x83, 0x19, 0xCD, 0x70, 0x56, 0xB3, 0x9C, 0x40, 0x04, 0x22, 0x10, 0x81,
    0x08, 0x64, 0x46, 0x93, 0xD9, 0xCC, 0x64, 0x06, 0x32, 0x9A, 0xCD, 0x8C, 0x66, 0x20, 0xAA, 0x11,
    0x88, 0x40, 0x04, 0x23, 0x98, 0xC1, 0x8C, 0x66, 0x39, 0xA3, 0x99, 0xCD, 0x64, 0x06, 0x11, 0x88,
    0x60, 0x04, 0x20, 0xA2, 0x35, 0x4C, 0x61, 0x00, 0x03, 0x18, 0xC0, 0xA6, 0x16, 0xB3, 0x98, 0xCD,
    0x2C, 0x66, 0x14, 0x99, 0x08, 0x44, 0x20, 0x32, 0x11, 0x88, 0x00, 0x24, 0xB2, 0xA2, 0xC1, 0x0C,
    0x66, 0x43, 0x2B, 0x5A, 0xCC, 0x68, 0x56, 0x33, 0xA3, 0x01, 0x44, 0x20, 0x10, 0x99, 0x48, 0x40,
    0x00, 0x02, 0x11, 0x80, 0x00, 0x04, 0x22, 0x01, 0x91, 0x08, 0x44, 0x00, 0x02, 0x10, 0xD0, 0x62,
    0x36, 0xB4, 0xA2, 0xDD, 0xAC, 0x21, 0x00, 0x01, 0x08, 0x60, 0x00, 0x9B, 0x5A, 0xCC, 0x62, 0x36,
    0xB3, 0x98, 0x51, 0x04, 0x23, 0x10, 0x01, 0x48, 0x40, 0x20, 0x02, 0x11, 0x88, 0x40, 0x04, 0x22,
    0x18, 0x81, 0x88, 0x40, 0x20, 0x32, 0x11, 0x88, 0x40, 0x04, 0x22, 0x99, 0xD1, 0xCC, 0x68, 0x35,
    0xAB, 0x19, 0xCD, 0x86, 0x46, 0x33, 0x8A, 0x40, 0x04, 0x22, 0x10, 0xC1, 0x08, 0x44, 0x20, 0xA2,
    0x99, 0xCC, 0x62, 0x36, 0xB4, 0x86, 0x29, 0x0C, 0x60, 0x00, 0x03, 0x58, 0x40, 0x20, 0x02, 0x91,
    0xCC, 0x62, 0x46, 0xB3, 0x9C, 0xC1, 0x8C, 0x22, 0x10, 0x89, 0x08, 0x40, 0x20, 0x02, 0x91, 0x80,
    0x00, 0x04, 0x22, 0x10, 0xC1, 0x48, 0x44, 0x00, 0x22, 0x10, 0x88, 0x4C, 0x24, 0x20, 0x00, 0x81,
    0x08, 0x40, 0x04, 0x03, 0xDA, 0xD0, 0x6C, 0x26, 0x33, 0xA2, 0x09, 0x8D, 0x68, 0x31, 0x1B, 0x1A,
    0x40, 0x02, 0x02, 0x10, 0x8C, 0x10, 0x04, 0x20, 0x80, 0x01, 0x0C, 0x60, 0x53, 0x8B, 0x59, 0xCC,
    0x66, 0x16, 0x33, 0x88, 0x00, 0x04, 0x22, 0x10, 0x81, 0x08, 0x44, 0x00, 0xA2, 0x19, 0xD1, 0x68,
    0x16, 0xB3, 0x9A, 0xE5, 0x8C, 0x66, 0x32, 0xA3, 0x59, 0xCD, 0x64, 0x06, 0x33, 0x9A, 0xE5, 0x8C,
    0x66, 0x44, 0x93, 0xD9, 0xCC, 0x6A, 0x26, 0x13, 0x88, 0x40, 0x04, 0x22, 0x12, 0xC1, 0x2C, 0x66,
    0x34, 0x2B, 0x9A, 0x4D, 0x0A, 0x42, 0x10, 0x80, 0x00, 0x06, 0x30, 0x80, 0x4D, 0x2D, 0x66, 0x31,
    0x9B, 0x59, 0xCC, 0x68, 0x26, 0x34, 0x98, 0xD5, 0x8C, 0x66, 0x34, 0x8B, 0x59, 0xCD, 0x66, 0x46,
    0xB3, 0x9C, 0xD1, 0xAC, 0x66, 0x35, 0x89, 0x08, 0x44, 0x20, 0x02, 0x11, 0x8C, 0x40, 0x76, 0x23,
    0x9A, 0x11, 0x6D, 0x66, 0x45, 0x93, 0x59, 0xD1, 0x60, 0x06, 0xB3, 0xA1, 0x15, 0x05, 0x22, 0x10,
    0x01, 0x08, 0x44, 0x30, 0x93, 0x59, 0xC3, 0x14, 0x06, 0x30, 0x80, 0x01, 0x6C, 0x6A, 0x10, 0x81,
    0x48, 0x44, 0x20, 0xA2, 0x99, 0xD0, 0x60, 0x46, 0x34, 0xA3, 0xC9, 0xEC, 0x66, 0x43, 0x2B, 0x5A,
    0xCC, 0x8C, 0x26, 0xB3, 0xA0, 0x0D, 0x8D, 0x44, 0x20, 0x02, 0x10, 0xC0, 0x88, 0x16, 0xB3, 0xA1,
    0x09, 0x6D, 0x68, 0x33, 0xCB, 0x99, 0x44, 0x20, 0x02, 0x11, 0xCD, 0x6A, 0x96, 0x33, 0x9A, 0x19,
    0xAD, 0x66, 0x35, 0x8B, 0x09, 0xCE, 0x1A, 0x26, 0x10, 0x80, 0x00, 0x04, 0x20, 0x01, 0x81, 0x08,
    0x44, 0x22, 0x02, 0x19, 0xCD, 0x80, 0x06, 0xB3, 0x9A, 0xC9, 0x0C, 0x66, 0x30, 0x1B, 0x5A, 0xD1,
    0x62, 0x46, 0xB3, 0x81, 0x01, 0x0D, 0x68, 0x46, 0x93, 0xD9, 0x45, 0x02, 0x02, 0x10, 0x88, 0x00,
    0x04, 0x20, 0x10, 0x01, 0x08, 0x40, 0x30, 0x1B, 0x9A, 0xD0, 0x66, 0x26, 0x34, 0xA2, 0xC1, 0x8C,
    0x66, 0x37, 0xC1, 0xC8, 0x44, 0x20, 0x62, 0x98, 0xC2, 0x00, 0x06, 0x30, 0x80, 0x4D, 0x2D, 0x66,
    0x31, 0x9B, 0x59, 0xCC, 0x68, 0x56, 0x34, 0x90, 0xDD, 0x0C, 0x40, 0x31, 0x8B, 0x11, 0xCD, 0x6E,
    0x26, 0x33, 0x98, 0xC5, 0x4C, 0x68, 0x35, 0xBB, 0x19, 0x44, 0x30, 0x02, 0x11, 0x8C, 0x40, 0x04,
    0x22, 0x9A, 0xC5, 0xAC, 0x66, 0x32, 0xA3, 0x59, 0xCD, 0x64, 0x36, 0x33, 0x99, 0xC1, 0x8C, 0x66,
    0x19, 0x81, 0x08, 0x40, 0x20, 0x82, 0x59, 0xC3, 0x14, 0x06, 0x30, 0x80, 0x01, 0x6C, 0x6A, 0x31,
    0x8B, 0xD9, 0xCC, 0x62, 0x46, 0x33, 0xA3, 0xC0, 0xAC, 0x22, 0x10, 0x81, 0x48, 0x4D, 0x68, 0x22,
    0x13, 0x9A, 0xD0, 0x0C, 0x62, 0x33, 0xAB, 0x18, 0x4D, 0x20, 0x02, 0x11, 0x88, 0x40, 0x04, 0x22,
    0x90, 0xD1, 0x2C, 0x67, 0x34, 0x2B, 0x9A, 0xCC, 0x20, 0x02, 0x11, 0x80, 0x40, 0x84, 0xB3, 0x99,
    0x15, 0x0D, 0x64, 0x30, 0x1B, 0x1A, 0xD1, 0x1A, 0xA6, 0x30, 0x80, 0x01, 0x0C, 0x60, 0x53, 0x8B,
    0x59, 0xCC, 0x66, 0x16, 0xB3, 0x9A, 0x41, 0x0C, 0x26, 0x01, 0x01, 0x08, 0x44, 0x20, 0x02, 0x10,
    0x88, 0x00, 0x44, 0x20, 0x10, 0x99, 0x48, 0x40, 0x00, 0x02, 0x11, 0x80, 0x00, 0x04, 0x22, 0x81,
    0xD9, 0x4C, 0x66, 0x44, 0x13, 0x1A, 0xD1, 0x62, 0x36, 0x30, 0x80, 0x04, 0x04, 0x22, 0x10, 0xC5,
    0x6C, 0x66, 0x35, 0xBB, 0xD9, 0xCC, 0x86, 0xD6, 0x30, 0x85, 0x01, 0x0C, 0x60, 0x00, 0x9B, 0x5A,
    0xCC, 0x62, 0x36, 0xB3, 0x98, 0xD5, 0x2C, 0x66, 0x30, 0xA1, 0x19, 0xCE, 0x20, 0x02, 0x11, 0x88,
    0x40, 0x04, 0x22, 0x10, 0x81, 0x08, 0x66, 0x30, 0x93, 0x19, 0xCD, 0x8C, 0x56, 0xB3, 0x9A, 0xD5,
    0x8C, 0x66, 0x30, 0x83, 0x48, 0x44, 0x02, 0x02, 0x11, 0x88, 0x40, 0x44, 0x20, 0x10, 0x99, 0x08,
    0x44, 0x44, 0x93, 0x19, 0xCC, 0x84, 0x66, 0xB4, 0x86, 0x29, 0x0C, 0x60, 0x00, 0x03, 0xD8, 0x44,
    0x20, 0x02, 0x91, 0x88, 0x40, 0x04, 0x22, 0x10, 0x81, 0xD8, 0xCC, 0x8A, 0x06, 0x13, 0x88, 0x04,
    0x04, 0x20, 0x10, 0x81, 0x08, 0x44, 0x44, 0x23, 0x98, 0xD1, 0x64, 0x76, 0xB3, 0xA1, 0x15, 0x2D,
    0x66, 0x45, 0x13, 0x08, 0x40, 0x02, 0x22, 0x11, 0x88, 0x00, 0x24, 0x34, 0xA2, 0xC5, 0x6C, 0x68,
    0x42, 0x1B, 0x9A, 0xCC, 0x60, 0x66, 0x34, 0x98, 0x35, 0x4C, 0x61, 0x00, 0x03, 0x18, 0xC0, 0xA6,
    0x16, 0xB3, 0x98, 0xCD, 0x2C, 0x66, 0x35, 0x99, 0x09, 0x44, 0x20, 0x82, 0x11, 0x88, 0x60, 0x04,
    0x22, 0x10, 0x81, 0x48, 0x44, 0x20, 0x02, 0x11, 0xCD, 0x8A, 0x26, 0xB3, 0x9B, 0xD5, 0x8C, 0x66,
    0x32, 0x83, 0x59, 0x45, 0x20, 0x02, 0x11, 0x88, 0x40, 0x34, 0x34, 0x9A, 0x09, 0x4D, 0x66, 0x30,
    0xA3, 0x59, 0xCC, 0x68, 0x26, 0xB3, 0xA2, 0x05, 0xAD, 0x61, 0x0A, 0x03, 0x18, 0xC0, 0x00, 0x36,
    0xB5, 0x98, 0xC5, 0x6C, 0x66, 0x31, 0xAB, 0x19, 0x4D, 0x60, 0x46, 0x31, 0x81, 0x40, 0x04, 0x22,
    0x10, 0x81, 0x08, 0x44, 0x20, 0x02, 0x11, 0x80, 0x60, 0x96, 0x33, 0x19, 0x15, 0x4D, 0x66, 0x45,
    0x83, 0x19, 0xCC, 0x86, 0x56, 0xB4, 0x98, 0xD5, 0x6C, 0x66, 0x31, 0x23, 0x9A, 0xD1, 0x20, 0x32,
    0x91, 0x80, 0x00, 0x04, 0x22, 0xA2, 0x99, 0xCC, 0x66, 0x0D, 0x53, 0x18, 0xC0, 0x00, 0x06, 0xB0,
    0xA9, 0xC5, 0x2C, 0x66, 0x33, 0x8B, 0x59, 0xCD, 0x6A, 0x06, 0x33, 0x99, 0x05, 0x6D, 0x68, 0x36,
    0x93, 0x19, 0xD1, 0x04, 0x02, 0x10, 0x88, 0x04, 0x24, 0xB4, 0xA1, 0xCD, 0x2C, 0x67, 0x32, 0x83,
    0x99, 0xCC, 0x6A, 0x02, 0x91, 0x88, 0x40, 0x04, 0x22, 0x10, 0x01, 0x08, 0x44, 0x20, 0x56, 0xB3,
    0x9C, 0xD1, 0xCC, 0x68, 0x35, 0x81, 0x88, 0x44, 0x30, 0x42, 0x10, 0x80, 0x00, 0x04, 0x30, 0x80,
    0x4D, 0x2D, 0x66, 0x31, 0x9B, 0x59, 0xCC, 0x6A, 0x66, 0x33, 0x98, 0xC9, 0x6C, 0x68, 0x32, 0x1B,
    0x5A, 0xCD, 0x6E, 0x46, 0xB3, 0x9C, 0x40, 0x24, 0x20, 0x10, 0x09, 0x08, 0x64, 0x30, 0xAB, 0x59,
    0xCE, 0x68, 0x66, 0xB4, 0x9A, 0xD5, 0x0C, 0x22, 0x01, 0x81, 0x48, 0x40, 0x20, 0x02, 0x11, 0x88,
    0x08, 0x04, 0x22, 0x10, 0x81, 0x08, 0x46, 0x24, 0x22, 0x11, 0x82, 0x00, 0x04, 0x20, 0x00, 0x01,
    0x48, 0x40, 0x20, 0x02, 0x91, 0x88, 0x40, 0x56, 0xB3, 0x9B, 0xC1, 0x8C, 0x66, 0x46, 0xAB, 0x59,
    0xCD, 0x64, 0x36, 0x34, 0x99, 0x0D, 0x8D, 0x66, 0x33, 0xA3, 0x99, 0xD1, 0x6A, 0x56, 0x13, 0x88,
    0x04, 0x04, 0x22, 0x10, 0x81, 0x08, 0x44, 0x35, 0xCB, 0x19, 0xCD, 0x8C, 0x56, 0xB3, 0x9A, 0xC1,
    0x04, 0x22, 0x01, 0x01, 0x08, 0x44, 0x20, 0x22, 0x10, 0x88, 0x10, 0x04, 0x20, 0x00, 0x01, 0x08,
    0x40, 0x02, 0x02, 0x11, 0x88, 0x44, 0x04, 0x22, 0x10, 0xC1, 0x08, 0x44, 0x35, 0xCB, 0x19, 0xD1,
    0x8C, 0x26, 0xB3, 0x9B, 0x0D, 0xAD, 0x68, 0x31, 0x23, 0x5A, 0x51, 0x20, 0x02, 0x10, 0x80, 0x40,
    0x24, 0x20, 0x00, 0x89, 0x08, 0x40, 0x00, 0x02, 0x11, 0x88, 0x4C, 0x04, 0xB3, 0x13, 0x01, 0x08,
    0x44, 0x24, 0x93, 0x19, 0xD0, 0x64, 0x06, 0xB3, 0x9B, 0xD9, 0xAC, 0x61, 0x0A, 0x03, 0x18, 0xC0,
    0x00, 0x36, 0x10, 0x88, 0x40, 0x24, 0x22, 0x10, 0x81, 0x08, 0x46, 0x20, 0x02, 0x91, 0x89, 0x40,
    0x64, 0x22, 0x10, 0xC1, 0x08, 0x64, 0x39, 0x93, 0x19, 0xCC, 0x68, 0x46, 0x33, 0x9A, 0x19, 0x4D,
    0x66, 0x11, 0x81, 0x08, 0x44, 0x20, 0x02, 0x11, 0x88, 0x60, 0x04, 0x22, 0x18, 0x81, 0x08, 0x40,
    0x20, 0x02, 0x10, 0x88, 0x40, 0x04, 0x22, 0x18, 0x81, 0x08, 0x40, 0x08, 0x02, 0x10, 0x80, 0x00,
    0x04, 0xB0, 0xA9, 0xC5, 0x2C, 0x66, 0x33, 0x8B, 0x59, 0xCD, 0x82, 0x06, 0x33, 0x99, 0xC1, 0x8C,
    0x26, 0x31, 0x81, 0x08, 0x44, 0x20, 0x02, 0x10, 0x88, 0x4C, 0x04, 0x22, 0x10, 0x89, 0x08, 0x68,
    0x30, 0x83, 0xD9, 0xD0, 0x8A, 0x16, 0xB3, 0x9A, 0xE5, 0x2C, 0x66, 0x44, 0x33, 0x9A, 0xCC, 0x6E,
    0x36, 0xB4, 0xA0, 0xC0, 0xAC, 0x28, 0x40, 0x81, 0x58, 0xCD, 0x6C, 0xD6, 0x30, 0x85, 0x01, 0x0C,
    0x60, 0x00, 0x9B, 0x5A, 0xCC, 0x62, 0x36, 0x93, 0x98, 0xD1, 0x04, 0x20, 0x10, 0x09, 0xCC, 0x66,
    0x32, 0x23, 0x9A, 0xD0, 0x88, 0x16, 0xB3, 0xA1, 0x09, 0x6D, 0x20, 0x10, 0x81, 0x08, 0x44, 0x00,
    0x02, 0x91, 0x89, 0x40, 0x44, 0x20, 0x10, 0x81, 0x08, 0x44, 0x02, 0x02, 0x11, 0x88, 0x40, 0x34,
    0x33, 0x99, 0xC1, 0x8C, 0x66, 0x43, 0xA3, 0x59, 0xCE, 0x60, 0x16, 0xB3, 0x86, 0x29, 0x0C, 0x60,
    0x00, 0x03, 0xD8, 0xD4, 0x62, 0x16, 0xB3, 0x99, 0xC5, 0xAC, 0x66, 0x43, 0x83, 0x19, 0xCD, 0x84,
    0x46, 0xB3, 0x9A, 0xC9, 0x0C, 0x22, 0x10, 0x81, 0x08, 0x44, 0x44, 0x93, 0x19, 0xCC, 0x68, 0x26,
    0x33, 0x9A, 0xD5, 0x4C, 0x66, 0x30, 0xA3, 0x59, 0xCC, 0x68, 0x26, 0x33, 0x9A, 0x0D, 0x8D, 0x66,
    0x35, 0x93, 0x19, 0xCC, 0x6A, 0x46, 0x33, 0x9A, 0x19, 0x4D, 0x66, 0x36, 0x6B, 0x98, 0xC2, 0x00,
    0x02, 0x10, 0x80, 0x04, 0x04, 0xB3, 0x98, 0xCD, 0x2C, 0x66, 0x35, 0x23, 0x1A, 0xCC, 0x66, 0x56,
    0x34, 0x98, 0xC1, 0x6C, 0x68, 0x45, 0x8B, 0x59, 0xCD, 0x84, 0x76, 0x33, 0xA2, 0x19, 0x4D, 0x66,
    0x37, 0x1B, 0x5A, 0xD1, 0x62, 0x56, 0x10, 0x81, 0x00, 0x24, 0x20, 0x12, 0x81, 0x08, 0x40, 0x00,
    0x02, 0x10, 0x88, 0x04, 0x04, 0x20, 0x01, 0x81, 0x08, 0x44, 0x30, 0x82, 0x11, 0x82, 0x00, 0x04,
    0x20, 0x00, 0x01, 0x48, 0x40, 0x31, 0x8B, 0xD9, 0xCC, 0x62, 0x56, 0xB3, 0xA2, 0xC1, 0x2C, 0x22,
    0x10, 0x81, 0xC8, 0x44, 0x20, 0x82, 0x51, 0xCD, 0x72, 0x26, 0x33, 0x98, 0xD1, 0x0C, 0x66, 0x34,
    0x33, 0x9A, 0x8C, 0x44, 0x04, 0x22, 0x10, 0x81, 0xC8, 0x44, 0x34, 0x8B, 0x19, 0xCD, 0x8A, 0x56,
    0x33, 0x9A, 0xC9, 0x0C, 0x66, 0x34, 0x23, 0x1A, 0xCD, 0x6A, 0x06, 0x33, 0x9C, 0x35, 0x4C, 0x61,
    0x00, 0x03, 0x18, 0xC0, 0xA6, 0x16, 0xB3, 0x98, 0xCD, 0x2C, 0x66, 0x35, 0x33, 0x0A, 0x44, 0x20,
    0x02, 0x11, 0x88, 0x40, 0x46, 0x33, 0xA3, 0xC9, 0x0C, 0x66, 0x33, 0x2B, 0x1A, 0xCC, 0x60, 0x36,
    0xB4, 0xA2, 0xC5, 0xAC, 0x66, 0x45, 0x8B, 0x19, 0xD1, 0x8C, 0x26, 0xB3, 0x9B, 0x0D, 0xAD, 0x68,
    0x31, 0x33, 0x9A, 0xCC, 0x82, 0x36, 0x34, 0x9B, 0x49, 0x04, 0x20, 0x02, 0x81, 0x08, 0x41, 0x00,
    0x02, 0x18, 0xC0, 0x00, 0x36, 0xB5, 0x98, 0xC5, 0x6C, 0x66, 0x31, 0xB3, 0x19, 0xCC, 0x60, 0x26,
    0x34, 0xA2, 0xC5, 0x6C, 0x68, 0x42, 0x1B, 0x9A, 0xCC, 0x60, 0x16, 0x33, 0x9A, 0xD1, 0x44, 0x68,
    0x34, 0x2B, 0x0A, 0x44, 0x02, 0x02, 0x11, 0x8C, 0x40, 0x04, 0x22, 0x10, 0xC1, 0x08, 0x44, 0x24,
    0x02, 0x11, 0x88, 0x40, 0x24, 0x67, 0x32, 0x83, 0x59, 0x45, 0x26, 0x12, 0x91, 0x80, 0x10, 0x04,
    0x20, 0x80, 0x01, 0x0C, 0x60, 0x53, 0x8B, 0x59, 0xCC, 0x66, 0x16, 0x33, 0x8B, 0x40, 0x04, 0x22,
    0x10, 0x81, 0x08, 0x44, 0x00, 0x02, 0x11, 0x88, 0x40, 0x04, 0x22, 0x10, 0x81, 0x08, 0x44, 0x04,
    0x12, 0x11, 0x80, 0x40, 0x04, 0x20, 0x10, 0x81, 0x48, 0x40, 0x00, 0x02, 0x11, 0x89, 0x40, 0x04,
    0x22, 0x00, 0x11, 0x08, 0x44, 0x26, 0x12, 0x58, 0xD1, 0x62, 0x66, 0x34, 0xA2, 0xE1, 0xAC, 0x61,
    0x0A, 0x03, 0x18, 0xC0, 0x00, 0x36, 0xB5, 0x98, 0xC5, 0x6C, 0x66, 0x31, 0xB3, 0x99, 0xCC, 0x60,
    0x52, 0x91, 0x89, 0x04, 0x44, 0x22, 0x10, 0x01, 0x08, 0x60, 0x40, 0x8B, 0xD9, 0xC0, 0x00, 0x24,
    0x20, 0x10, 0x81, 0x08, 0x44, 0x26, 0x02, 0x11, 0x80, 0x40, 0x04, 0x22, 0x10, 0xC1, 0x08, 0x44,
    0x20, 0xA3, 0x59, 0xCD, 0x64, 0x56, 0x34, 0x98, 0xC1, 0x6C, 0x68, 0x45, 0xA3, 0x99, 0xCD, 0x1A,
    0xA6, 0x30, 0x80, 0x01, 0x0C, 0x60, 0x53, 0x8B, 0x59, 0xCC, 0x66, 0x16, 0x33, 0x8B, 0xCC, 0x04,
    0x22, 0x10, 0x91, 0x08, 0x44, 0x30, 0x02, 0x10, 0x81, 0x40, 0x64, 0x22, 0x01, 0x01, 0x08, 0x44,
    0x44, 0xC3, 0x19, 0xCD, 0x86, 0x66, 0x33, 0x99, 0x11, 0x4D, 0x68, 0x40, 0x8B, 0xD9, 0x80, 0x00,
    0x36, 0xB0, 0x99, 0xE5, 0x48, 0x66, 0x30, 0x8B, 0x99, 0x89, 0x68, 0x56, 0xB4, 0xA0, 0x0D, 0xAD,
    0x61, 0x0A, 0x03, 0x18, 0xC0, 0x00, 0x12, 0x10, 0x88, 0x40, 0x24, 0x22, 0x10, 0x91, 0x08, 0x44,
    0x20, 0x02, 0x11, 0x81, 0xC0, 0x0C, 0x66, 0x32, 0x1B, 0x9A, 0xCC, 0x86, 0x56, 0xB3, 0x8C, 0xD1,
    0x0C, 0x22, 0x10, 0x89, 0x08, 0x44, 0x20, 0x02, 0x91, 0xD0, 0x64, 0x36, 0x34, 0x9A, 0x19, 0x8D,
    0x66, 0x42, 0x93, 0x19, 0xCC, 0x64, 0x36, 0x34, 0x99, 0x0D, 0xAD, 0x66, 0x33, 0x83, 0x59, 0xCC,
    0x1A, 0xA6, 0x30, 0x80, 0x01, 0x0C, 0x60, 0x53, 0x8B, 0x19, 0xCC, 0x66, 0x02, 0x11, 0x89, 0x40,
    0x04, 0x22, 0x10, 0x81, 0x08, 0x44, 0x20, 0x02, 0x11, 0x88, 0x40, 0x04, 0x22, 0x10, 0x81, 0x48,
    0x40, 0x00, 0x02, 0x33, 0x9B, 0xCD, 0xCC, 0x68, 0x40, 0x31, 0x9A, 0xCC, 0x6E, 0x16, 0x10, 0x80,
    0x40, 0x04, 0x20, 0xA0, 0xC5, 0x4C, 0x68, 0x44, 0x8B, 0xD9, 0xD0, 0x84, 0x36, 0x33, 0xA3, 0xE5,
    0xAC, 0x21, 0x00, 0x01, 0x18, 0xC0, 0x00, 0x36, 0xB5, 0x98, 0xC5, 0x6C, 0x66, 0x31, 0xB3, 0x99,
    0x44, 0x20, 0x02, 0x10, 0x80, 0x40, 0x04, 0x22, 0x13, 0xC1, 0xC8, 0x44, 0x40, 0x8B, 0xD9, 0xCD,
    0x64, 0x56, 0x22, 0x19, 0x81, 0x2C, 0x66, 0x23, 0xA3, 0x99, 0xD1, 0x40, 0x04, 0x20, 0x10, 0x01,
    0x08, 0x44, 0x20, 0xA2, 0xD9, 0xD0, 0x68, 0x56, 0xB3, 0x9A, 0xD1, 0xAC, 0x66, 0x33, 0x9B, 0x19,
    0xCC, 0x1A, 0xA6, 0x30, 0x80, 0x01, 0x0C, 0x60, 0x53, 0x8B, 0x59, 0xCC, 0x66, 0x16, 0x33, 0x9B,
    0xDD, 0x04, 0x66, 0x32, 0x83, 0x19, 0xCD, 0x66, 0x46, 0x33, 0xA3, 0xD1, 0xAC, 0x68, 0x35, 0xA3,
    0x19, 0x4D, 0x70, 0x06, 0x13, 0x80, 0x40, 0x04, 0x22, 0x10, 0x81, 0x08, 0x44, 0x00, 0x02, 0x19,
    0xCC, 0x84, 0x06, 0x30, 0x10, 0x91, 0x88, 0x44, 0x30, 0x02, 0x10, 0x81, 0x40, 0x64, 0x22, 0x12,
    0x81, 0xA8, 0x41, 0x0A, 0x03, 0x18, 0xC0, 0x00, 0x36, 0xB5, 0x98, 0xC5, 0x6C, 0x66, 0x31, 0xB3,
    0x19, 0xCE, 0x60, 0x36, 0xB4, 0xA2, 0xC5, 0xAC, 0x68, 0x44, 0x83, 0xD9, 0xD0, 0x6C, 0x26, 0x33,
    0xA2, 0x09, 0x8D, 0x68, 0x31, 0x1B, 0x9A, 0xD0, 0x86, 0x26, 0x33, 0x98, 0xC1, 0xAC, 0x68, 0x35,
    0xBB, 0x19, 0xCD, 0x70, 0x56, 0x13, 0x8C, 0x40, 0x04, 0x22, 0x10, 0x81, 0x08, 0x44, 0x04, 0x12,
    0x11, 0x8C, 0x10, 0x04, 0x20, 0x00, 0x01, 0x08, 0x40, 0x02, 0x02, 0x11, 0x88, 0x44, 0x04, 0x22,
    0x12, 0xC1, 0x08, 0x66, 0x32, 0x9B, 0x99, 0xCC, 0x60, 0x56, 0xB3, 0x99, 0xD1, 0x2C, 0x66, 0x35,
    0xCB, 0x99, 0xCC, 0x60, 0x36, 0x22, 0x01, 0x81, 0x08, 0x44, 0x02, 0x02, 0x10, 0x88, 0x48, 0x04,
    0x23, 0x00, 0x01, 0x88, 0x40, 0x30, 0x3B, 0xD9, 0xD0, 0x8A, 0x16, 0xB3, 0xA2, 0x19, 0x8D, 0x68,
    0x35, 0x23, 0x5A, 0xC3, 0x14, 0x06, 0x30, 0x80, 0x01, 0x6C, 0x6A, 0x31, 0x8B, 0xD9, 0xCC, 0x62,
    0x66, 0xB3, 0xA0, 0xC1, 0x6C, 0x68, 0x36, 0x93, 0x19, 0xD1, 0x84, 0x46, 0x34, 0x88, 0x04, 0x04,
    0x20, 0x01, 0x81, 0x08, 0x44, 0x20, 0x02, 0x11, 0x88, 0x4C, 0x04, 0x22, 0x18, 0x81, 0x08, 0x44,
    0x20, 0x02, 0x11, 0x88, 0x40, 0x04, 0x22, 0x00, 0x81, 0x08, 0x44, 0x20, 0x02, 0x10, 0x88, 0x40,
    0x04, 0x22, 0x9C, 0x35, 0x4C, 0x61, 0x00, 0x03, 0x18, 0xC0, 0xA6, 0x16, 0xB3, 0x98, 0xCD, 0x2C,
    0x66, 0x36, 0x13, 0x1A, 0xCC, 0x6A, 0x36, 0x33, 0x99, 0x89, 0x08, 0x44, 0x20, 0x02, 0x91, 0x88,
    0x40, 0x44, 0x20, 0x10, 0xC1, 0xAC, 0x66, 0x33, 0xAB, 0x59, 0xCD, 0x6A, 0x26, 0x33, 0x9A, 0xD5,
    0x0C, 0x22, 0x10, 0x19, 0x1A, 0x40, 0x20, 0x22, 0x11, 0x80, 0x4C, 0x04, 0x20, 0x02, 0x91, 0xD9,
    0xC5, 0x84, 0x06, 0x10, 0x82, 0x21, 0x04, 0x20, 0x00, 0x01, 0xC8, 0x40, 0x20, 0x02, 0x91, 0x88,
    0x40, 0x44, 0x22, 0x01, 0x81, 0x48, 0x40, 0x00, 0x02, 0x11, 0x81, 0x40, 0x04, 0x20, 0x01, 0x91,
    0x08, 0x44, 0x00, 0x02, 0x10, 0x80, 0x40, 0x24, 0x20, 0x00, 0x09, 0x08, 0x44, 0x20, 0x02, 0x11,
    0x80, 0x40, 0x24, 0x20, 0x10, 0x81, 0x08, 0x44, 0x34, 0x83, 0xD9, 0xCD, 0x6A, 0x36, 0x33, 0x99,
    0xC1, 0x4C, 0x68, 0x45, 0x6B, 0x98, 0xC2, 0x00, 0x06, 0x30, 0x80, 0x4D, 0x2D, 0x66, 0x31, 0x9B,
    0x59, 0xCC, 0x6C, 0x46, 0x34, 0x98, 0xD1, 0x6C, 0x66, 0x34, 0xC3, 0x19, 0xCD, 0x62, 0x46, 0xB3,
    0xA2, 0xD0, 0xEC, 0x66, 0x34, 0xAB, 0x99, 0xCC, 0x60, 0x56, 0x33, 0x9A, 0xD1, 0x0C, 0x67, 0x34,
    0xAB, 0x99, 0xCC, 0x60, 0x56, 0xB3, 0x99, 0xD5, 0xAC, 0x66, 0x34, 0x93, 0x19, 0xCD, 0x00, 0x02,
    0x11, 0x88, 0x04, 0x44, 0x22, 0x04, 0x01, 0x08, 0x40, 0x00, 0x02, 0x90, 0x80, 0x40, 0x04, 0x22,
    0x11, 0x81, 0x88, 0x44, 0x00, 0x02, 0x11, 0x88, 0x44, 0x04, 0x22, 0x10, 0x81, 0x08, 0x40, 0x20,
    0x02, 0x91, 0x80, 0x00, 0x04, 0x22, 0x12, 0x09, 0x2D, 0x60, 0x44, 0x33, 0x9A, 0xCC, 0x6E, 0x36,
    0xB4, 0xA2, 0xC5, 0xCC, 0x68, 0x35, 0xBB, 0xD9, 0xD0, 0x6C, 0x26, 0x32, 0x00, 0x01, 0x8C, 0x60,
    0x21, 0x1B, 0x98, 0xCD, 0x88, 0xD6, 0x30, 0x05, 0x01, 0x0C, 0x60, 0x00, 0x9B, 0x5A, 0xCC, 0x62,
    0x36, 0xB3, 0x98, 0xD9, 0xCC, 0x68, 0x30, 0x13, 0xDA, 0xD0, 0x64, 0x06, 0x33, 0x98, 0xDD, 0x8C,
    0x66, 0x39, 0x93, 0x19, 0xCC, 0x6A, 0x36, 0x33, 0x9A, 0xD5, 0x0C, 0x66, 0x35, 0x93, 0x59, 0x41,
    0x20, 0x02, 0x91, 0x80, 0x00, 0x04, 0x22, 0x12, 0x11, 0x48, 0x44, 0x00, 0x22, 0x10, 0x88, 0x4C,
    0x24, 0x20, 0x00, 0x01, 0x08, 0x44, 0x08, 0x02, 0x10, 0x80, 0x01, 0x0C, 0x60, 0x53, 0x8B, 0x59,
    0xCC, 0x66, 0x16, 0xB3, 0x9B, 0xC1, 0x04, 0x22, 0x10, 0x11, 0x08, 0x46, 0x20, 0x12, 0x10, 0x89,
    0x40, 0x04, 0x20, 0x00, 0x01, 0x0D, 0x44, 0x02, 0x02, 0x90, 0x80, 0x40, 0x04, 0x22, 0x10, 0x01,
    0x08, 0x44, 0x20, 0x02, 0x91, 0x80, 0x40, 0x04, 0x22, 0x90, 0x85, 0xAC, 0x66, 0x33, 0xA3, 0x59,
    0xCD, 0x64, 0x06, 0xB3, 0xA0, 0xC9, 0xAC, 0x61, 0x0A, 0x03, 0x18, 0xC0, 0x00, 0x36, 0xB5, 0x98,
    0xC5, 0x6C, 0x66, 0x31, 0xBB, 0x59, 0xCC, 0x60, 0x46, 0xB3, 0x9B, 0xD1, 0xCC, 0x68, 0x32, 0x83,
    0x19, 0xCD, 0x8C, 0x46, 0xB3, 0xA2, 0xC9, 0x2C, 0x68, 0x30, 0x83, 0xD9, 0x40, 0x00, 0x02, 0xB1,
    0x9B, 0x40, 0x24, 0x67, 0x40, 0x33, 0x0A, 0xCC, 0x6E, 0x12, 0x30, 0x80, 0xC0, 0xCC, 0x68, 0x40,
    0x83, 0xD9, 0x50, 0x64, 0x56, 0xB4, 0x81, 0x35, 0x4C, 0x20, 0x00, 0x01, 0x08, 0x40, 0x02, 0x02,
    0x11, 0x88, 0x44, 0x04, 0x22, 0x13, 0x81, 0x08, 0x44, 0x20, 0x02, 0x10, 0x80, 0x00, 0x04, 0x22,
    0x01, 0x01, 0x48, 0x40, 0x22, 0x82, 0x11, 0x88, 0x40, 0x24, 0xB3, 0x90, 0xD5, 0xEC, 0x66, 0x34,
    0xC3, 0x19, 0xCD, 0x62, 0x56, 0x33, 0x9A, 0xC9, 0x6C, 0x68, 0x32, 0x1B, 0x1A, 0xCD, 0x70, 0x06,
    0x22, 0x02, 0x81, 0xC8, 0x44, 0x04, 0x22, 0x10, 0x82, 0x00, 0x04, 0x20, 0x00, 0x01, 0x48, 0x40,
    0x20, 0x02, 0xD9, 0xCC, 0x62, 0x76, 0xB3, 0x99, 0xC1, 0x4C, 0x66, 0x43, 0x93, 0xD9, 0xD0, 0x6A,
    0x76, 0x33, 0x9A, 0xE1, 0x8C, 0x66, 0x46, 0x93, 0xD9, 0xD0, 0x64, 0x36, 0xB4, 0x9A, 0xDD, 0x8C,
    0x66, 0x38, 0xA3, 0x59, 0xCD, 0x68, 0x56, 0x34, 0x99, 0x0D, 0x4D, 0x66, 0x43, 0xAB, 0xD9, 0xCD,
    0x68, 0x86, 0x33, 0x9A, 0xD5, 0x2C, 0x67, 0x39, 0x6B, 0x98, 0xC2, 0x00, 0x06, 0x30, 0x80, 0x4D,
    0x2D, 0x66, 0x31, 0x9B, 0x59, 0xCC, 0x6E, 0x46, 0x33, 0x98, 0xD5, 0x4C, 0x66, 0x34, 0xAB, 0x99,
    0xCC, 0x86, 0x26, 0xB3, 0xA1, 0xD5, 0xEC, 0x66, 0x34, 0xC3, 0x59, 0xCD, 0x72, 0x06, 0x33, 0x98,
    0x0D, 0xAD, 0x68, 0x31, 0xBB, 0x99, 0xCC, 0x6E, 0x46, 0x34, 0xA3, 0xC9, 0xEC, 0x66, 0x43, 0x2B,
    0x5A, 0xCC, 0x88, 0x56, 0x34, 0x98, 0x00, 0x0D, 0x26, 0x04, 0x01, 0x08, 0x40, 0x00, 0x02, 0x90,
    0x80, 0x40, 0x04, 0x22, 0x11, 0x81, 0xD8, 0xCD, 0x6A, 0x06, 0x33, 0xA0, 0x11, 0x2D, 0x66, 0x43,
    0x13, 0xDA, 0xCC, 0x84, 0x46, 0x34, 0x98, 0xD1, 0xEC, 0x66, 0x38, 0xBB, 0x49, 0xD1, 0x62, 0x82,
    0x11, 0x88, 0x04, 0x04, 0x22, 0x10, 0x81, 0x08, 0x46, 0x20, 0x32, 0x11, 0x98, 0xE1, 0x8C, 0x66,
    0x31, 0xAB, 0x19, 0xCD, 0x64, 0x06, 0xB3, 0x9B, 0xC9, 0xAC, 0x61, 0x0A, 0x03, 0x18, 0xC0, 0x00,
    0x36, 0x15, 0x88, 0x40, 0x24, 0x22, 0x10, 0x99, 0x88, 0x44, 0x20, 0x02, 0x11, 0x88, 0x40, 0x44,
    0x20, 0x10, 0x89, 0x98, 0xCC, 0x60, 0x56, 0xB3, 0x9B, 0xD1, 0x2C, 0x66, 0x34, 0x2B, 0x5A, 0xCC,
    0x68, 0x06, 0x11, 0x88, 0x40, 0x04, 0x20, 0x10, 0x81, 0x08, 0x44, 0x20, 0x02, 0x11, 0x88, 0x40,
    0x44, 0x20, 0x10, 0x81, 0x48, 0xCD, 0x66, 0x76, 0x33, 0xA0, 0x35, 0x4C, 0x61, 0x00, 0x03, 0x18,
    0xC0, 0xA6, 0x16, 0xB3, 0x98, 0xCD, 0x2C, 0x66, 0x37, 0x99, 0x08, 0x44, 0x20, 0x02, 0x11, 0x88,
    0x60, 0x04, 0x22, 0x10, 0x09, 0x08, 0x40, 0x20, 0x32, 0x11, 0x88, 0x00, 0x04, 0x20, 0x02, 0x81,
    0xC8, 0xCC, 0x86, 0x56, 0xB4, 0x98, 0x15, 0x8D, 0x28, 0x30, 0x1B, 0x9A, 0xCD, 0x64, 0x02, 0x10,
    0x80, 0x00, 0x04, 0x22, 0x01, 0x01, 0x48, 0x40, 0x20, 0x02, 0x11, 0x82, 0x00, 0x04, 0x20, 0x00,
    0x01, 0x48, 0x40, 0x20, 0x02, 0x91, 0x99, 0xC5, 0xEC, 0x66, 0x38, 0x83, 0x99, 0xCC, 0x20, 0x06,
    0x33, 0xA3, 0x45, 0x6C, 0x22, 0x10, 0xC1, 0x08, 0x44, 0x20, 0x02, 0x11, 0x88, 0x40, 0x04, 0x22,
    0x10, 0x81, 0x08, 0x44, 0x04, 0x02, 0xB3, 0x99, 0xC9, 0x0C, 0x66, 0x35, 0xA3, 0x19, 0xCD, 0x70,
    0x46, 0xB3, 0x9C, 0xD1, 0xAC, 0x68, 0x34, 0x03, 0xD8, 0xCD, 0x82, 0x42, 0x10, 0x80, 0x00, 0x04,
    0x20, 0x00, 0x09, 0x08, 0x44, 0x20, 0x12, 0x11, 0x88, 0x4C, 0x04, 0x23, 0x10, 0x81, 0x08, 0x44,
    0x02, 0x02, 0x10, 0x88, 0x4C, 0x0C, 0x67, 0x32, 0x23, 0x9A, 0xD1, 0x64, 0x76, 0xB3, 0xA1, 0x00,
    0x04, 0x22, 0x00, 0x11, 0x08, 0x40, 0x02, 0x22, 0x11, 0x88, 0x00, 0x04, 0x20, 0x00, 0x81, 0x48,
    0x40, 0x00, 0x12, 0x10, 0x88, 0x40, 0x04, 0x62, 0x37, 0x9B, 0x19, 0xCC, 0x1A, 0x02, 0x10, 0x80,
    0x00, 0x04, 0x20, 0x01, 0x81, 0x08, 0x44, 0x32, 0x8B, 0xD9, 0xCD, 0x82, 0x06, 0xB3, 0x9A, 0xDD,
    0x8C, 0x66, 0x38, 0xAB, 0x59, 0xCE, 0x64, 0x06, 0x32, 0x9A, 0xD1, 0x0C, 0x46, 0x46, 0x03, 0x11,
    0x88, 0x40, 0x24, 0x22, 0x10, 0x81, 0x08, 0x44, 0x30, 0x02, 0x11, 0x88, 0x40, 0x04, 0x22, 0x98,
    0x11, 0x8D, 0x66, 0x31, 0xAB, 0x19, 0x88, 0x6A, 0x46, 0x23, 0x82, 0x19, 0xAD, 0x61, 0x0A, 0x03,
    0x18, 0xC0, 0x00, 0x36, 0xB5, 0x98, 0xC5, 0x6C, 0x66, 0x31, 0xBB, 0x99, 0xD0, 0x60, 0x46, 0xB3,
    0x9A, 0xD5, 0x4C, 0x66, 0x32, 0x83, 0x59, 0xCD, 0x68, 0x46, 0x33, 0xA3, 0xC9, 0x6C, 0x66, 0x10,
    0x81, 0xD9, 0xD0, 0x8A, 0x16, 0xB3, 0x9B, 0x05, 0x0D, 0x66, 0x44, 0x33, 0x9A, 0xCC, 0x6E, 0x36,
    0xB4, 0xA2, 0xC5, 0xCC, 0x68, 0x32, 0x0B, 0xDA, 0xD0, 0x6C, 0x46, 0x33, 0x98, 0x35, 0x4C, 0x61,
    0x00, 0x03, 0x18, 0xC0, 0xA6, 0x16, 0xB3, 0x98, 0xCD, 0x2C, 0x66, 0x37, 0x1B, 0x1A, 0xCC, 0x64,
    0x46, 0x34, 0xA1, 0x11, 0x2D, 0x66, 0x43, 0x13, 0xDA, 0xD0, 0x64, 0x06, 0xB3, 0x98, 0xC1, 0x8C,
    0x66, 0x39, 0x93, 0x19, 0xCC, 0x68, 0x46, 0x33, 0x9A, 0x19, 0x8D, 0x66, 0x45, 0x93, 0xD9, 0xCD,
    0x6A, 0x46, 0x33, 0x99, 0xC1, 0x8C, 0x66, 0x42, 0xA3, 0x59, 0xD1, 0x82, 0x56, 0xB3, 0x86, 0x29,
    0x0C, 0x60, 0x00, 0x03, 0xD8, 0xD4, 0x62, 0x06, 0x91, 0x88, 0x40, 0x64, 0x22, 0x00, 0x81, 0x08,
    0xCD, 0x8C, 0x56, 0xB3, 0x9B, 0xC9, 0x0C, 0x66, 0x33, 0x1B, 0x9A, 0xCC, 0x8A, 0x06, 0x33, 0x98,
    0x0D, 0xAD, 0x68, 0x31, 0xBB, 0xD9, 0xD0, 0x6C, 0x46, 0x34, 0xA3, 0xC9, 0xEC, 0x66, 0x43, 0x2B,
    0x5A, 0xCC, 0x8C, 0x56, 0xB3, 0x9B, 0x0D, 0xCD, 0x66, 0x32, 0x23, 0x5A, 0xD1, 0x88, 0xD6, 0x30,
    0x85, 0x01, 0x0C, 0x60, 0x00, 0x9B, 0x5A, 0xCC, 0x62, 0x36, 0xB3, 0x98, 0xDD, 0xAC, 0x68, 0x30,
    0x13, 0x1A, 0xD1, 0x62, 0x36, 0x34, 0xA1, 0x0D, 0x4D, 0x66, 0x30, 0x8B, 0x19, 0xCC, 0x68, 0x86,
    0x33, 0x9A, 0x19, 0xAD, 0x66, 0x37, 0x93, 0x19, 0xCC, 0x68, 0x44, 0x33, 0x9A, 0x11, 0x48, 0x66,
    0x20, 0xA3, 0x59, 0xCE, 0x64, 0x06, 0x33, 0x9A, 0x09, 0x8D, 0x66, 0x45, 0xB3, 0x19, 0xD1, 0x1A,
    0xA6, 0x30, 0x80, 0x01, 0x0C, 0x60, 0x53, 0x8B, 0x59, 0x8C, 0x44, 0x04, 0x22, 0x13, 0x11, 0x08,
    0x64, 0x34, 0x33, 0x5A, 0xCD, 0x6E, 0x26, 0x33, 0x98, 0xCD, 0x6C, 0x68, 0x30, 0x83, 0xD9, 0xD0,
    0x8A, 0x16, 0xB3, 0x9B, 0x15, 0xAD, 0x66, 0x44, 0x33, 0x9A, 0xCC, 0x6E, 0x36, 0xB4, 0xA2, 0xC5,
    0xCC, 0x68, 0x38, 0xA3, 0xD9, 0xD0, 0x6C, 0x26, 0x33, 0xA2, 0x09, 0x8D, 0x68, 0x46, 0x93, 0x59,
    0xC3, 0x14, 0x06, 0x30, 0x80, 0x01, 0x6C, 0x6A, 0x31, 0x8B, 0xD9, 0xCC, 0x62, 0x86, 0x33, 0x98,
    0xC1, 0x2C, 0x66, 0x43, 0x13, 0xDA, 0xD0, 0x64, 0x06, 0xA3, 0x98, 0x05, 0x8D, 0x66, 0x38, 0x02,
    0x91, 0x89, 0x40, 0x24, 0x20, 0x90, 0x0D, 0x4D, 0x66, 0x30, 0xA3, 0x59, 0xCC, 0x6A, 0x36, 0x33,
    0x9A, 0x09, 0x4D, 0x66, 0x30, 0xAB, 0x19, 0x89, 0x68, 0x04, 0x23, 0x10, 0x81, 0x08, 0x40, 0x00,
    0x42, 0x10, 0x80, 0x00, 0x04, 0x30, 0x80, 0x4D, 0x2D, 0x66, 0x31, 0x9B, 0x59, 0xCC, 0x70, 0x16,
    0x33, 0x98, 0xC9, 0x0C, 0x66, 0x35, 0x8B, 0x59, 0xCD, 0x6A, 0x46, 0xB3, 0x10, 0x81, 0x48, 0x44,
    0x20, 0x02, 0x11, 0x88, 0x60, 0x04, 0x22, 0x02, 0x81, 0x08, 0x40, 0x20, 0x12, 0x11, 0x88, 0x04,
    0x44, 0xB3, 0xA2, 0xC9, 0xAC, 0x68, 0x30, 0x83, 0xD9, 0xD0, 0x8A, 0x16, 0x33, 0x1C, 0x89, 0x08,
    0x40, 0x08, 0x02, 0x10, 0x80, 0x00, 0x04, 0x20, 0x01, 0x81, 0x08, 0x44, 0x22, 0x02, 0x11, 0x8C,
    0x40, 0x04, 0x22, 0x10, 0x81, 0x08, 0x40, 0x44, 0x93, 0xD9, 0xCD, 0x86, 0x56, 0xB4, 0x98, 0x19,
    0x4D, 0x68, 0x30, 0x1B, 0x10, 0x89, 0x40, 0x04, 0x20, 0x00, 0x01, 0x08, 0xCC, 0x06, 0x06, 0x94,
    0x80, 0xCD, 0x2C, 0x67, 0x32, 0x83, 0x19, 0xCC, 0x6E, 0x46, 0xB3, 0x9C, 0x49, 0x04, 0x22, 0x00,
    0x01, 0x08, 0x41, 0x00, 0x02, 0x10, 0x80, 0x00, 0x24, 0x20, 0x10, 0x81, 0xD9, 0xCC, 0x62, 0x86,
    0xB3, 0x99, 0xC1, 0x8C, 0x66, 0x33, 0xA3, 0x59, 0xCC, 0x68, 0x56, 0xB4, 0x9A, 0xD1, 0x0C, 0x62,
    0x30, 0x1B, 0x5A, 0xD1, 0x62, 0x86, 0x33, 0x99, 0x15, 0x84, 0x68, 0x46, 0x93, 0xD9, 0xCD, 0x86,
    0x56, 0xB4, 0x98, 0x11, 0xAD, 0x68, 0x31, 0x13, 0x1A, 0xD1, 0x62, 0x36, 0x34, 0xA1, 0xCD, 0x0C,
    0x66, 0x43, 0x6B, 0x98, 0xC2, 0x00, 0x06, 0x30, 0x80, 0x4D, 0x2D, 0x66, 0x31, 0x9B, 0x59, 0x4C,
    0x70, 0x46, 0x33, 0x98, 0x09, 0x8D, 0x28, 0x30, 0xA3, 0xD9, 0xCD, 0x70, 0x76, 0xB3, 0xA2, 0xC5,
    0x0C, 0x67, 0x41, 0x23, 0x9A, 0xCC, 0x60, 0x16, 0xB3, 0x9A, 0xD1, 0x0C, 0x67, 0x34, 0x33, 0x5A,
    0xCD, 0x6E, 0x26, 0x13, 0x88, 0xD1, 0x8C, 0x66, 0x34, 0x33, 0x9A, 0xCC, 0x66, 0x26, 0x33, 0x98,
    0x19, 0xCD, 0x68, 0x0D, 0x53, 0x18, 0xC0, 0x00, 0x06, 0xB0, 0xA9, 0xC5, 0x2C, 0x66, 0x33, 0x8B,
    0x19, 0xCE, 0x6A, 0x06, 0x33, 0x9A, 0x09, 0x8D, 0x66, 0x45, 0xA3, 0x99, 0xD1, 0x42, 0x64, 0x22,
    0x10, 0x89, 0x08, 0x44, 0x20, 0x02, 0x91, 0x88, 0x40, 0x04, 0x22, 0x10, 0x01, 0x08, 0x44, 0x26,
    0x02, 0x11, 0x88, 0x44, 0x04, 0x20, 0x10, 0x81, 0x48, 0x40, 0x00, 0x02, 0x11, 0x8C, 0x40, 0x04,
    0x23, 0x10, 0xC1, 0x08, 0x41, 0x00, 0x02, 0x10, 0x80, 0x00, 0x24, 0x20, 0x30, 0x8B, 0xD9, 0xCC,
    0x60, 0x86, 0x33, 0x9B, 0xC1, 0x8C, 0x28, 0x46, 0x93, 0xC9, 0x44, 0x02, 0x02, 0x10, 0x88, 0x00,
    0x04, 0x20, 0x10, 0x09, 0x88, 0x44, 0x20, 0x02, 0x10, 0x80, 0x00, 0x04, 0x22, 0x01, 0x01, 0xC8,
    0x50, 0x60, 0x06, 0xB1, 0x98, 0xCD, 0x8C, 0x66, 0x39, 0x93, 0x19, 0xCC, 0x6A, 0x76, 0x33, 0x9A,
    0xC5, 0x4C, 0x68, 0x36, 0x61, 0x98, 0x40, 0x00, 0x06, 0x30, 0x80, 0x4D, 0x2D, 0x66, 0x31, 0x9B,
    0x59, 0xCC, 0x70, 0x76, 0x33, 0x98, 0xD1, 0xAC, 0x68, 0x35, 0xA3, 0x99, 0xCC, 0x66, 0x26, 0x33,
    0x98, 0xD5, 0x8C, 0x66, 0x34, 0x33, 0x9A, 0xCC, 0x60, 0x56, 0x33, 0x9A, 0xD5, 0x4C, 0x66, 0x35,
    0xCB, 0x19, 0xCC, 0x20, 0x56, 0x33, 0x9A, 0xD1, 0xCC, 0x68, 0x33, 0x2B, 0x1A, 0xCC, 0x60, 0x36,
    0xB4, 0xA2, 0x01, 0x0D, 0x68, 0x0D, 0x52, 0x18, 0xC0, 0x00, 0x06, 0xB0, 0xA9, 0xC5, 0x2C, 0x66,
    0x33, 0x8B, 0x19, 0xCE, 0x70, 0x06, 0xB3, 0x98, 0xE1, 0xCC, 0x66, 0x43, 0x23, 0x98, 0xD1, 0x64,
    0x76, 0xB2, 0x01, 0x01, 0x08, 0x44, 0x00, 0x22, 0x10, 0x80, 0x04, 0x64, 0x33, 0x99, 0x11, 0x09,
    0x68, 0x44, 0x8B, 0xD9, 0xD0, 0x84, 0x36, 0x34, 0x99, 0xC1, 0x2C, 0x66, 0x31, 0xA3, 0x19, 0xD1,
    0x68, 0x16, 0xB3, 0x9C, 0x05, 0xAD, 0x61, 0x0A, 0x03, 0x18, 0xC0, 0x00, 0x36, 0xB5, 0x10, 0x81,
    0x48, 0x44, 0x20, 0x82, 0x11, 0x8C, 0x40, 0x04, 0x22, 0x18, 0x81, 0x08, 0x44, 0x20, 0x02, 0x11,
    0x88, 0x40, 0x04, 0x22, 0x00, 0x81, 0x88, 0x40, 0x20, 0x32, 0x11, 0x88, 0x44, 0x04, 0x22, 0x10,
    0xA3, 0xD9, 0xCC, 0x68, 0x16, 0x33, 0x9A, 0x15, 0x6D, 0x66, 0x45, 0x83, 0x08, 0x40, 0x20, 0x02,
    0x91, 0x80, 0x00, 0x04, 0x22, 0x10, 0x21, 0x08, 0x40, 0x00, 0x02, 0x10, 0x80, 0x04, 0x04, 0x22,
    0x10, 0x89, 0x08, 0xCC, 0x70, 0x16, 0x34, 0x98, 0xC4, 0x0C, 0x67, 0x38, 0x2B, 0x1A, 0xD1, 0x8C,
    0x26, 0xB3, 0x9B, 0x0D, 0xAD, 0x68, 0x31, 0x33, 0x9A, 0xCC, 0x02, 0x36, 0x34, 0x9B, 0xC9, 0x8C,
    0x68, 0x42, 0x23, 0x5A, 0xCC, 0x86, 0x26, 0xB4, 0xA1, 0xCD, 0x2C, 0x67, 0x32, 0x83, 0x19, 0xCC,
    0x68, 0x56, 0xB3, 0x9C, 0xCD, 0x6C, 0x66, 0x0D, 0x53, 0x18, 0xC0, 0x00, 0x06, 0xB0, 0xA9, 0xC5,
    0x2C, 0x66, 0x33, 0x8B, 0x19, 0xCE, 0x84, 0x06, 0x33, 0x9A, 0x19, 0xAD, 0x66, 0x35, 0x83, 0x11,
    0xCC, 0x86, 0x56, 0xB4, 0x98, 0xE1, 0x0C, 0x40, 0x04, 0x02, 0x90, 0xD1, 0x64, 0x76, 0xB3, 0xA1,
    0x15, 0x2D, 0x66, 0x44, 0x2B, 0x5A, 0xCC, 0x84, 0x46, 0xB4, 0x98, 0x0D, 0x4D, 0x68, 0x33, 0x13,
    0x1A, 0xD1, 0x40, 0x44, 0x33, 0x01, 0x09, 0x08, 0x41, 0x00, 0x02, 0x10, 0x80, 0x00, 0x24, 0x20,
    0x10, 0x81, 0x48, 0x44, 0x20, 0x82, 0x91, 0x80, 0x40, 0x64, 0x22, 0x18, 0x99, 0x08, 0x40, 0x20,
    0x82, 0x91, 0x88, 0x4C, 0x04, 0x22, 0x10, 0x81, 0x08, 0xCC, 0x6A, 0x46, 0x31, 0x98, 0xD5, 0x8C,
    0x66, 0x43, 0xA3, 0x59, 0xD0, 0x24, 0x06, 0x13, 0x88, 0x00, 0x04, 0x22, 0x10, 0x81, 0x08, 0x44,
    0x20, 0x02, 0x11, 0x88, 0x40, 0x04, 0x22, 0x14, 0x2B, 0x08, 0xC2, 0x00, 0x06, 0x30, 0x80, 0x4D,
    0x2D, 0x66, 0x31, 0x9B, 0x59, 0x8C, 0x70, 0x06, 0x24, 0x10, 0xD1, 0xCC, 0x68, 0x21, 0xA3, 0x59,
    0xCD, 0x68, 0x26, 0xB3, 0x99, 0xC9, 0x0C, 0x66, 0x34, 0x2B, 0x1A, 0xCD, 0x8C, 0x56, 0xB3, 0x9B,
    0xC9, 0xAC, 0x68, 0x30, 0x83, 0xD9, 0x80, 0x00, 0x04, 0x22, 0x18, 0x09, 0x88, 0x44, 0x00, 0x22,
    0x10, 0x88, 0x4C, 0x24, 0x20, 0x00, 0x81, 0xC8, 0x44, 0x0D, 0x53, 0x18, 0xC0, 0x00, 0x06, 0xB0,
    0x29, 0x81, 0x08, 0x44, 0x22, 0x02, 0x11, 0x8C, 0x00, 0x04, 0x22, 0x10, 0x01, 0x08, 0x40, 0x20,
    0x12, 0x10, 0x89, 0x40, 0x04, 0x20, 0x00, 0x01, 0x08, 0x44, 0x02, 0x02, 0x90, 0x80, 0x40, 0x04,
    0x22, 0x10, 0xC1, 0x08, 0x44, 0x22, 0x02, 0x11, 0x88, 0x40, 0x04, 0x22, 0x34, 0xAB, 0x99, 0xCC,
    0x86, 0x26, 0x33, 0x98, 0xD1, 0x2C, 0x67, 0x37, 0x8B, 0x59, 0xC3, 0x14, 0x06, 0x30, 0x80, 0x01,
    0x6C, 0x6A, 0x31, 0x8B, 0xD9, 0xCC, 0x62, 0x86, 0x33, 0xA1, 0xC1, 0x6C, 0x66, 0x45, 0x83, 0x59,
    0xD1, 0x64, 0x06, 0xB3, 0x9A, 0xDD, 0x8C, 0x66, 0x38, 0xA3, 0x59, 0xCC, 0x6A, 0x46, 0x33, 0x99,
    0xC1, 0x8C, 0x66, 0x31, 0xA3, 0x99, 0xCC, 0x68, 0x66, 0xB4, 0x9A, 0xD5, 0xAC, 0x66, 0x34, 0x93,
    0x19, 0xCC, 0x6A, 0x96, 0x33, 0x9A, 0x19, 0x4D, 0x40, 0x30, 0x43, 0x10, 0x80, 0x00, 0x04, 0x20,
    0x00, 0x09, 0x08, 0x44, 0x20, 0x12, 0x11, 0x88, 0x60, 0x04, 0x32, 0x98, 0xD5, 0xAC, 0x66, 0x30,
    0x83, 0xD9, 0xD0, 0x8A, 0x16, 0x33, 0x9C, 0x15, 0x2D, 0x67, 0x44, 0x33, 0x9A, 0xCC, 0x6E, 0x36,
    0xB4, 0x22, 0xC5, 0xAC, 0x68, 0x04, 0x02, 0x90, 0x80, 0x48, 0x04, 0x22, 0x00, 0x01, 0x08, 0x40,
    0x20, 0x12, 0x10, 0xC0, 0x06, 0x06, 0x22, 0x18, 0x85, 0x08, 0x67, 0x0D, 0x03, 0x18, 0x80, 0x00,
    0x04, 0x20, 0x01, 0x81, 0x08, 0x44, 0x66, 0x16, 0xB3, 0x9C, 0xC5, 0x0C, 0x66, 0x31, 0xC3, 0x19,
    0xCD, 0x72, 0x26, 0xB3, 0x9B, 0xD1, 0x04, 0x20, 0x10, 0x81, 0x08, 0x44, 0x30, 0x02, 0x11, 0x88,
    0x40, 0x04, 0x22, 0x10, 0x81, 0x08, 0x44, 0x60, 0x56, 0x33, 0x9A, 0xD1, 0xCC, 0x68, 0x32, 0x83,
    0x19, 0xCD, 0x68, 0x46, 0xB3, 0x9C, 0xD5, 0x6C, 0x66, 0x45, 0xBB, 0x59, 0xC3, 0x14, 0x06, 0x30,
    0x80, 0x01, 0x6C, 0x6A, 0x31, 0x8B, 0xD9, 0xCC, 0x62, 0x96, 0x33, 0x99, 0xC1, 0x8C, 0x66, 0x33,
    0xAB, 0x59, 0xCD, 0x6A, 0x36, 0xB3, 0x9A, 0xCD, 0x4C, 0x66, 0x33, 0x93, 0xD9, 0xD0, 0x6A, 0x56,
    0x34, 0x99, 0x15, 0x0D, 0x66, 0x30, 0x1B, 0x5A, 0xD1, 0x62, 0x96, 0xB3, 0x98, 0xC5, 0x8C, 0x68,
    0x46, 0x93, 0xD9, 0xCD, 0x04, 0x04, 0x20, 0x10, 0x11, 0x08, 0x40, 0x04, 0x42, 0x10, 0x80, 0x00,
    0x04, 0x20, 0x00, 0x09, 0x08, 0x44, 0x20, 0x12, 0x11, 0x88, 0x60, 0x24, 0x32, 0x98, 0xC9, 0x2C,
    0x68, 0x43, 0xB3, 0x19, 0xCC, 0x88, 0x26, 0x34, 0xA2, 0x85, 0x48, 0x40, 0x00, 0x12, 0x90, 0x88,
    0x60, 0x04, 0x22, 0x10, 0x81, 0x08, 0x40, 0x20, 0x02, 0x10, 0x88, 0x44, 0x04, 0x22, 0x10, 0x81,
    0x08, 0x40, 0x20, 0x12, 0x11, 0x88, 0x40, 0x04, 0x26, 0x37, 0x03, 0x18, 0xCD, 0x1A, 0xA6, 0x30,
    0x80, 0x01, 0x0C, 0x60, 0x53, 0x8B, 0x59, 0xCC, 0x66, 0x16, 0xB2, 0x9C, 0xD1, 0x08, 0x66, 0x34,
    0xCB, 0x59, 0xCD, 0x6C, 0x46, 0xB3, 0x9A, 0xC9, 0x0C, 0x66, 0x34, 0x23, 0x1A, 0xCD, 0x6A, 0x26,
    0x33, 0x98, 0xD1, 0x2C, 0x66, 0x34, 0x03, 0x10, 0x88, 0x60, 0x04, 0x22, 0x10, 0x81, 0x08, 0x40,
    0x20, 0x22, 0x10, 0x88, 0x40, 0x04, 0x22, 0x10, 0x81, 0x08, 0x44, 0x30, 0x02, 0x11, 0x82, 0x00,
    0x04, 0x20, 0x00, 0x01, 0x48, 0x40, 0x20, 0x02, 0x91, 0x88, 0x40, 0x2C, 0x67, 0x35, 0x83, 0x59,
    0xCD, 0x68, 0x46, 0x33, 0xA3, 0xC9, 0x0C, 0x66, 0x34, 0xBB, 0x19, 0xCD, 0x8C, 0x26, 0x33, 0x98,
    0xD1, 0xCC, 0x68, 0x34, 0x2B, 0x9A, 0xCC, 0x60, 0x56, 0x33, 0x9A, 0xD1, 0x0C, 0x67, 0x34, 0x8B,
    0x19, 0xCD, 0x8A, 0x04, 0x32, 0x90, 0xD5, 0x0C, 0x44, 0x20, 0x82, 0x11, 0x89, 0x48, 0x84, 0x20,
    0x00, 0x01, 0x0C, 0x60, 0x00, 0x9B, 0x5A, 0xCC, 0x62, 0x36, 0xB3, 0x98, 0xE5, 0xCC, 0x66, 0x30,
    0xA3, 0x59, 0xCC, 0x6A, 0x46, 0x33, 0x10, 0x81, 0x48, 0x40, 0x00, 0x02, 0x11, 0x8C, 0x44, 0x24,
    0x67, 0x40, 0x33, 0x9A, 0xCC, 0x6E, 0x36, 0xB4, 0xA2, 0xC1, 0xAC, 0x68, 0x44, 0x83, 0xD9, 0x40,
    0x6C, 0x26, 0x33, 0x80, 0x01, 0x84, 0x68, 0x31, 0x1B, 0x9A, 0xD0, 0x86, 0x76, 0x33, 0x9A, 0x35,
    0x4C, 0x61, 0x00, 0x03, 0x18, 0xC0, 0xA6, 0x16, 0xB3, 0x98, 0xCD, 0x2C, 0x66, 0x39, 0xBB, 0x19,
    0xCC, 0x64, 0x06, 0xB3, 0x98, 0x09, 0xAD, 0x66, 0x37, 0xA3, 0x19, 0xCE, 0x68, 0x16, 0xB2, 0x92,
    0x91, 0x08, 0x44, 0x20, 0x02, 0x11, 0x88, 0x40, 0x44, 0x68, 0x34, 0xAB, 0x08, 0xCC, 0x66, 0x26,
    0x33, 0x98, 0xD5, 0x8C, 0x66, 0x34, 0xC3, 0x09, 0xCD, 0x20, 0x16, 0x33, 0x9A, 0x40, 0x04, 0x23,
    0x04, 0x01, 0x08, 0xC0, 0x00, 0x06, 0xB0, 0xA9, 0xC5, 0x2C, 0x66, 0x33, 0x8B, 0x59, 0xCE, 0x70,
    0x06, 0x33, 0x99, 0xC1, 0xAC, 0x66, 0x33, 0xAB, 0x59, 0xCD, 0x68, 0x76, 0x33, 0x9A, 0xDD, 0x8C,
    0x66, 0x35, 0xAB, 0xD9, 0xCC, 0x6A, 0x46, 0x33, 0x99, 0xC1, 0xAC, 0x66, 0x34, 0x83, 0x99, 0xD1,
    0x44, 0x24, 0x22, 0x10, 0x81, 0x48, 0x40, 0x00, 0x02, 0x11, 0x8C, 0x4C, 0x04, 0x22, 0x00, 0x81,
    0x08, 0x41, 0x00, 0x02, 0x10, 0x80, 0x00, 0x24, 0x20, 0x10, 0x81, 0x48, 0x44, 0x20, 0x82, 0xB1,
    0x9C, 0xC1, 0x8C, 0x68, 0x46, 0x93, 0xD9, 0xCD, 0x86, 0x56, 0xB4, 0x98, 0x15, 0xCD, 0x68, 0x44,
    0x1B, 0x9A, 0xCD, 0x64, 0x46, 0x34, 0xA1, 0x11, 0x2D, 0x66, 0x43, 0x13, 0xDA, 0xD0, 0x64, 0x06,
    0xB3, 0x98, 0xE5, 0x8C, 0x66, 0x39, 0x93, 0x19, 0xCC, 0x68, 0x46, 0x33, 0x9A, 0x19, 0x2D, 0x67,
    0x37, 0x6B, 0x98, 0x82, 0x00, 0x06, 0x30, 0x80, 0x4D, 0x2D, 0x66, 0x31, 0x9B, 0x59, 0xCC, 0x72,
    0x16, 0x34, 0x98, 0xD1, 0xAC, 0x68, 0x22, 0xBB, 0x59, 0x8D, 0x40, 0x04, 0x22, 0x10, 0x81, 0x08,
    0xD0, 0x68, 0x56, 0x34, 0x9A, 0x19, 0xAD, 0x66, 0x37, 0x93, 0x19, 0xCC, 0x6A, 0x76, 0x33, 0x9A,
    0xE1, 0x8C, 0x66, 0x31, 0xAB, 0x19, 0xCD, 0x64, 0x36, 0x33, 0x99, 0xC0, 0x8C, 0x66, 0x44, 0x93,
    0xD9, 0xCD, 0x1A, 0xA6, 0x30, 0x80, 0x01, 0x0C, 0x60, 0x53, 0x8B, 0x59, 0xCC, 0x66, 0x16, 0xB3,
    0x9C, 0x09, 0x0D, 0x66, 0x34, 0xAB, 0x19, 0xCD, 0x62, 0x46, 0xB3, 0xA2, 0xC9, 0xAC, 0x68, 0x30,
    0x83, 0xD9, 0xC0, 0x8A, 0x06, 0x23, 0x18, 0xC1, 0x48, 0x40, 0x00, 0x22, 0x10, 0x99, 0xDD, 0x2C,
    0x68, 0x45, 0x8B, 0x99, 0xD1, 0x64, 0x16, 0xB4, 0xA1, 0xD9, 0x4C, 0x66, 0x44, 0x13, 0x1A, 0xD1,
    0x88, 0x16, 0xB3, 0x86, 0x29, 0x0C, 0x60, 0x00, 0x03, 0xD8, 0xD4, 0x62, 0x16, 0xB3, 0x99, 0xC5,
    0x2C, 0x67, 0x43, 0x03, 0x19, 0x88, 0x04, 0x04, 0x20, 0x01, 0x81, 0x08, 0x44, 0x20, 0x82, 0x11,
    0x88, 0x40, 0x04, 0x22, 0x10, 0x81, 0x08, 0x44, 0x20, 0x12, 0x11, 0x88, 0x40, 0x04, 0x22, 0x10,
    0x81, 0x08, 0x44, 0x20, 0x82, 0x11, 0x88, 0x60, 0x04, 0x22, 0x00, 0x81, 0xC8, 0xCD, 0x64, 0x06,
    0xB3, 0xA2, 0x01, 0xAD, 0x61, 0x0A, 0x03, 0x18, 0xC0, 0x00, 0x36, 0xB5, 0x98, 0xC5, 0x6C, 0x66,
    0x31, 0xCB, 0x19, 0xD1, 0x60, 0x56, 0x33, 0x9A, 0xD1, 0xCC, 0x68, 0x32, 0x83, 0x59, 0xCD, 0x40,
    0x04, 0x22, 0x10, 0x81, 0x08, 0x46, 0x20, 0x12, 0x11, 0x88, 0x00, 0x04, 0x22, 0x10, 0x81, 0x08,
    0x40, 0x34, 0x8A, 0x19, 0xCC, 0x60, 0x36, 0x34, 0x02, 0xC5, 0x2C, 0x67, 0x03, 0x02, 0x11, 0x80,
    0x08, 0x04, 0x23, 0x13, 0x21, 0x08, 0x40, 0x00, 0x02, 0x10, 0x80, 0x04, 0x04, 0x22, 0x10, 0x89,
    0x08, 0x44, 0x30, 0x02, 0x10, 0x88, 0x40, 0x64, 0x22, 0x01, 0x01, 0x08, 0xCC, 0x8C, 0x56, 0xB3,
    0x9B, 0x0D, 0xCD, 0x66, 0x32, 0x23, 0x9A, 0xD0, 0x88, 0x16, 0xB3, 0xA1, 0x09, 0x6D, 0x68, 0x32,
    0x83, 0x59, 0xCC, 0x6C, 0x56, 0x33, 0x9A, 0xD1, 0xAC, 0x66, 0x34, 0x1B, 0x1A, 0xCD, 0x86, 0x26,
    0x33, 0x98, 0xDD, 0x2C, 0x67, 0x0D, 0x53, 0x18, 0xC0, 0x00, 0x06, 0xB0, 0xA9, 0xC5, 0x08, 0x44,
    0x22, 0x02, 0x11, 0x8C, 0x08, 0x04, 0x22, 0x10, 0x01, 0x08, 0x44, 0x20, 0x02, 0x11, 0x88, 0x40,
    0x04, 0x22, 0x10, 0x09, 0x08, 0x44, 0x02, 0x02, 0x11, 0x88, 0x40, 0x04, 0x22, 0x10, 0x93, 0x19,
    0xCD, 0x8C, 0x56, 0xB3, 0x9A, 0xD5, 0x8C, 0x66, 0x32, 0x83, 0x19, 0xCD, 0x72, 0x56, 0x33, 0x9A,
    0xC9, 0xAC, 0x68, 0x44, 0x93, 0x59, 0xC3, 0x14, 0x06, 0x30, 0x80, 0x01, 0x6C, 0x6A, 0x31, 0x8B,
    0xD9, 0xCC, 0x62, 0x06, 0x20, 0x10, 0x81, 0x08, 0x44, 0x20, 0x12, 0x10, 0x80, 0x40, 0x2C, 0x67,
    0x01, 0x03, 0x1A, 0xD0, 0x8C, 0x06, 0x93, 0x9B, 0x0D, 0x0C, 0x20, 0x10, 0x11, 0x08, 0x46, 0x20,
    0x12, 0x10, 0x89, 0x40, 0x04, 0x20, 0x00, 0x01, 0x08, 0x44, 0x82, 0x06, 0xB0, 0xA0, 0xC9, 0x0C,
    0x66, 0x31, 0x13, 0xDA, 0xD0, 0x6C, 0xD6, 0x30, 0x85, 0x01, 0x0C, 0x60, 0x00, 0x9B, 0x5A, 0xCC,
    0x62, 0x36, 0xB3, 0x98, 0x05, 0x2D, 0x66, 0x30, 0xAB, 0xD9, 0xCD, 0x68, 0x06, 0x33, 0x9A, 0x85,
    0x08, 0x44, 0x20, 0x02, 0x91, 0x89, 0x40, 0x24, 0x22, 0x10, 0x81, 0x08, 0x44, 0x20, 0x02, 0x11,
    0x88, 0x40, 0x04, 0x22, 0x10, 0x09, 0x08, 0x44, 0x02, 0x02, 0x11, 0x8C, 0x40, 0x04, 0x22, 0x10,
    0x81, 0x08, 0x44, 0x04, 0x72, 0xB3, 0xA0, 0x35, 0x4C, 0x61, 0x00, 0x03, 0x18, 0xC0, 0xA6, 0x16,
    0xB3, 0x98, 0xC9, 0x2C, 0x66, 0x01, 0x83, 0x19, 0x88, 0x4A, 0x04, 0x22, 0x10, 0xC1, 0x08, 0x44,
    0x20, 0x82, 0x19, 0x88, 0x68, 0x96, 0x33, 0x9A, 0x05, 0x8C, 0x44, 0x26, 0x02, 0x91, 0x88, 0x40,
    0x24, 0x20, 0x10, 0x01, 0x08, 0x44, 0x20, 0x12, 0x30, 0x80, 0xC0, 0x0C, 0x20, 0x10, 0x81, 0x08,
    0x40, 0x04, 0x02, 0x91, 0x89, 0x08, 0x44, 0x22, 0x04, 0x01, 0x08, 0xC0, 0x00, 0x06, 0xB0, 0xA9,
    0xC5, 0x2C, 0x66, 0x33, 0x8B, 0x59, 0xD0, 0x66, 0x06, 0xB3, 0xA1, 0x15, 0x2C, 0x66, 0x46, 0x03,
    0x50, 0xCC, 0x86, 0x66, 0x33, 0x99, 0x11, 0x4D, 0x68, 0x44, 0x8B, 0xD9, 0xD0, 0x84, 0x36, 0xB4,
    0x99, 0xE5, 0x4C, 0x68, 0x00, 0x02, 0x11, 0x80, 0x00, 0x04, 0x22, 0x00, 0x11, 0x9A, 0xCC, 0x64,
    0x36, 0xB3, 0x9C, 0xD1, 0xCC, 0x68, 0x45, 0x2B, 0x5A, 0xC3, 0x14, 0x06, 0x30, 0x80, 0x01, 0x6C,
    0x6A, 0x31, 0x8B, 0xD9, 0xCC, 0x62, 0x16, 0x34, 0x9A, 0xC1, 0x6C, 0x66, 0x36, 0x9B, 0x99, 0xCD,
    0x66, 0x66, 0xB3, 0x99, 0x99, 0x0C, 0x67, 0x36, 0x83, 0x59, 0xCD, 0x66, 0x66, 0xB3, 0x99, 0x81,
    0x08, 0x67, 0x44, 0xBB, 0x19, 0xCE, 0x70, 0x16, 0x33, 0x99, 0xC1, 0x4C, 0x66, 0x37, 0x33, 0x5A,
    0x80, 0x60, 0x04, 0x22, 0x10, 0x01, 0x08, 0xCC, 0x60, 0xD6, 0x30, 0x85, 0x01, 0x0C, 0x60, 0x00,
    0x9B, 0x5A, 0xCC, 0x62, 0x36, 0xB3, 0x98, 0x05, 0xAD, 0x66, 0x30, 0x93, 0x99, 0xCD, 0x60, 0x56,
    0x34, 0x9B, 0x0D, 0x0D, 0x66, 0x34, 0xC3, 0x19, 0xD1, 0x6C, 0x36, 0x34, 0x99, 0xD1, 0x6C, 0x66,
    0x36, 0xC3, 0x59, 0xCC, 0x64, 0x06, 0x33, 0x99, 0xDD, 0x6C, 0x66, 0x32, 0xB3, 0x19, 0xD1, 0x60,
    0x06, 0x33, 0x99, 0xDD, 0x8C, 0x66, 0x32, 0x13, 0x9A, 0xD0, 0x1A, 0xA6, 0x20, 0x00, 0x01, 0x08,
    0x40, 0x02, 0x02, 0x11, 0x88, 0xCD, 0x2C, 0x66, 0x41, 0xB3, 0x19, 0xCC, 0x70, 0x06, 0xB3, 0x99,
    0xC1, 0x4C, 0x66, 0x35, 0x9B, 0x59, 0xD1, 0x70, 0x06, 0x33, 0x98, 0xE5, 0x4C, 0x66, 0x32, 0x9B,
    0x59, 0xD0, 0x82, 0x76, 0x33, 0x98, 0xC5, 0x2C, 0x68, 0x36, 0x03, 0x11, 0x88, 0x00, 0x44, 0x22,
    0x10, 0x89, 0x08, 0x44, 0x30, 0x02, 0x11, 0x8C, 0x60, 0x44, 0x20, 0x04, 0x01, 0x08, 0x40, 0x00,
    0x03, 0x90, 0x80, 0x40, 0x04, 0x22, 0x11, 0x81, 0x08, 0x40, 0x26, 0x02, 0x11, 0x80, 0x4C, 0x04,
    0x62, 0x32, 0x2B, 0xDA, 0xCD, 0x60, 0x36, 0xB3, 0x9A, 0xE1, 0x8C, 0x66, 0x39, 0xAB, 0x19, 0xCE,
    0x68, 0x96, 0x33, 0x99, 0xD5, 0x4C, 0x66, 0x38, 0x2B, 0x9A, 0xD0, 0x60, 0x36, 0xB3, 0xA0, 0xE5,
    0x0C, 0x66, 0x32, 0x13, 0x11, 0x88, 0x40, 0x04, 0x22, 0x12, 0x81, 0x08, 0x41, 0x00, 0x02, 0x10,
    0x80, 0x00, 0x24, 0x20, 0x10, 0x81, 0x48, 0x44, 0x20, 0x02, 0x10, 0x8C, 0x40, 0x04, 0x20, 0x00,
    0x81, 0x08, 0x44, 0x30, 0x82, 0x11, 0x88, 0xC1, 0x4C, 0x66, 0x35, 0x8B, 0xD9, 0xD0, 0x82, 0x76,
    0x33, 0x98, 0xC9, 0xAC, 0x68, 0x37, 0x83, 0xD9, 0xCC, 0x6C, 0x16, 0x34, 0x98, 0xC1, 0x4C, 0x66,
    0x30, 0x1B, 0x9A, 0xCD, 0x66, 0x26, 0xB3, 0x99, 0x99, 0x08, 0x44, 0x20, 0x42, 0x10, 0x80, 0x00,
    0x04, 0x20, 0x00, 0x1B, 0x0A, 0x4C, 0x20, 0x12, 0x11, 0x88, 0x00, 0x04, 0x23, 0x10, 0xC1, 0x08,
    0x44, 0x20, 0x02, 0x11, 0x88, 0x4C, 0x04, 0x22, 0x00, 0x89, 0x08, 0x44, 0x22, 0x16, 0xB3, 0x99,
    0xC9, 0x6C, 0x66, 0x33, 0xB3, 0x19, 0xD1, 0x60, 0x46, 0x33, 0x99, 0xDD, 0x0C, 0x66, 0x34, 0x83,
    0x19, 0x88, 0x40, 0x04, 0x32, 0x1C, 0xC9, 0x0C, 0x64, 0x30, 0x8A, 0x99, 0xCC, 0x18, 0x86, 0x30,
    0x80, 0x01, 0x0C, 0x60, 0x03, 0x02, 0x11, 0x88, 0x44, 0x04, 0x22, 0x00, 0x01, 0x18, 0xCC, 0x66,
    0x16, 0xB3, 0x99, 0xE4, 0x8C, 0x68, 0x45, 0x8B, 0x99, 0xCC, 0x64, 0x32, 0x11, 0x88, 0x49, 0x04,
    0x67, 0x36, 0x8B, 0x99, 0xCC, 0x72, 0x76, 0xB3, 0x98, 0xD1, 0xCC, 0x66, 0x45, 0x83, 0x19, 0x88,
    0x44, 0x04, 0x22, 0x11, 0x81, 0x48, 0x44, 0x20, 0x12, 0x11, 0x88, 0x44, 0x44, 0x22, 0x04, 0x01,
    0x08, 0x40, 0x00, 0x02, 0x90, 0x80, 0x40, 0x04, 0x22, 0x11, 0x81, 0x08, 0x40, 0x00, 0x02, 0x91,
    0x88, 0x40, 0xA4, 0x66, 0x46, 0xA3, 0x99, 0xD1, 0x66, 0x96, 0x33, 0x9C, 0x11, 0x0D, 0x66, 0x43,
    0x93, 0x59, 0xCD, 0x60, 0x36, 0x33, 0x9B, 0x19, 0x0D, 0x66, 0x30, 0x9B, 0x59, 0xCE, 0x82, 0x76,
    0x33, 0x18, 0xC1, 0x0C, 0x66, 0x30, 0x02, 0x11, 0x80, 0x40, 0x44, 0x22, 0x13, 0x81, 0x48, 0xC3,
    0x14, 0x06, 0x30, 0x80, 0x01, 0x6C, 0x6A, 0x11, 0x81, 0x48, 0x44, 0x20, 0x02, 0x90, 0x80, 0x40,
    0x44, 0x20, 0x11, 0x89, 0x08, 0x46, 0x00, 0x22, 0x10, 0x88, 0x40, 0x04, 0x20, 0x45, 0x93, 0x99,
    0xCC, 0x82, 0x66, 0x33, 0x98, 0xC1, 0x4C, 0x66, 0x37, 0x83, 0x59, 0xCE, 0x70, 0x16, 0x33, 0x99,
    0x0D, 0x4D, 0x66, 0x37, 0x83, 0x11, 0x8D, 0x60, 0x04, 0x20, 0x10, 0x81, 0x08, 0x40, 0x00, 0x42,
    0x10, 0x80, 0x00, 0x04, 0x20, 0x00, 0x09, 0x5A, 0xCC, 0x62, 0x36, 0xB3, 0x98, 0x05, 0x8D, 0x68,
    0x30, 0x83, 0x19, 0xD1, 0x66, 0x96, 0x33, 0x98, 0xE1, 0x8C, 0x68, 0x46, 0x93, 0x99, 0xCC, 0x88,
    0x56, 0x34, 0x99, 0xC1, 0x0C, 0x66, 0x43, 0x9B, 0x19, 0x8C, 0x00, 0x44, 0x20, 0x10, 0x81, 0x08,
    0x40, 0x00, 0x02, 0x11, 0x88, 0x00, 0x4C, 0x22, 0x10, 0x81, 0x08, 0x46, 0x20, 0x02, 0x11, 0x80,
    0x10, 0x04, 0x20, 0x00, 0x01, 0x08, 0x40, 0x02, 0x02, 0x11, 0x88, 0xCC, 0x2C, 0x66, 0x41, 0x2B,
    0x1A, 0xCC, 0x60, 0x46, 0x34, 0x99, 0xDD, 0x0C, 0x66, 0x45, 0x83, 0x19, 0xCE, 0x88, 0x66, 0x34,
    0x99, 0xC9, 0x8C, 0x68, 0x45, 0x93, 0x19, 0xCC, 0x82, 0x76, 0x33, 0x10, 0xC1, 0x4C, 0x44, 0x37,
    0x02, 0x11, 0x88, 0x40, 0x04, 0x23, 0x10, 0x01, 0x08, 0x44, 0x24, 0x02, 0x10, 0x8C, 0x48, 0x44,
    0x22, 0x04, 0x01, 0x08, 0x40, 0x00, 0x02, 0x90, 0x80, 0x40, 0x04, 0x22, 0x11, 0x81, 0x08, 0x40,
    0x04, 0x02, 0x91, 0x98, 0xE5, 0x0C, 0x67, 0x44, 0x2B, 0x1A, 0xCC, 0x6C, 0x66, 0x24, 0x10, 0x81,
    0x48, 0x44, 0x30, 0x02, 0x10, 0x9B, 0xC0, 0x0C, 0x66, 0x38, 0x8B, 0x18, 0x44, 0x20, 0x02, 0x11,
    0x89, 0x40, 0x04, 0x22, 0x11, 0xC1, 0x08, 0x46, 0x00, 0x02, 0x91, 0x99, 0xC1, 0x0C, 0x67, 0x37,
    0x8B, 0x59, 0xC3, 0x14, 0x06, 0x30, 0x80, 0x01, 0x6C, 0x6A, 0x31, 0x8B, 0xD9, 0xCC, 0x62, 0x26,
    0x34, 0x98, 0xC1, 0x4C, 0x66, 0x30, 0x33, 0x1A, 0xCD, 0x6E, 0x56, 0xB4, 0xA2, 0xC5, 0x8C, 0x68,
    0x21, 0xC3, 0x99, 0x89, 0x44, 0x44, 0x20, 0x18, 0x01, 0x88, 0x40, 0x30, 0x82, 0x11, 0x89, 0x40,
    0x04, 0x62, 0x18, 0x23, 0x9A, 0xD1, 0x68, 0x86, 0x13, 0xA0, 0xD5, 0x4C, 0x66, 0x41, 0x93, 0xD9,
    0x4D, 0x6A, 0xD6, 0x30, 0x85, 0x01, 0x0C, 0x60, 0x00, 0x9B, 0x5A, 0xCC, 0x62, 0x36, 0xB3, 0x98,
    0x09, 0x2D, 0x66, 0x20, 0x82, 0x11, 0x88, 0x00, 0x04, 0x20, 0x00, 0x81, 0x08, 0x40, 0x02, 0x82,
    0x11, 0x88, 0x40, 0x44, 0x20, 0x10, 0x91, 0x08, 0x44, 0x02, 0x12, 0x10, 0x88, 0x60, 0x04, 0x62,
    0x32, 0xBB, 0x19, 0xCC, 0x86, 0x56, 0xB3, 0xA1, 0xC1, 0x2C, 0x67, 0x41, 0xB3, 0x19, 0xCC, 0x60,
    0x26, 0x34, 0x9B, 0x35, 0x4C, 0x61, 0x00, 0x03, 0x18, 0xC0, 0xA6, 0x16, 0xB3, 0x98, 0xCD, 0x2C,
    0x66, 0x42, 0x93, 0x19, 0xCC, 0x70, 0x46, 0xB4, 0x00, 0x81, 0x08, 0x44, 0x20, 0x02, 0x10, 0x80,
    0x60, 0x04, 0x22, 0x10, 0xC3, 0x99, 0xCC, 0x6C, 0x16, 0x33, 0x9A, 0xE1, 0x0C, 0x28, 0x10, 0x99,
    0x09, 0x44, 0x20, 0x26, 0x13, 0x80, 0xD0, 0x8C, 0x66, 0x34, 0xA3, 0x19, 0xCD, 0x86, 0x26, 0xB3,
    0xA0, 0xE1, 0xEC, 0x66, 0x0D, 0x53, 0x18, 0xC0, 0x00, 0x06, 0xB0, 0xA9, 0xC5, 0x2C, 0x66, 0x33,
    0x8B, 0x99, 0xD0, 0x66, 0x06, 0x33, 0x98, 0xD1, 0x6C, 0x66, 0x30, 0x2B, 0x10, 0x80, 0x40, 0x04,
    0x22, 0x11, 0x81, 0xD8, 0xCC, 0x62, 0x86, 0x33, 0xA2, 0x09, 0xAD, 0x68, 0x38, 0x23, 0x1A, 0xCC,
    0x86, 0x26, 0x33, 0x98, 0x11, 0x2D, 0x66, 0x41, 0xBB, 0x19, 0xCC, 0x60, 0x86, 0xB3, 0x98, 0xC1,
    0x8C, 0x68, 0x31, 0x9B, 0x59, 0xC3, 0x14, 0x06, 0x30, 0x80, 0x01, 0x48, 0x40, 0x20, 0x02, 0x91,
    0x88, 0x40, 0x04, 0x20, 0x10, 0x81, 0x08, 0x44, 0x24, 0x02, 0x11, 0x8C, 0xD8, 0xCC, 0x68, 0x30,
    0x83, 0x19, 0xD1, 0x8C, 0x26, 0x33, 0x99, 0xE1, 0xCC, 0x66, 0x30, 0x8B, 0x59, 0xCE, 0x6E, 0x26,
    0x33, 0x1A, 0xE1, 0x08, 0x68, 0x20, 0x32, 0x11, 0x88, 0x00, 0x04, 0xB3, 0xA0, 0xC1, 0x0C, 0x66,
    0x30, 0x83, 0x99, 0xD1, 0x68, 0xD6, 0x30, 0x85, 0x01, 0x0C, 0x60, 0x00, 0x9B, 0x10, 0x88, 0x40,
    0x24, 0x22, 0x10, 0x11, 0x5A, 0x4D, 0x60, 0x06, 0x33, 0x98, 0xC1, 0x0C, 0x66, 0x30, 0xA3, 0xD9,
    0xCC, 0x60, 0x56, 0xB4, 0xA2, 0xC1, 0x0C, 0x66, 0x33, 0x8B, 0xD9, 0xCC, 0x62, 0x26, 0x33, 0x98,
    0xE5, 0x6C, 0x68, 0x35, 0x23, 0x9A, 0xCC, 0x6E, 0x06, 0x34, 0x9A, 0xC1, 0x0C, 0x67, 0x35, 0x0B,
    0x10, 0x88, 0x40, 0x04, 0x23, 0x13, 0x21, 0x08, 0x40, 0x00, 0x02, 0x10, 0x80, 0x0C, 0x2D, 0x66,
    0x31, 0x9B, 0x19, 0xCC, 0x84, 0x66, 0x33, 0x98, 0x09, 0x0D, 0x66, 0x43, 0x2B, 0x5A, 0xCC, 0x88,
    0x56, 0x34, 0x90, 0xCD, 0x2C, 0x67, 0x38, 0x32, 0x11, 0xC8, 0x60, 0x44, 0x34, 0xA3, 0xC9, 0x0C,
    0x66, 0x44, 0x2B, 0x9A, 0xCC, 0x64, 0x16, 0xB4, 0x9B, 0xC1, 0x0C, 0x66, 0x39, 0xB3, 0x99, 0xCC,
    0x6C, 0x04, 0x23, 0x10, 0x89, 0x48, 0x44, 0x08, 0x82, 0x30, 0x80, 0x01, 0x0C, 0x60, 0x53, 0x8B,
    0x59, 0xCC, 0x66, 0x16, 0x33, 0xA1, 0xDD, 0x0C, 0x66, 0x38, 0x83, 0x99, 0xCC, 0x64, 0x06, 0x33,
    0x99, 0xD1, 0x6C, 0x68, 0x30, 0xC3, 0x99, 0xCD, 0x8C, 0x06, 0x23, 0x10, 0xC1, 0xC8, 0x44, 0x20,
    0x22, 0x11, 0x80, 0x08, 0x04, 0x22, 0x10, 0x01, 0x08, 0x40, 0x20, 0x02, 0x91, 0x88, 0x60, 0x04,
    0x23, 0x00, 0x01, 0x08, 0x44, 0x30, 0x32, 0x11, 0x82, 0x00, 0x04, 0x20, 0x00, 0x03, 0xD8, 0xD4,
    0x62, 0x16, 0xB3, 0x99, 0xC5, 0x4C, 0x68, 0x38, 0x83, 0x19, 0xD1, 0x8C, 0x06, 0x22, 0x99, 0xCD,
    0x2C, 0x67, 0x38, 0x23, 0x5A, 0xD1, 0x60, 0x96, 0x33, 0x9B, 0xC9, 0xCC, 0x66, 0x38, 0xA3, 0x19,
    0xCC, 0x6E, 0x86, 0x23, 0x10, 0x81, 0x08, 0x44, 0x20, 0x22, 0x11, 0x81, 0xD8, 0x6C, 0x66, 0x18,
    0xC3, 0x18, 0xD0, 0x88, 0x16, 0x33, 0x99, 0x15, 0xAD, 0x61, 0x0A, 0x03, 0x18, 0xC0, 0x00, 0x36,
    0xB5, 0x98, 0xC5, 0x6C, 0x66, 0x31, 0x13, 0x5A, 0xCE, 0x60, 0x16, 0x34, 0x9B, 0xC1, 0x0C, 0x66,
    0x32, 0xBB, 0x19, 0xCC, 0x04, 0x86, 0x33, 0xA2, 0xC1, 0x6C, 0x68, 0x30, 0xC3, 0x99, 0xCC, 0x60,
    0x66, 0xB4, 0x9B, 0xE1, 0x8C, 0x68, 0x43, 0x0B, 0x1A, 0xD1, 0x62, 0x26, 0x33, 0x12, 0x81, 0x08,
    0x44, 0x04, 0x02, 0x90, 0x88, 0xE5, 0x0C, 0x66, 0x45, 0x6B, 0x98, 0xC2, 0x00, 0x06, 0x30, 0x80,
    0x4D, 0x2D, 0x66, 0x31, 0x9B, 0x59, 0xCC, 0x84, 0x16, 0x34, 0x98, 0xC9, 0x0C, 0x66, 0x43, 0xAB,
    0x99, 0x89, 0x00, 0x04, 0x20, 0x10, 0x01, 0x08, 0x44, 0x30, 0x02, 0x10, 0x80, 0x4C, 0x04, 0x23,
    0x12, 0x81, 0x08, 0x44, 0x30, 0x32, 0x11, 0x88, 0x48, 0x04, 0x23, 0x00, 0x81, 0xC8, 0x44, 0x20,
    0x02, 0x10, 0x88, 0x00, 0x04, 0x22, 0x30, 0x13, 0x5A, 0xCE, 0x1A, 0xA6, 0x30, 0x80, 0x01, 0x0C,
    0x60, 0x53, 0x8B, 0x59, 0xCC, 0x66, 0x16, 0x33, 0xA1, 0x09, 0x0D, 0x66, 0x30, 0x03, 0x11, 0x88,
    0x40, 0x04, 0x33, 0x98, 0xC1, 0x8C, 0x66, 0x33, 0x83, 0x59, 0xD1, 0x8A, 0x06, 0x33, 0x10, 0x89,
    0x08, 0x44, 0x22, 0x02, 0x11, 0x80, 0x48, 0x04, 0x26, 0x30, 0xC3, 0x59, 0xCC, 0x60, 0x46, 0x33,
    0x99, 0xDD, 0xAC, 0x68, 0x30, 0xC3, 0x19, 0xD1, 0x88, 0x56, 0xB4, 0x86, 0x29, 0x0C, 0x60, 0x00,
    0x03, 0xD8, 0xD4, 0x62, 0x16, 0xB3, 0x99, 0xC5, 0x4C, 0x40, 0x02, 0x02, 0x11, 0x80, 0x40, 0x04,
    0x22, 0x18, 0x81, 0x08, 0x44, 0x46, 0x03, 0x19, 0xCE, 0x80, 0x16, 0x33, 0x80, 0xC9, 0x0C, 0x64,
    0x20, 0x03, 0x11, 0x8C, 0x00, 0x04, 0x22, 0x18, 0x81, 0x88, 0xD0, 0x64, 0x02, 0x33, 0xA2, 0xCD,
    0x6C, 0x66, 0x36, 0x0B, 0x9A, 0xCD, 0x60, 0x06, 0x33, 0x9C, 0xDD, 0xAC, 0x61, 0x0A, 0x03, 0x18,
    0xC0, 0x00, 0x36, 0xB5, 0x98, 0xC5, 0x6C, 0x66, 0x31, 0x13, 0x1A, 0xD1, 0x60, 0x26, 0x32, 0x12,
    0x81, 0x08, 0x44, 0x24, 0x02, 0x10, 0x88, 0x40, 0x04, 0x22, 0x13, 0x81, 0x88, 0x44, 0x30, 0x02,
    0x90, 0x88, 0x40, 0x04, 0x23, 0x00, 0xC1, 0x08, 0x40, 0x24, 0x12, 0x10, 0x88, 0x40, 0x44, 0x66,
    0x46, 0x83, 0x19, 0xCC, 0x66, 0x26, 0xB3, 0x99, 0xE5, 0x4C, 0x46, 0x20, 0x42, 0x10, 0x80, 0x00,
    0x04, 0x20, 0x00, 0x09, 0x08, 0x44, 0x20, 0x12, 0x11, 0x88, 0x00, 0x04, 0x20, 0x10, 0x09, 0x88,
    0x44, 0x30, 0x02, 0x11, 0x80, 0x48, 0x04, 0x22, 0x10, 0x81, 0xC8, 0xCD, 0x60, 0x62, 0x33, 0x9C,
    0x11, 0x4D, 0x68, 0x38, 0x83, 0x19, 0xCE, 0x6A, 0x16, 0x34, 0x99, 0xD9, 0xCC, 0x68, 0x36, 0x9B,
    0x59, 0xCE, 0x70, 0x46, 0x34, 0x98, 0xC9, 0x4C, 0x66, 0x30, 0x93, 0x19, 0x80, 0x10, 0x04, 0x20,
    0x00, 0x01, 0x08, 0x40, 0x02, 0x02, 0x11, 0x98, 0xCD, 0x2C, 0x66, 0x42, 0x33, 0x1A, 0xCC, 0x08,
    0x96, 0x33, 0x9A, 0x11, 0x4D, 0x66, 0x01, 0x81, 0x09, 0x40, 0x62, 0x26, 0x33, 0x9C, 0xD9, 0x4C,
    0x66, 0x44, 0xC3, 0x19, 0xD1, 0x82, 0x76, 0xB3, 0x99, 0xC9, 0x8C, 0x66, 0x20, 0x02, 0x11, 0x88,
    0x60, 0x04, 0x22, 0x10, 0x81, 0x48, 0x44, 0x20, 0x12, 0x11, 0x88, 0x00, 0x04, 0x20, 0x04, 0x01,
    0x08, 0x40, 0x00, 0x02, 0x90, 0x80, 0x40, 0x04, 0x66, 0x33, 0x8B, 0xD9, 0xD0, 0x60, 0x06, 0xB3,
    0x99, 0xC1, 0xCC, 0x66, 0x46, 0x83, 0x19, 0xCC, 0x6C, 0x66, 0x34, 0x98, 0xC5, 0x6C, 0x68, 0x30,
    0x8B, 0x19, 0xCC, 0x70, 0x26, 0x33, 0x99, 0xDD, 0x4C, 0x44, 0x20, 0x02, 0x11, 0x88, 0x48, 0x24,
    0x20, 0x10, 0x81, 0x99, 0xCC, 0x60, 0x66, 0x34, 0x9B, 0x0D, 0x4D, 0x68, 0x44, 0x93, 0x59, 0xC3,
    0x14, 0x06, 0x30, 0x80, 0x01, 0x6C, 0x6A, 0x31, 0x8B, 0xD9, 0xCC, 0x62, 0x36, 0x34, 0x98, 0x40,
    0x2C, 0x66, 0x30, 0xC3, 0x59, 0xCE, 0x64, 0x76, 0x33, 0x9C, 0x11, 0x4D, 0x68, 0x30, 0x1B, 0x1A,
    0x88, 0x00, 0x04, 0x23, 0x18, 0x81, 0x08, 0x44, 0x22, 0x02, 0x11, 0xC8, 0x60, 0x46, 0x33, 0x9B,
    0x0D, 0x08, 0x44, 0x20, 0x02, 0x11, 0x88, 0x08, 0x44, 0x22, 0x01, 0x01, 0x08, 0xCC, 0x70, 0xD6,
    0x30, 0x85, 0x01, 0x0C, 0x60, 0x00, 0x9B, 0x5A, 0xCC, 0x62, 0x36, 0xB3, 0x98, 0x0D, 0x4D, 0x66,
    0x30, 0x2B, 0x1A, 0xCE, 0x70, 0x96, 0x33, 0x98, 0xCD, 0x0C, 0x67, 0x44, 0x0B, 0x1A, 0xCE, 0x86,
    0x06, 0x33, 0x9B, 0x91, 0x08, 0x46, 0x20, 0x02, 0x11, 0x88, 0x40, 0x04, 0x22, 0x10, 0x81, 0x88,
    0x44, 0x02, 0x02, 0x11, 0x88, 0x40, 0x04, 0x22, 0x02, 0x91, 0x48, 0x40, 0x00, 0x02, 0x10, 0x80,
    0x10, 0x04, 0x20, 0x00, 0x01, 0x18, 0xC0, 0xA6, 0x16, 0xB3, 0x98, 0xCD, 0x2C, 0x66, 0x43, 0x9B,
    0x19, 0x8C, 0x4C, 0x46, 0x33, 0x1C, 0x11, 0x2D, 0x67, 0x01, 0x1B, 0x1A, 0xCC, 0x40, 0x16, 0x34,
    0x99, 0x95, 0x08, 0x66, 0x34, 0xB3, 0xD9, 0xD0, 0x60, 0x04, 0x22, 0x10, 0x81, 0x88, 0x40, 0x30,
    0x32, 0x34, 0xA1, 0xC1, 0x2C, 0x68, 0x38, 0x03, 0x1A, 0xCE, 0x0A, 0x06, 0x90, 0x89, 0x04, 0x64,
    0x22, 0x04, 0x01, 0x08, 0x40, 0x00, 0x02, 0x90, 0x80, 0x40, 0x04, 0x22, 0x11, 0x81, 0x48, 0x40,
    0x20, 0x02, 0x11, 0x88, 0x41, 0x4C, 0x66, 0x43, 0x83, 0x59, 0xCC, 0x70, 0x46, 0x34, 0x9C, 0xE1,
    0x6C, 0x66, 0x31, 0x9B, 0x59, 0xCC, 0x46, 0x04, 0x23, 0x00, 0x91, 0x08, 0x44, 0x20, 0x02, 0x11,
    0x8C, 0x00, 0x04, 0x20, 0x10, 0x81, 0x08, 0x40, 0x24, 0x02, 0x91, 0x98, 0xD5, 0x04, 0x67, 0x39,
    0x0B, 0x5A, 0xC3, 0x14, 0x06, 0x30, 0x80, 0x01, 0x6C, 0x6A, 0x31, 0x8B, 0xD9, 0xCC, 0x62, 0x36,
    0xB4, 0x9A, 0xC1, 0x8C, 0x66, 0x38, 0xAB, 0x19, 0xCE, 0x68, 0x96, 0xB3, 0xA2, 0x09, 0x0D, 0x66,
    0x31, 0x03, 0x5A, 0xCE, 0x40, 0x04, 0x22, 0x01, 0x01, 0x08, 0x44, 0x30, 0x82, 0x11, 0x8C, 0x44,
    0x44, 0x22, 0x00, 0x99, 0x08, 0x44, 0x20, 0x02, 0x90, 0x89, 0x40, 0x04, 0x22, 0x10, 0x81, 0x08,
    0x46, 0x00, 0x42, 0x10, 0x80, 0x00, 0x04, 0x20, 0x00, 0x1B, 0x0A, 0x44, 0x20, 0x32, 0x33, 0x98,
    0x05, 0xCD, 0x66, 0x30, 0xAB, 0x99, 0xCD, 0x66, 0x96, 0xB3, 0x99, 0xDD, 0x6C, 0x68, 0x36, 0x83,
    0x11, 0x8C, 0x44, 0x64, 0x22, 0x11, 0x81, 0x08, 0x44, 0x04, 0x02, 0x11, 0x8C, 0x40, 0x04, 0x23,
    0x10, 0x81, 0x08, 0x44, 0x20, 0x02, 0x10, 0x80, 0x40, 0x04, 0x22, 0x18, 0xC1, 0x08, 0x44, 0x20,
    0x02, 0x10, 0x8C, 0x10, 0x04, 0x20, 0x00, 0x01, 0x18, 0xC0, 0xA6, 0x16, 0xB3, 0x98, 0xCD, 0x2C,
    0x66, 0x43, 0xBB, 0x19, 0xCC, 0x6C, 0x16, 0x30, 0x10, 0xC1, 0x4C, 0x66, 0x36, 0x23, 0x12, 0x88,
    0x44, 0x04, 0x22, 0x11, 0x81, 0x48, 0x44, 0x30, 0x02, 0x90, 0x89, 0xC8, 0xAC, 0x66, 0x39, 0xBB,
    0x99, 0xC4, 0x68, 0x46, 0xB4, 0xA2, 0xC9, 0x8C, 0x66, 0x41, 0xB3, 0x19, 0xCC, 0x60, 0x56, 0x34,
    0x9B, 0x19, 0x6D, 0x68, 0x0D, 0x53, 0x18, 0xC0, 0x00, 0x06, 0xB0, 0xA9, 0xC5, 0x2C, 0x66, 0x33,
    0x8B, 0xD9, 0xD0, 0x70, 0x06, 0x33, 0x98, 0xC5, 0x6C, 0x66, 0x39, 0x23, 0x5A, 0xD1, 0x64, 0x76,
    0x33, 0xA2, 0x19, 0x4D, 0x66, 0x39, 0x9A, 0x11, 0x88, 0x60, 0x44, 0x22, 0x10, 0xC1, 0x08, 0x40,
    0x26, 0x02, 0x11, 0x88, 0xE0, 0xCC, 0x66, 0x30, 0x0B, 0x1A, 0xD0, 0x6E, 0x06, 0xB3, 0x99, 0xCD,
    0x2C, 0x67, 0x43, 0x2B, 0x5A, 0xC3, 0x14, 0x06, 0x30, 0x80, 0x01, 0x6C, 0x6A, 0x31, 0x8B, 0xD9,
    0xCC, 0x62, 0x36, 0xB4, 0x9C, 0xC1, 0x4C, 0x66, 0x20, 0x2B, 0x1A, 0x80, 0x40, 0x04, 0x22, 0x11,
    0xC1, 0x08, 0x44, 0x04, 0x22, 0x11, 0x80, 0x40, 0x04, 0x22, 0x10, 0x99, 0x08, 0x44, 0x20, 0x02,
    0x11, 0x8C, 0x54, 0x6C, 0x68, 0x32, 0x83, 0x99, 0xD1, 0x70, 0x46, 0x33, 0xA3, 0xCD, 0x2C, 0x67,
    0x33, 0x83, 0x99, 0xD0, 0x86, 0xD6, 0x30, 0x85, 0x01, 0x0C, 0x60, 0x00, 0x9B, 0x5A, 0xCC, 0x62,
    0x36, 0xB3, 0x98, 0x0D, 0x2D, 0x68, 0x30, 0x2B, 0x1A, 0xC1, 0x40, 0x04, 0x22, 0x18, 0x01, 0x88,
    0x40, 0x20, 0x02, 0x11, 0x80, 0x40, 0x64, 0x22, 0x12, 0x91, 0x08, 0x44, 0x30, 0x02, 0x10, 0x89,
    0x40, 0x04, 0x22, 0x10, 0xC1, 0x08, 0x46, 0x20, 0x02, 0x11, 0x98, 0xC9, 0xCC, 0x66, 0x35, 0x2B,
    0x0A, 0xC4, 0x72, 0x66, 0x34, 0x9A, 0x35, 0x4C, 0x61, 0x00, 0x03, 0x18, 0xC0, 0xA6, 0x16, 0xB3,
    0x98, 0xCD, 0x08, 0x44, 0x02, 0x02, 0x10, 0x88, 0x40, 0x04, 0x20, 0x10, 0x81, 0x88, 0x40, 0x20,
    0x12, 0x10, 0x89, 0x60, 0x04, 0x22, 0x18, 0x01, 0x08, 0x44, 0x22, 0x22, 0x13, 0x81, 0xC0, 0x04,
    0x22, 0x40, 0x33, 0x18, 0xCC, 0x64, 0x36, 0xB1, 0x9C, 0x01, 0x4D, 0x68, 0x32, 0xCB, 0x19, 0xD1,
    0x8A, 0x26, 0xB3, 0x9B, 0xC9, 0xEC, 0x66, 0x0D, 0x53, 0x18, 0xC0, 0x00, 0x06, 0xB0, 0xA9, 0xC5,
    0x2C, 0x66, 0x33, 0x8B, 0xD9, 0xD0, 0x86, 0x06, 0xB3, 0x00, 0x91, 0x08, 0x44, 0x20, 0x02, 0x11,
    0x8C, 0x00, 0x44, 0x20, 0x10, 0x99, 0x08, 0x50, 0x80, 0x26, 0xB3, 0x9C, 0x01, 0xED, 0x66, 0x30,
    0x83, 0x99, 0xCC, 0x2E, 0x02, 0x11, 0x9A, 0xC1, 0x0C, 0x67, 0x15, 0x0B, 0x9A, 0xCC, 0x2C, 0x56,
    0x34, 0xA2, 0xCD, 0x2C, 0x67, 0x44, 0xAB, 0x59, 0xC3, 0x14, 0x06, 0x30, 0x80, 0x01, 0x6C, 0x6A,
    0x31, 0x8B, 0xD9, 0xCC, 0x62, 0x36, 0x34, 0xA2, 0xC1, 0x68, 0x46, 0x20, 0x02, 0x10, 0x80, 0x40,
    0x04, 0x22, 0x00, 0x11, 0x08, 0x44, 0x26, 0x12, 0x91, 0x89, 0x60, 0x04, 0x20, 0x00, 0x09, 0x08,
    0x44, 0x26, 0x12, 0x91, 0x88, 0x40, 0x64, 0x22, 0x11, 0x81, 0x09, 0x44, 0x60, 0x26, 0xB3, 0x99,
    0xC9, 0xAC, 0x68, 0x34, 0x1B, 0x1A, 0xCC, 0x84, 0xD6, 0x30, 0x85, 0x01, 0x0C, 0x60, 0x00, 0x9B,
    0x5A, 0xCC, 0x62, 0x36, 0xB3, 0x98, 0x0D, 0x08, 0x40, 0x20, 0x02, 0x10, 0x80, 0x40, 0x74, 0x22,
    0x10, 0x81, 0x08, 0x44, 0x32, 0x93, 0x11, 0x88, 0x02, 0x04, 0x20, 0x10, 0x81, 0x08, 0x40, 0x04,
    0x02, 0x91, 0x89, 0x40, 0x04, 0x20, 0x10, 0x99, 0x08, 0x44, 0x20, 0x22, 0x11, 0x80, 0x40, 0x04,
    0x22, 0x10, 0x99, 0x08, 0x44, 0x00, 0x42, 0x33, 0xA1, 0x34, 0x4C, 0x61, 0x00, 0x03, 0x18, 0xC0,
    0xA6, 0x16, 0xB3, 0x98, 0xCD, 0x2C, 0x66, 0x43, 0x33, 0x1A, 0xC8, 0x68, 0x16, 0x34, 0x91, 0xDD,
    0x08, 0x44, 0x33, 0x03, 0x11, 0x8C, 0x40, 0x04, 0x22, 0x02, 0x91, 0x08, 0x44, 0x00, 0x02, 0x91,
    0x89, 0x40, 0x04, 0x22, 0x18, 0x01, 0x08, 0x44, 0x30, 0x02, 0x11, 0x88, 0x40, 0x04, 0x22, 0x10,
    0x81, 0x08, 0x46, 0x20, 0x12, 0x11, 0x98, 0x11, 0xED, 0x26, 0x0D, 0x53, 0x18, 0xC0, 0x00, 0x06,
    0xB0, 0xA9, 0xC5, 0x2C, 0x66, 0x33, 0x8B, 0x19, 0xD1, 0x60, 0x06, 0xB3, 0xA2, 0x15, 0x0D, 0x66,
    0x32, 0xAB, 0x19, 0xD1, 0x64, 0x76, 0x33, 0x98, 0xE1, 0x2C, 0x68, 0x36, 0x83, 0x19, 0xCC, 0x64,
    0x76, 0x33, 0x98, 0xD1, 0x0C, 0x66, 0x38, 0xAB, 0x59, 0x80, 0x40, 0x04, 0x22, 0x02, 0x81, 0x08,
    0x40, 0x04, 0x02, 0x91, 0x89, 0x48, 0xCC, 0x68, 0x39, 0xB3, 0x59, 0xC3, 0x14, 0x06, 0x30, 0x80,
    0x01, 0x6C, 0x6A, 0x31, 0x8B, 0xD9, 0xCC, 0x62, 0x46, 0xB4, 0x98, 0xC1, 0x0C, 0x66, 0x30, 0x9B,
    0x19, 0xCC, 0x8A, 0x56, 0x34, 0x98, 0xC1, 0x6C, 0x66, 0x31, 0x9B, 0x59, 0xCC, 0x66, 0x16, 0xB3,
    0x99, 0xC5, 0xCC, 0x66, 0x45, 0x83, 0x19, 0xCC, 0x86, 0x64, 0x33, 0x1C, 0x81, 0x08, 0x44, 0x20,
    0x02, 0x11, 0x88, 0x44, 0x04, 0x22, 0x00, 0x01, 0x08, 0x40, 0x24, 0x42, 0x10, 0x80, 0x00, 0x04,
    0x20, 0x00, 0x9B, 0x5A, 0xCC, 0x62, 0x36, 0xB3, 0x98, 0x01, 0x4D, 0x26, 0x30, 0x83, 0x99, 0xCC,
    0x24, 0x02, 0xB1, 0x82, 0x05, 0x2D, 0x68, 0x36, 0x83, 0x19, 0xCC, 0x70, 0x46, 0x34, 0x98, 0xE1,
    0x8C, 0x66, 0x44, 0x93, 0xD9, 0xCD, 0x62, 0x26, 0x33, 0x98, 0xE1, 0xAC, 0x66, 0x41, 0x93, 0x99,
    0xCD, 0x8C, 0x56, 0xB3, 0x98, 0xDD, 0x8C, 0x68, 0x46, 0xB3, 0x99, 0xD1, 0x10, 0x04, 0x20, 0x00,
    0x01, 0x08, 0x40, 0x02, 0x02, 0x11, 0x88, 0x44, 0x04, 0x22, 0x00, 0x89, 0x08, 0x44, 0x20, 0x82,
    0x11, 0x80, 0x00, 0x04, 0x22, 0x13, 0x01, 0xC8, 0x44, 0x20, 0x02, 0x11, 0x88, 0xDC, 0x0C, 0x22,
    0x31, 0x83, 0x18, 0xCE, 0x88, 0x66, 0x34, 0x99, 0xDD, 0x8C, 0x68, 0x45, 0x93, 0x59, 0xCE, 0x66,
    0x96, 0x33, 0x9C, 0x11, 0xAD, 0x68, 0x46, 0xA3, 0x99, 0xD1, 0x70, 0x96, 0xB3, 0x04, 0x01, 0x08,
    0x40, 0x00, 0x02, 0x90, 0x80, 0x40, 0x04, 0x22, 0x11, 0x81, 0x08, 0x40, 0x20, 0x02, 0x11, 0x88,
    0x40, 0x04, 0x20, 0x00, 0x01, 0x08, 0x40, 0x20, 0x32, 0x11, 0x89, 0x08, 0x04, 0x22, 0x10, 0x81,
    0x08, 0xCC, 0x8A, 0x66, 0x34, 0xA0, 0x09, 0x04, 0x66, 0x37, 0x01, 0x48, 0xD1, 0x64, 0x06, 0xB3,
    0xA0, 0xD9, 0x0C, 0x66, 0x30, 0x93, 0xD9, 0xCD, 0x60, 0x66, 0xB4, 0x98, 0x19, 0xAD, 0x61, 0x0A,
    0x03, 0x18, 0xC0, 0x00, 0x36, 0xB5, 0x98, 0xC5, 0x6C, 0x66, 0x31, 0x23, 0x5A, 0xCD, 0x60, 0x06,
    0x33, 0x9C, 0x11, 0xCD, 0x68, 0x20, 0x02, 0x11, 0xD0, 0x8A, 0x06, 0xB2, 0x9B, 0x15, 0xCD, 0x66,
    0x30, 0x02, 0x11, 0x88, 0x4C, 0x04, 0x22, 0x10, 0x81, 0x08, 0x46, 0x20, 0x02, 0x11, 0x88, 0x4C,
    0x04, 0x20, 0x00, 0x81, 0x48, 0x40, 0x22, 0x82, 0x11, 0x80, 0x01, 0x2D, 0x66, 0x34, 0x6B, 0x98,
    0x42, 0x00, 0x06, 0x30, 0x80, 0x4D, 0x2D, 0x66, 0x31, 0x9B, 0x59, 0xCC, 0x88, 0x66, 0x33, 0x98,
    0x48, 0xEC, 0x66, 0x36, 0x23, 0x08, 0x44, 0x60, 0x22, 0x33, 0x9B, 0x19, 0x0D, 0x67, 0x30, 0x23,
    0xDA, 0xCC, 0x72, 0x36, 0x34, 0x9B, 0xC1, 0x2C, 0x44, 0x40, 0xBB, 0x19, 0xC8, 0x8C, 0x46, 0x20,
    0x82, 0x81, 0xEC, 0x46, 0x38, 0x23, 0x1A, 0xCE, 0x02, 0x04, 0x22, 0x00, 0x81, 0x48, 0x40, 0x08,
    0x02, 0x10, 0x80, 0x00, 0x04, 0x20, 0x01, 0x81, 0x08, 0x44, 0x22, 0x02, 0x11, 0x80, 0x4C, 0x04,
    0x22, 0x10, 0x99, 0x08, 0x44, 0x00, 0x02, 0x90, 0x89, 0x40, 0x24, 0x20, 0x40, 0x2B, 0x98, 0x4C,
    0x20, 0x86, 0x33, 0xA2, 0xE1, 0xAC, 0x66, 0x44, 0xBB, 0x99, 0xCC, 0x84, 0x46, 0x34, 0x9B, 0xC9,
    0x6C, 0x68, 0x44, 0x8B, 0x99, 0xCC, 0x84, 0x26, 0xB3, 0x99, 0xC1, 0x6C, 0x66, 0x44, 0xAB, 0x59,
    0xC3, 0x14, 0x06, 0x30, 0x80, 0x01, 0x6C, 0x6A, 0x31, 0x8B, 0xD9, 0xCC, 0x62, 0x46, 0x34, 0x9C,
    0xC1, 0xAC, 0x66, 0x46, 0xA3, 0x99, 0xD1, 0x44, 0x04, 0x23, 0x00, 0x01, 0x08, 0x44, 0x26, 0x02,
    0x10, 0x81, 0x40, 0x04, 0x23, 0x00, 0x01, 0x08, 0x44, 0x20, 0x02, 0x30, 0xA1, 0xC9, 0x04, 0x68,
    0x44, 0x2B, 0x9A, 0xCC, 0x70, 0x16, 0x34, 0x9B, 0xC0, 0x04, 0x26, 0x10, 0xC1, 0x08, 0x46, 0x02,
    0x42, 0x10, 0x80, 0x00, 0x04, 0x20, 0x00, 0x09, 0x08, 0x44, 0x20, 0x12, 0x11, 0x88, 0x00, 0x04,
    0x23, 0x10, 0x01, 0x88, 0xC0, 0x60, 0x96, 0x31, 0xA0, 0x05, 0x0C, 0x66, 0x44, 0x0B, 0x5A, 0xCC,
    0x60, 0x06, 0x33, 0x99, 0xD9, 0x0C, 0x66, 0x38, 0x83, 0x19, 0xCE, 0x6A, 0x16, 0x34, 0x91, 0xD9,
    0xAC, 0x60, 0x00, 0x02, 0x10, 0x89, 0x40, 0x66, 0x20, 0x18, 0x11, 0x49, 0x44, 0x30, 0x82, 0x11,
    0xD0, 0x1A, 0x04, 0x30, 0x80, 0x01, 0x0C, 0x40, 0x02, 0x02, 0x11, 0x88, 0x44, 0x04, 0x22, 0x00,
    0x01, 0x08, 0x44, 0x00, 0x02, 0x10, 0x88, 0x40, 0x04, 0x22, 0x18, 0x01, 0x88, 0x40, 0x20, 0x02,
    0x91, 0x89, 0x04, 0x04, 0x22, 0x10, 0x81, 0x88, 0x40, 0x00, 0x22, 0x11, 0x88, 0x00, 0x04, 0x22,
    0x00, 0x81, 0x08, 0x44, 0x02, 0x02, 0x90, 0x88, 0x48, 0x04, 0x23, 0x00, 0x81, 0x08, 0x44, 0x20,
    0x02, 0x11, 0x82, 0x00, 0x04, 0x60, 0x00, 0x03, 0xD8, 0xD4, 0x62, 0x16, 0xB3, 0x99, 0xC5, 0x8C,
    0x68, 0x42, 0x83, 0x19, 0xD1, 0x8A, 0x26, 0xB3, 0x9B, 0x11, 0xCD, 0x68, 0x32, 0x93, 0xD9, 0x88,
    0x40, 0x84, 0x33, 0xA2, 0xC9, 0x6C, 0x48, 0x00, 0x23, 0x1A, 0xCC, 0x40, 0x04, 0x34, 0xA3, 0x89,
    0xEC, 0x66, 0x36, 0x33, 0x1A, 0xCC, 0x60, 0x26, 0x23, 0x10, 0x81, 0x08, 0x40, 0x00, 0x22, 0x10,
    0xC0, 0x40, 0xD6, 0x30, 0x00, 0x01, 0x08, 0x40, 0x00, 0x12, 0x10, 0x88, 0x40, 0x24, 0x22, 0x10,
    0x01, 0x48, 0x40, 0x20, 0x02, 0x11, 0x8C, 0x61, 0x04, 0x20, 0x11, 0x8B, 0x19, 0xD1, 0x8A, 0x26,
    0xB3, 0x9C, 0x11, 0xCD, 0x68, 0x32, 0x93, 0x19, 0xCE, 0x88, 0x16, 0xB3, 0x9B, 0xCD, 0xCC, 0x66,
    0x39, 0xB3, 0x99, 0xCC, 0x84, 0x96, 0xB3, 0x9B, 0xC9, 0xCC, 0x66, 0x44, 0x2B, 0x9A, 0xCC, 0x88,
    0x46, 0x34, 0xA2, 0x35, 0x4C, 0x61, 0x00, 0x03, 0x18, 0xC0, 0xA6, 0x16, 0xB3, 0x98, 0xCD, 0x2C,
    0x66, 0x44, 0x02, 0x10, 0x88, 0x00, 0x44, 0x20, 0x10, 0x81, 0x48, 0x44, 0x20, 0x12, 0x11, 0x8C,
    0x60, 0x44, 0x22, 0x10, 0x91, 0x08, 0x46, 0x26, 0x02, 0x11, 0x80, 0x4C, 0x44, 0x20, 0x10, 0x81,
    0x08, 0x44, 0x24, 0x02, 0x10, 0x80, 0x40, 0x04, 0x22, 0x00, 0x11, 0x08, 0x44, 0x00, 0x12, 0x11,
    0x8C, 0xC9, 0x4C, 0x68, 0x0D, 0x53, 0x18, 0xC0, 0x00, 0x06, 0xB0, 0xA9, 0xC5, 0x0C, 0x66, 0x39,
    0x8B, 0x19, 0xD1, 0x8A, 0x06, 0xB3, 0x9B, 0x15, 0x2D, 0x66, 0x41, 0x9B, 0x99, 0xD1, 0x6E, 0x04,
    0x20, 0x10, 0x01, 0x8C, 0x40, 0x30, 0xCB, 0x19, 0xCE, 0x28, 0xFE, 0xEF, 0xFF, 0xFF, 0xFF, 0xFF,
    0xFF, 0xFF, 0xFF, 0xFF, 0xFF, 0xFF, 0xFF, 0xFF, 0xFF, 0xFF, 0xFF, 0xFF, 0xFF, 0xFF, 0xFF, 0xFF,
    0xFF, 0xFF, 0xFF, 0xFF, 0xFF, 0xFF, 0xFF, 0xFF, 0xFF, 0xFF, 0xFF, 0xFF, 0xFF, 0xFF, 0xFF, 0xFF,
    0xFF, 0xFF, 0xFF, 0xFF, 0xFF, 0xFF, 0xFF, 0xFF, 0xFF, 0xFF, 0xFF, 0xFF, 0xFF, 0xFF, 0xFF, 0xFF,
    0xFF, 0xFF, 0xFF, 0xFF, 0x6B, 0x98, 0xC2, 0xA6, 0x96, 0xB3, 0x86, 0x29, 0x0C, 0x64, 0x43, 0x7B,
    0x1A, 0xD4, 0xB2, 0x26, 0xB5, 0xA4, 0x1D, 0x0D, 0x69, 0x54, 0x03, 0x19, 0xCA, 0x86, 0x96, 0x32,
    0x90, 0xC5, 0x2C, 0x67, 0x37, 0xC3, 0x11, 0x80, 0x1A, 0x06, 0xA0, 0x01, 0x01, 0xC8, 0x41, 0x06,
    0x02, 0x10, 0x80, 0x00, 0x04, 0x20, 0x01, 0x41, 0x48, 0x40, 0x00, 0x02, 0x10, 0x82, 0x04, 0x04,
    0x20, 0x01, 0x39, 0x08, 0x40, 0x00, 0x02, 0x10, 0x80, 0x10, 0x84, 0x20, 0x00, 0x01, 0x08, 0x40,
    0x06, 0x02, 0x10, 0xA0, 0x4D, 0x05, 0x60, 0x52, 0x2B, 0xDA, 0xD4, 0x80, 0x22, 0x35, 0xAB, 0x01,
    0x8D, 0x60, 0x2E, 0x01, 0x18, 0xC5, 0xFF, 0xFF, 0xFF, 0xFF, 0xFF, 0xFF, 0xFF, 0xFF, 0xFF, 0xFF,
    0xFF, 0xFF, 0xFF, 0xFF, 0xFF, 0xFF, 0xFF, 0xFF, 0xFF, 0xFF, 0xFF, 0xFF, 0xFF, 0xFF, 0xFF, 0xFF,
    0xFF, 0xFF, 0xFF, 0xFF, 0xFF, 0xFF, 0xFF, 0xFF, 0xFF, 0xFF, 0xFF, 0xFF, 0xFF, 0xFF, 0xFF, 0xFF,
    0xFF, 0xFF, 0xFF, 0xFF, 0xFF, 0xFF, 0xFF, 0xFF, 0xFF, 0xFF, 0xFF, 0xFF, 0xFF, 0xFF, 0xFF, 0xFF,
    0xFF, 0xFF, 0xFF, 0xFF, 0xFF, 0xFF, 0xFF, 0xFF, 0xFF, 0xFF, 0xFF, 0xFF, 0xFF, 0xFF, 0xFF, 0xFF,
    0xFF, 0xFF, 0xFF, 0xFF, 0xFF, 0xFF, 0xFF, 0xFF, 0xFF, 0xFF, 0xFF, 0xFF, 0xFF, 0xFF, 0xFF, 0xFF,
    0xFF, 0xFF, 0xFF, 0xFF, 0xFF, 0xFF, 0xFF, 0xFF, 0xFF, 0xFF, 0xFF, 0xFF, 0xFF, 0xFF, 0xFF, 0xFF,
    0xFF, 0xFF, 0xFF, 0xFF, 0xFF, 0xFF, 0xFF, 0xFF, 0xFF, 0xFF, 0xFF, 0xFF, 0xFF, 0xFF, 0xFF, 0xFF,
    0xFF, 0xFF, 0xFF, 0xFF, 0xFF, 0xFF, 0xFF, 0xFF, 0xFF, 0xFF, 0xFF, 0xFF, 0xFF, 0xFF, 0xFF, 0xFF,
    0xFF, 0xFF, 0xFF, 0xFF, 0xFF, 0xFF, 0xFF, 0xFF, 0xFF, 0xFF, 0xFF, 0xFF, 0xFF, 0xFF, 0xFF, 0xFF,
    0xFF, 0xFF, 0xFF, 0xFF, 0xFF, 0xFF, 0xFF, 0xFF, 0xFF, 0xFF, 0xFF, 0xFF, 0xFF, 0xFF, 0xFF, 0xFF,
    0xFF, 0xFF, 0xFF, 0xFF, 0xFF, 0xFF, 0xFF, 0xFF, 0xFF, 0xFF, 0xFF, 0xFF, 0xFF, 0xFF, 0xFF, 0xFF,
    0xFF, 0xFF, 0xFF, 0xFF, 0xFF, 0xFF, 0xFF, 0xFF, 0xFF, 0xFF, 0xFF, 0xFF, 0xFF, 0xFF, 0xFF, 0xFF,
    0xFF, 0xFF, 0xFF, 0xFF, 0xFF, 0xFF, 0xFF, 0xFF, 0xFF, 0xFF, 0xFF, 0xFF, 0xFF, 0xFF, 0xFF, 0xFF,
    0xFF, 0xFF, 0xFF, 0xFF, 0xFF, 0xFF, 0xFF, 0xFF, 0xFF, 0xFF, 0xFF, 0xFF, 0xFF, 0xFF, 0xFF, 0xFF,
    0xFF, 0xFF, 0xFF, 0xFF, 0xFF, 0xFF, 0xFF, 0xFF, 0xFF, 0xFF, 0xFF, 0xFF, 0xFF, 0xFF, 0xFF, 0xFF,
    0xFF, 0xFF, 0xFF, 0xFF, 0xFF, 0xFF, 0xFF, 0xFF, 0xFF, 0xFF, 0xFF, 0xFF, 0xFF, 0xFF, 0xFF, 0xFF,
    0xFF, 0xFF, 0xFF, 0xFF, 0xFF, 0xFF, 0xFF, 0xFF, 0xFF, 0xFF, 0xFF, 0xFF, 0xFF, 0xFF, 0xFF, 0xFF,
    0xFF, 0xFF, 0xFF, 0xFF, 0xFF, 0xFF, 0xFF, 0xFF, 0xFF, 0xFF, 0xFF, 0xFF, 0xFF, 0xFF, 0xFF, 0xFF,
    0xFF, 0xFF, 0xFF, 0xFF, 0xFF, 0xFF, 0xFF, 0xFF, 0xFF, 0xFF, 0xFF, 0xFF, 0xFF, 0xFF, 0xFF, 0xFF,
    0xFF, 0xFF, 0xFF, 0xFF, 0xFF, 0xFF, 0xFF, 0xFF, 0xFF, 0xFF, 0xFF, 0xFF, 0xFF, 0xFF, 0xFF, 0xFF,
    0xFF, 0xFF, 0xFF, 0xFF, 0xFF, 0xFF, 0xFF, 0xFF, 0xFF, 0xFF, 0xFF, 0xFF, 0xFF, 0xFF, 0xFF, 0xFF,
    0xFF, 0xFF, 0xFF, 0xFF, 0xFF, 0xFF, 0xFF, 0xFF, 0xFF, 0xFF, 0xFF, 0xFF, 0xFF, 0xFF, 0xFF, 0xFF,
    0xFF, 0xFF, 0xFF, 0xFF, 0xFF, 0xFF, 0xFF, 0xFF, 0xFF, 0xFF, 0xFF, 0xFF, 0xFF, 0xFF, 0xFF, 0xFF,
    0xFF, 0xFF, 0xFF, 0xFF, 0xFF, 0xFF, 0xFF, 0xFF, 0xFF, 0xFF, 0xFF, 0xFF, 0xFF, 0xFF, 0xFF, 0xFF,
    0xFF, 0xFF, 0xFF, 0xFF, 0xFF, 0xFF, 0xFF, 0xFF, 0xFF, 0xFF, 0xFF, 0xFF, 0xFF, 0xFF, 0xFF, 0xFF,
    0xFF, 0xFF, 0xFF, 0xFF, 0xFF, 0xFF, 0xFF, 0xFF, 0xFF, 0xFF, 0xFF, 0xFF, 0xFF, 0xFF, 0xFF, 0xFF,
    0xFF, 0xFF, 0xFF, 0xFF, 0xFF, 0xFF, 0xFF, 0xFF, 0xFF, 0xFF, 0xFF, 0xFF, 0xFF, 0xFF, 0xFF, 0xFF,
    0xFF, 0xFF, 0xFF, 0xFF, 0xFF, 0xFF, 0xFF, 0xFF, 0xFF, 0xFF, 0xFF, 0xFF, 0xFF, 0xFF, 0xFF, 0xFF,
    0xFF, 0xFF, 0xFF, 0xFF, 0xFF, 0xFF, 0xFF, 0xFF, 0xFF, 0xFF, 0xFF, 0xFF, 0xFF, 0xFF, 0xFF, 0xFF,
    0xFF, 0xFF, 0xFF, 0xFF, 0xFF, 0xFF, 0xFF, 0xFF, 0xFF, 0xFF, 0xFF, 0xFF, 0xFF, 0xFF, 0xFF, 0xFF,
    0xFF, 0xFF, 0xFF, 0xFF, 0xFF, 0xFF, 0xFF, 0xFF, 0xFF, 0xFF, 0xFF, 0xFF, 0xFF, 0xFF, 0xFF, 0xFF,
    0xFF, 0xFF, 0xFF, 0xFF, 0xFF, 0xFF, 0xFF, 0xFF, 0xFF, 0xFF, 0xFF, 0xFF, 0xFF, 0xFF, 0xFF, 0xFF,
    0xFF, 0xFF, 0xFF, 0xFF, 0xFF, 0xFF, 0xFF, 0xFF, 0xFF, 0xFF, 0xFF, 0xFF, 0xFF, 0xFF, 0xFF, 0xFF,
    0xFF, 0xFF, 0xFF, 0xFF, 0xFF, 0xFF, 0xFF, 0xFF, 0xFF, 0xFF, 0xFF, 0xFF, 0xFF, 0xFF, 0xFF, 0xFF,
    0xFF, 0xFF, 0xFF, 0xFF, 0xFF, 0xFF, 0xFF, 0xFF, 0xFF, 0xFF, 0xFF, 0xFF, 0xFF, 0xFF, 0xFF, 0xFF,
    0xFF, 0xFF, 0xFF, 0xFF, 0xFF, 0xFF, 0xFF, 0xFF, 0xFF, 0xFF, 0xFF, 0xFF, 0xFF, 0xFF, 0xFF, 0xFF,
    0xFF, 0xFF, 0xFF, 0xFF, 0xFF, 0xFF, 0xFF, 0xFF, 0xFF, 0xFF, 0xFF, 0xFF, 0xFF, 0xFF, 0xFF, 0xFF,
    0xFF, 0xFF, 0xFF, 0xFF, 0xFF, 0xFF, 0xFF, 0xFF, 0xFF, 0xFF, 0xFF, 0xFF, 0xFF, 0xFF, 0xFF, 0xFF,
    0xFF, 0xFF, 0xFF, 0xFF, 0xFF, 0xFF, 0xFF, 0xFF, 0xFF, 0xFF, 0xFF, 0xFF, 0xFF, 0xFF, 0xFF, 0xFF,
    0xFF, 0xFF, 0xFF, 0xFF, 0xFF, 0xFF, 0xFF, 0xFF, 0xFF, 0xFF, 0xFF, 0xFF, 0xFF, 0xFF, 0xFF, 0xFF,
    0xFF, 0xFF, 0xFF, 0xFF, 0xFF, 0xFF, 0xFF, 0xFF, 0xFF, 0xFF, 0xFF, 0xFF, 0xFF, 0xFF, 0xFF, 0xFF,
    0xFF, 0xFF, 0xFF, 0xFF, 0xFF, 0xFF, 0xFF, 0xFF, 0xFF, 0xFF, 0xFF, 0xFF, 0xFF, 0xFF, 0xFF, 0xFF,
    0xFF, 0xFF, 0xFF, 0xFF, 0xFF, 0xFF, 0xFF, 0xFF, 0xFF, 0xFF, 0xFF, 0xFF, 0xFF, 0xFF, 0xFF, 0xFF,
    0xFF, 0xFF, 0xFF, 0xFF, 0xFF, 0xFF, 0xFF, 0xFF, 0xFF, 0xFF, 0xFF, 0xFF, 0xFF, 0xFF, 0xFF, 0xFF,
    0xFF, 0xFF, 0xFF, 0xFF, 0xFF, 0xFF, 0xFF, 0xFF, 0xFF, 0xFF, 0xFF, 0xFF, 0xFF, 0xFF, 0xFF, 0xFF,
    0xFF, 0xFF, 0xFF, 0xFF, 0xFF, 0xFF, 0xFF, 0xFF, 0xFF, 0xFF, 0xFF, 0xFF, 0xFF, 0xFF, 0xFF, 0xFF,
    0xFF, 0xFF, 0xFF, 0xFF, 0xFF, 0xFF, 0xFF, 0xFF, 0xFF, 0xFF, 0xFF, 0xFF, 0xFF, 0xFF, 0xFF, 0xFF,
    0xFF, 0xFF, 0xFF, 0xFF, 0xFF, 0xFF, 0xFF, 0xFF, 0xFF, 0xFF, 0xFF, 0xFF, 0xFF, 0xFF, 0xFF, 0xFF,
    0xFF, 0xFF, 0xFF, 0xFF, 0xFF, 0xFF, 0xFF, 0xFF, 0xFF, 0xFF, 0xFF, 0xFF, 0xFF, 0xFF, 0xFF, 0xFF,
    0xFF, 0xFF, 0xFF, 0xFF, 0xFF, 0xFF, 0xFF, 0xFF, 0xFF, 0xFF, 0xFF, 0xFF, 0xFF, 0xFF, 0xFF, 0xFF,
    0xFF, 0xFF, 0xFF, 0xFF, 0xFF, 0xFF, 0xFF, 0xFF, 0xFF, 0xFF, 0xFF, 0xFF, 0xFF, 0xFF, 0xFF, 0xFF,
    0xFF, 0xFF, 0xFF, 0xFF, 0xFF, 0xFF, 0xFF, 0xFF, 0xFF, 0xFF, 0xFF, 0xFF, 0xFF, 0xFF, 0xFF, 0xFF,
    0xFF, 0xFF, 0xFF, 0xFF, 0xFF, 0xFF, 0xFF, 0xFF, 0xFF, 0xFF, 0xFF, 0xFF, 0xFF, 0xFF, 0xFF, 0xFF,
    0xFF, 0xFF, 0xFF, 0xFF, 0xFF, 0xFF, 0xFF, 0xFF, 0xFF, 0xFF, 0xFF, 0xFF, 0xFF, 0xFF, 0xFF, 0xFF,
    0xFF, 0xFF, 0xFF, 0xFF, 0xFF, 0xFF, 0xFF, 0xFF, 0xFF, 0xFF, 0xFF, 0xFF, 0xFF, 0xFF, 0xFF, 0xFF,
    0xFF, 0xFF, 0xFF, 0xFF, 0xFF, 0xFF, 0xFF, 0xFF, 0xFF, 0xFF, 0xFF, 0xFF, 0xFF, 0xFF, 0xFF, 0xFF,
    0xFF, 0xFF, 0xFF, 0xFF, 0xFF, 0xFF, 0xFF, 0xFF, 0xFF, 0xFF, 0xFF, 0xFF, 0xFF, 0xFF, 0xFF, 0xFF,
    0xFF, 0xFF, 0xFF, 0xFF, 0xFF, 0xFF, 0xFF, 0xFF, 0xFF, 0xFF, 0xFF, 0xFF, 0xFF, 0xFF, 0xFF, 0xFF,
    0xFF, 0xFF, 0xFF, 0xFF, 0xFF, 0xFF, 0xFF, 0xFF, 0xFF, 0xFF, 0xFF, 0xFF, 0xFF, 0xFF, 0xFF, 0xFF,
    0xFF, 0xFF, 0xFF, 0xFF, 0xFF, 0xFF, 0xFF, 0xFF, 0xFF, 0xFF, 0xFF, 0xFF, 0xFF, 0xFF, 0xFF, 0xFF,
    0xFF, 0xFF, 0xFF, 0xFF, 0xFF, 0xFF, 0xFF, 0xFF, 0xFF, 0xFF, 0xFF, 0xFF, 0xFF, 0xFF, 0xFF, 0xFF,
    0xFF, 0xFF, 0xFF, 0xFF, 0xFF, 0xFF, 0xFF, 0xFF, 0xFF, 0xFF, 0xFF, 0xFF, 0xFF, 0xFF, 0xFF, 0xFF,
    0xFF, 0xFF, 0xFF, 0xFF, 0xFF, 0xFF, 0xFF, 0xFF, 0xFF, 0xFF, 0xFF, 0xFF, 0xFF, 0xFF, 0xFF, 0xFF,
    0xFF, 0xFF, 0xFF, 0xFF, 0xFF, 0xFF, 0xFF, 0xFF, 0xFF, 0xFF, 0xFF, 0xFF, 0xFF, 0xFF, 0xFF, 0xFF,
    0xFF, 0xFF, 0xFF, 0xFF, 0xFF, 0xFF, 0xFF, 0xFF, 0xFF, 0xFF, 0xFF, 0xFF, 0xFF, 0xFF, 0xFF, 0xFF,
    0xFF, 0xFF, 0xFF, 0xFF, 0xFF, 0xFF, 0xFF, 0xFF, 0xFF, 0xFF, 0xFF, 0xFF, 0xFF, 0xFF, 0xFF, 0xFF,
    0xFF, 0xFF, 0xFF, 0xFF, 0xFF, 0xFF, 0xFF, 0xFF, 0xFF, 0xFF, 0xFF, 0xFF, 0xFF, 0xFF, 0xFF, 0xFF,
    0xFF, 0xFF, 0xFF, 0xFF, 0xFF, 0xFF, 0xFF, 0xFF, 0xFF, 0xFF, 0xFF, 0xFF, 0xFF, 0xFF, 0xFF, 0xFF,
    0xFF, 0xFF, 0xFF, 0xFF, 0xFF, 0xFF, 0xFF, 0xFF, 0xFF, 0xFF, 0xFF, 0xFF, 0xFF, 0xFF, 0xFF, 0xFF,
    0xFF, 0xFF, 0xFF, 0xFF, 0xFF, 0xFF, 0xFF, 0xFF, 0xFF, 0xFF, 0xFF, 0xFF, 0xFF, 0xFF, 0xFF, 0xFF,
    0xFF, 0xFF, 0xFF, 0xFF, 0xFF, 0xFF, 0xFF, 0xFF, 0xFF, 0xFF, 0xFF, 0xFF, 0xFF, 0xFF, 0xFF, 0xFF,
    0xFF, 0xFF, 0xFF, 0xFF, 0xFF, 0xFF, 0xFF, 0xFF, 0xFF, 0xFF, 0xFF, 0xFF, 0xFF, 0xFF, 0xFF, 0xFF,
    0xFF, 0xFF, 0xFF, 0xFF, 0xFF, 0xFF, 0xFF, 0xFF, 0xFF, 0xFF, 0xFF, 0xFF, 0xFF, 0xFF, 0xFF, 0xFF,
    0xFF, 0xFF, 0xFF, 0xFF, 0xFF, 0xFF, 0xFF, 0xFF, 0xFF, 0xFF, 0xFF, 0xFF, 0xFF, 0xFF, 0xFF, 0xFF,
    0xFF, 0xFF, 0xFF, 0xFF, 0xFF, 0xFF, 0xFF, 0xFF, 0xFF, 0xFF, 0xFF, 0xFF, 0xFF, 0xFF, 0xFF, 0xFF,
    0xFF, 0xFF, 0xFF, 0xFF, 0xFF, 0xFF, 0xFF, 0xFF, 0xFF, 0xFF, 0xFF, 0xFF, 0xFF, 0xFF, 0xFF, 0xFF,
    0xFF, 0xFF, 0xFF, 0xFF, 0xFF, 0xFF, 0xFF, 0xFF, 0xFF, 0xFF, 0xFF, 0xFF, 0xFF, 0xFF, 0xFF, 0xFF,
    0xFF, 0xFF, 0xFF, 0xFF, 0xFF, 0xFF, 0xFF, 0xFF, 0xFF, 0xFF, 0xFF, 0xFF, 0xFF, 0xFF, 0xFF, 0xFF,
    0xFF, 0xFF, 0xFF, 0xFF, 0xFF, 0xFF, 0xFF, 0xFF, 0xFF, 0xFF, 0xFF, 0xFF, 0xFF, 0xFF, 0xFF, 0xFF,
    0xFF, 0xFF, 0xFF, 0xFF, 0xFF, 0xFF, 0xFF, 0xFF, 0xFF, 0xFF, 0xFF, 0xFF, 0xFF, 0xFF, 0xFF, 0xFF,
    0xFF, 0xFF, 0xFF, 0xFF, 0xFF, 0xFF, 0xFF, 0xFF, 0xFF, 0xFF, 0xFF, 0xFF, 0xFF, 0xFF, 0xFF, 0xFF,
    0xFF, 0xFF, 0xFF, 0xFF, 0xFF, 0xFF, 0xFF, 0xFF, 0xFF, 0xFF, 0xFF, 0xFF, 0xFF, 0xFF, 0xFF, 0xFF,
    0xFF, 0xFF, 0xFF, 0xFF, 0xFF, 0xFF, 0xFF, 0xFF, 0xFF, 0xFF, 0xFF, 0xFF, 0xFF, 0xFF, 0xFF, 0xFF,
    0xFF, 0xFF, 0xFF, 0xFF, 0xFF, 0xFF, 0xFF, 0xFF, 0xFF, 0xFF, 0xFF, 0xFF, 0xFF, 0xFF, 0xFF, 0xFF,
    0xFF, 0xFF, 0xFF, 0xFF, 0xFF, 0xFF, 0xFF, 0xFF, 0xFF, 0xFF, 0xFF, 0xFF, 0xFF, 0xFF, 0xFF, 0xFF,
    0xFF, 0xFF, 0xFF, 0xFF, 0xFF, 0xFF, 0xFF, 0xFF, 0xFF, 0xFF, 0xFF, 0xFF, 0xFF, 0xFF, 0xFF, 0xFF,
    0xFF, 0xFF, 0xFF, 0xFF, 0xFF, 0xFF, 0xFF, 0xFF, 0xFF, 0xFF, 0xFF, 0xFF, 0xFF, 0xFF, 0xFF, 0xFF,
    0xFF, 0xFF, 0xFF, 0xFF, 0xFF, 0xFF, 0xFF, 0xFF, 0xFF, 0xFF, 0xFF, 0xFF, 0xFF, 0xFF, 0xFF, 0xFF,
    0xFF, 0xFF, 0xFF, 0xFF, 0xFF, 0xFF, 0xFF, 0xFF, 0xFF, 0xFF, 0xFF, 0xFF, 0xFF, 0xFF, 0xFF, 0xFF,
    0xFF, 0xFF, 0xFF, 0xFF, 0xFF, 0xFF, 0xFF, 0xFF, 0xFF, 0xFF, 0xFF, 0xFF, 0xFF, 0xFF, 0xFF, 0xFF,
    0xFF, 0xFF, 0xFF, 0xFF, 0xFF, 0xFF, 0xFF, 0xFF, 0xFF, 0xFF, 0xFF, 0xFF, 0xFF, 0xFF, 0xFF, 0xFF,
    0xFF, 0xFF, 0xFF, 0xFF, 0xFF, 0xFF, 0xFF, 0xFF, 0xFF, 0xFF, 0xFF, 0xFF, 0xFF, 0xFF, 0xFF, 0xFF,
    0xFF, 0xFF, 0xFF, 0xFF, 0xFF, 0xFF, 0xFF, 0xFF, 0xFF, 0xFF, 0xFF, 0xFF, 0xFF, 0xFF, 0xFF, 0xFF,
    0xFF, 0xFF, 0xFF, 0xFF, 0xFF, 0xFF, 0xFF, 0xFF, 0xFF, 0xFF, 0xFF, 0xFF, 0xFF, 0xFF, 0xFF, 0xFF,
    0xFF, 0xFF, 0xFF, 0xFF, 0xFF, 0xFF, 0xFF, 0xFF, 0xFF, 0xFF, 0xFF, 0xFF, 0xFF, 0xFF, 0xFF, 0xFF,
    0xFF, 0xFF, 0xFF, 0xFF, 0xFF, 0xFF, 0xFF, 0xFF, 0xFF, 0xFF, 0xFF, 0xFF, 0xFF, 0xFF, 0xFF, 0xFF,
    0xFF, 0xFF, 0xFF, 0xFF, 0xFF, 0xFF, 0xFF, 0xFF, 0xFF, 0xFF, 0xFF, 0xFF, 0xFF, 0xFF, 0xFF, 0xFF,
    0xFF, 0xFF, 0xFF, 0xFF, 0xFF, 0xFF, 0xFF, 0xFF, 0xFF, 0xFF, 0xFF, 0xFF, 0xFF, 0xFF, 0xFF, 0xFF,
    0xFF, 0xFF, 0xFF, 0xFF, 0xFF, 0xFF, 0xFF, 0xFF, 0xFF, 0xFF, 0xFF, 0xFF, 0xFF, 0xFF, 0xFF, 0xFF,
    0xFF, 0xFF, 0xFF, 0xFF, 0xFF, 0xFF, 0xFF, 0xFF, 0xFF, 0xFF, 0xFF, 0xFF, 0xFF, 0xFF, 0xFF, 0xFF,
    0xFF, 0xFF, 0xFF, 0xFF, 0xFF, 0xFF, 0xFF, 0xFF, 0xFF, 0xFF, 0xFF, 0xFF, 0xFF, 0xFF, 0xFF, 0xFF,
    0xFF
]);